slab_id,mp_id,formula,crystal_id,miller_index,shift,num_atom,test,energy,surface_energy,converge
2934_0,mp-568544,Cs1 Cd1 Cl3,2934,111,0.25,20,0,na,,False
2934_1,mp-568544,Cs1 Cd1 Cl3,2934,110,0.25,15,0,na,0.03307862674348777,True
2934_2,mp-568544,Cs1 Cd1 Cl3,2934,100,0.25,10,0,na,0.00979164879452103,True
2934_3,mp-568544,Cs1 Cd1 Cl3,2934,221,0.125,30,0,na,,False
2934_4,mp-568544,Cs1 Cd1 Cl3,2934,211,0.125,60,0,na,0.027659063498290726,True
2934_5,mp-568544,Cs1 Cd1 Cl3,2934,210,0.125,30,0,na,0.014110351980251108,True
3081_0,mp-1079716,Y2 In2 Co4,3081,111,0.049848878925,32,0,na,,False
3081_1,mp-1079716,Y2 In2 Co4,3081,111,0.2192676407105903,32,0,na,0.09346718185040055,True
3081_2,mp-1079716,Y2 In2 Co4,3081,111,0.4194187617855903,32,0,na,0.09117678574105788,True
3081_3,mp-1079716,Y2 In2 Co4,3081,110,0.125,32,0,na,0.09588382784341169,True
3081_4,mp-1079716,Y2 In2 Co4,3081,101,0.1102836316736608,24,0,na,0.0916488084624064,True
3081_5,mp-1079716,Y2 In2 Co4,3081,101,0.2851325105986609,24,0,na,,False
3081_6,mp-1079716,Y2 In2 Co4,3081,101,0.3804301171394099,24,0,na,,False
3081_7,mp-1079716,Y2 In2 Co4,3081,101,0.5000000000000001,24,0,na,0.10425448595154592,True
3081_8,mp-1079716,Y2 In2 Co4,3081,100,0.2499999999999999,24,0,na,0.10591719859338494,True
3081_9,mp-1079716,Y2 In2 Co4,3081,011,0.049848878925,24,0,na,0.099626176102204,True
3081_10,mp-1079716,Y2 In2 Co4,3081,011,0.1304301171394097,24,0,na,0.08926525799017043,True
3081_11,mp-1079716,Y2 In2 Co4,3081,011,0.3158648698880704,24,0,na,,False
3081_12,mp-1079716,Y2 In2 Co4,3081,011,0.4852836316736607,24,0,na,0.11300018320641884,True
3081_13,mp-1079716,Y2 In2 Co4,3081,010,0.125,16,0,na,0.08643106898315935,True
3081_14,mp-1079716,Y2 In2 Co4,3081,001,0.0444187617855903,16,0,na,0.13895550677021962,True
3081_15,mp-1079716,Y2 In2 Co4,3081,001,0.1841351301119295,16,0,na,0.10170603863227855,True
3081_16,mp-1079716,Y2 In2 Co4,3081,001,0.3145652472513393,16,0,na,0.08068236169914665,True
3081_17,mp-1079716,Y2 In2 Co4,3081,001,0.5,16,0,na,0.06286111594110112,True
3081_18,mp-1079716,Y2 In2 Co4,3081,221,0.0375755605375001,64,0,na,0.09173931017432259,True
3081_19,mp-1079716,Y2 In2 Co4,3081,221,0.0927173763743305,64,0,na,,False
3081_20,mp-1079716,Y2 In2 Co4,3081,221,0.1579324349440353,64,0,na,,False
3081_21,mp-1079716,Y2 In2 Co4,3081,221,0.2500000000000001,64,0,na,,False
3081_22,mp-1079716,Y2 In2 Co4,3081,212,0.0180812382144099,64,0,na,,False
3081_23,mp-1079716,Y2 In2 Co4,3081,212,0.0658648698880708,64,0,na,0.07597806202214492,True
3081_24,mp-1079716,Y2 In2 Co4,3081,212,0.1727836316736608,64,0,na,0.0828311415142647,True
3081_25,mp-1079716,Y2 In2 Co4,3081,211,0.0249244394625001,96,0,na,,False
3081_26,mp-1079716,Y2 In2 Co4,3081,211,0.0652150585697051,96,0,na,,False
3081_27,mp-1079716,Y2 In2 Co4,3081,211,0.165290619107205,96,0,na,,False
3081_28,mp-1079716,Y2 In2 Co4,3081,210,0.0625,48,0,na,0.09008018719696054,True
3081_29,mp-1079716,Y2 In2 Co4,3081,201,0.0222093808927952,48,0,na,0.10699734628898958,True
3081_30,mp-1079716,Y2 In2 Co4,3081,201,0.0920675650559649,48,0,na,0.1032831464520656,True
3081_31,mp-1079716,Y2 In2 Co4,3081,201,0.1572826236256697,48,0,na,0.09936447652076305,True
3081_32,mp-1079716,Y2 In2 Co4,3081,201,0.25,48,0,na,0.09881797928002327,True
3081_33,mp-1079716,Y2 In2 Co4,3081,122,0.04441876178559,48,0,na,0.08016463565310879,True
3081_34,mp-1079716,Y2 In2 Co4,3081,122,0.1547023934592508,48,0,na,,False
3081_35,mp-1079716,Y2 In2 Co4,3081,122,0.2499999999999999,48,0,na,0.0827601529615426,True
3081_36,mp-1079716,Y2 In2 Co4,3081,121,0.0222093808927952,48,0,na,,False
3081_37,mp-1079716,Y2 In2 Co4,3081,121,0.0597849414302952,48,0,na,0.09320570446966721,True
3081_38,mp-1079716,Y2 In2 Co4,3081,121,0.1074337447006695,48,0,na,0.09073701659673189,True
3081_39,mp-1079716,Y2 In2 Co4,3081,121,0.2499999999999999,48,0,na,0.0897643172246669,True
3081_40,mp-1079716,Y2 In2 Co4,3081,120,0.125,48,0,na,0.07731831684648045,True
3081_41,mp-1079716,Y2 In2 Co4,3081,112,0.0772163683263391,48,0,na,,False
3081_42,mp-1079716,Y2 In2 Co4,3081,112,0.1841351301119295,48,0,na,,False
3081_43,mp-1079716,Y2 In2 Co4,3081,112,0.2319187617855903,48,0,na,,False
3081_44,mp-1079716,Y2 In2 Co4,3081,102,0.0147163683263391,32,0,na,0.10064365405034106,True
3081_45,mp-1079716,Y2 In2 Co4,3081,102,0.0952976065407488,32,0,na,0.07770561534878954,True
3081_46,mp-1079716,Y2 In2 Co4,3081,102,0.2499999999999999,32,0,na,0.07784657603297464,True
3081_47,mp-1079716,Y2 In2 Co4,3081,021,0.0375755605374999,48,0,na,0.09321001864510421,True
3081_48,mp-1079716,Y2 In2 Co4,3081,021,0.0927173763743302,48,0,na,,False
3081_49,mp-1079716,Y2 In2 Co4,3081,021,0.1579324349440351,48,0,na,0.09300714997973426,True
3081_50,mp-1079716,Y2 In2 Co4,3081,021,0.25,48,0,na,0.09819733922242785,True
3081_51,mp-1079716,Y2 In2 Co4,3081,012,0.0180812382144096,32,0,na,,False
3081_52,mp-1079716,Y2 In2 Co4,3081,012,0.0658648698880703,32,0,na,0.06776209338323215,True
3081_53,mp-1079716,Y2 In2 Co4,3081,012,0.1601325105986608,32,0,na,0.08849877417658354,True
3081_54,mp-1079716,Y2 In2 Co4,3081,012,0.237348878925,32,0,na,0.07991915438099405,True
2942_0,mp-30592,Cu4 Ni8 Sn4,2942,111,0.125,48,0,na,0.09166759525476983,True
2942_1,mp-30592,Cu4 Ni8 Sn4,2942,111,0.375,48,0,na,0.09814300762825212,True
2942_2,mp-30592,Cu4 Ni8 Sn4,2942,110,0.25,48,0,na,0.0755061277509026,True
2942_3,mp-30592,Cu4 Ni8 Sn4,2942,100,0.125,32,0,na,0.10277022892661763,True
2942_4,mp-30592,Cu4 Ni8 Sn4,2942,221,0.0625,96,0,na,0.08837146970264347,True
2942_5,mp-30592,Cu4 Ni8 Sn4,2942,211,0.125,192,0,na,,False
2942_6,mp-30592,Cu4 Ni8 Sn4,2942,210,0.0625,64,0,na,0.09229312689462149,True
3091_0,mp-16358,Zn4 Ni8 Ge4,3091,111,0.125,48,0,na,0.07647431816057772,True
3091_1,mp-16358,Zn4 Ni8 Ge4,3091,111,0.375,48,0,na,0.08061804462382821,True
3091_2,mp-16358,Zn4 Ni8 Ge4,3091,110,0.25,48,0,na,0.05957887165483954,True
3091_3,mp-16358,Zn4 Ni8 Ge4,3091,100,0.125,32,0,na,0.09396341226419701,True
3091_4,mp-16358,Zn4 Ni8 Ge4,3091,221,0.0625,96,0,na,0.07235487536244088,True
3091_5,mp-16358,Zn4 Ni8 Ge4,3091,211,0.125,192,0,na,,False
3091_6,mp-16358,Zn4 Ni8 Ge4,3091,210,0.0625,64,0,na,0.07821144616743302,True
2923_0,mp-542065,Cd4 Ag4 Sb4,2923,111,0.125,36,0,na,0.04069455265806603,True
2923_1,mp-542065,Cd4 Ag4 Sb4,2923,111,0.375,36,0,na,0.03779166354584615,True
2923_2,mp-542065,Cd4 Ag4 Sb4,2923,111,0.75,36,0,na,0.0299394743706974,True
2923_3,mp-542065,Cd4 Ag4 Sb4,2923,110,0.25,36,0,na,0.02684449956025218,True
2923_4,mp-542065,Cd4 Ag4 Sb4,2923,100,0.125,24,0,na,0.034625528516109415,True
2923_5,mp-542065,Cd4 Ag4 Sb4,2923,221,0.0625,72,0,na,0.03094663778307755,True
2923_6,mp-542065,Cd4 Ag4 Sb4,2923,221,0.1875,72,0,na,0.029803332908491728,True
2923_7,mp-542065,Cd4 Ag4 Sb4,2923,211,0.1250000000000001,96,0,na,0.02847501627605354,True
2923_8,mp-542065,Cd4 Ag4 Sb4,2923,210,0.0625,48,0,na,0.02861517532119396,True
2980_0,mp-20567,Li4 Ga8 Ru4,2980,111,0.125,48,0,na,0.10962578827129578,True
2980_1,mp-20567,Li4 Ga8 Ru4,2980,111,0.375,48,0,na,0.05590559405393499,True
2980_2,mp-20567,Li4 Ga8 Ru4,2980,110,0.25,48,0,na,0.06190973850472731,True
2980_3,mp-20567,Li4 Ga8 Ru4,2980,100,0.125,32,0,na,0.09333037187522499,True
2980_4,mp-20567,Li4 Ga8 Ru4,2980,221,0.0625,96,0,na,0.07595794963452333,True
2980_5,mp-20567,Li4 Ga8 Ru4,2980,211,0.125,192,0,na,,False
2980_6,mp-20567,Li4 Ga8 Ru4,2980,210,0.0625,64,0,na,0.07866943719496164,True
2921_0,mp-568032,Cd1 In2 Se4,2921,111,0.3450895325464755,21,0,na,0.03248725339528005,True
2921_1,mp-568032,Cd1 In2 Se4,2921,111,0.727397578043891,21,0,na,0.03968879771917112,True
2921_2,mp-568032,Cd1 In2 Se4,2921,111,0.8823080454974155,21,0,na,0.060067258019924206,True
2921_3,mp-568032,Cd1 In2 Se4,2921,110,0.2273975780438909,21,0,na,0.030846413683414852,True
2921_4,mp-568032,Cd1 In2 Se4,2921,110,0.4773975780438909,21,0,na,0.05854227265864606,True
2921_5,mp-568032,Cd1 In2 Se4,2921,101,0.0186092564754699,21,0,na,0.04315810887200117,True
2921_6,mp-568032,Cd1 In2 Se4,2921,101,0.272602421956109,21,0,na,0.024686304571290608,True
2921_7,mp-568032,Cd1 In2 Se4,2921,100,0.1363012109780545,14,0,na,0.049745021832734077,True
2921_8,mp-568032,Cd1 In2 Se4,2921,100,0.3863012109780545,14,0,na,0.0359351718911898,True
2921_9,mp-568032,Cd1 In2 Se4,2921,001,0.1176919545025845,14,0,na,0.03635249519522869,True
2921_10,mp-568032,Cd1 In2 Se4,2921,001,0.3676919545025845,14,0,na,0.09280240007462918,True
2921_11,mp-568032,Cd1 In2 Se4,2921,221,0.0362435552951834,42,0,na,0.028047613943561547,True
2921_12,mp-568032,Cd1 In2 Se4,2921,221,0.1176919545025847,42,0,na,0.04247528404554225,True
2921_13,mp-568032,Cd1 In2 Se4,2921,221,0.2064483992074013,42,0,na,0.035602225565121444,True
2921_14,mp-568032,Cd1 In2 Se4,2921,221,0.3161540227487077,42,0,na,0.03755862088556181,True
2921_15,mp-568032,Cd1 In2 Se4,2921,221,0.4411540227487077,42,0,na,0.03491913316603207,True
2921_16,mp-568032,Cd1 In2 Se4,2921,212,0.0721437709696664,42,0,na,0.031666082659775295,True
2921_17,mp-568032,Cd1 In2 Se4,2921,212,0.1971437709696665,42,0,na,0.028000339168839986,True
2921_18,mp-568032,Cd1 In2 Se4,2921,212,0.2882401380355029,42,0,na,0.028588197636155888,True
2921_19,mp-568032,Cd1 In2 Se4,2921,212,0.3636987890219456,42,0,na,,False
2921_20,mp-568032,Cd1 In2 Se4,2921,212,0.450458650986443,42,0,na,,False
2921_21,mp-568032,Cd1 In2 Se4,2921,211,0.1136987890219456,84,0,na,,False
2921_22,mp-568032,Cd1 In2 Se4,2921,211,0.2273975780438911,84,0,na,,False
2921_23,mp-568032,Cd1 In2 Se4,2921,211,0.3823080454974157,84,0,na,,False
2921_24,mp-568032,Cd1 In2 Se4,2921,210,0.0455481835329182,28,0,na,0.03320696856644893,True
2921_25,mp-568032,Cd1 In2 Se4,2921,210,0.1136987890219455,28,0,na,0.04279121876023799,True
2921_26,mp-568032,Cd1 In2 Se4,2921,210,0.1931506054890272,28,0,na,0.033208837584119966,True
2921_27,mp-568032,Cd1 In2 Se4,2921,201,0.0548528117706532,28,0,na,0.03641575360069134,True
2921_28,mp-568032,Cd1 In2 Se4,2921,201,0.1323080454974156,28,0,na,0.03810104732330276,True
2921_29,mp-568032,Cd1 In2 Se4,2921,201,0.2024552337267623,28,0,na,0.034355378508659815,True
2921_30,mp-568032,Cd1 In2 Se4,2921,112,0.1363012109780543,42,0,na,0.04885147809023798,True
2921_31,mp-568032,Cd1 In2 Se4,2921,112,0.3636987890219455,42,0,na,0.027665282799962214,True
2921_32,mp-568032,Cd1 In2 Se4,2921,112,0.4853839090051691,42,0,na,0.041012733542368465,True
2921_33,mp-568032,Cd1 In2 Se4,2921,102,0.0495413490135572,28,0,na,0.04032168635365081,True
2921_34,mp-568032,Cd1 In2 Se4,2921,102,0.1136987890219454,28,0,na,0.04074188149515773,True
2921_35,mp-568032,Cd1 In2 Se4,2921,102,0.189157440008388,28,0,na,0.031910347085963554,True
3042_0,mp-21118,Sr2 Mn4 Ge4,3042,111,0.0667739659707564,40,0,na,0.08268549344483775,True
3042_1,mp-21118,Sr2 Mn4 Ge4,3042,111,0.1917739659707564,40,0,na,0.07513314353667867,True
3042_2,mp-21118,Sr2 Mn4 Ge4,3042,110,0.25,40,0,na,0.07796866960210008,True
3042_3,mp-21118,Sr2 Mn4 Ge4,3042,101,0.125,30,0,na,0.07531381615048181,True
3042_4,mp-21118,Sr2 Mn4 Ge4,3042,101,0.3082260340292435,30,0,na,0.10999543672111058,True
3042_5,mp-21118,Sr2 Mn4 Ge4,3042,101,0.4999999999999999,30,0,na,0.07080495179772833,True
3042_6,mp-21118,Sr2 Mn4 Ge4,3042,100,0.25,30,0,na,0.07721870281082746,True
3042_7,mp-21118,Sr2 Mn4 Ge4,3042,001,0.0667739659707564,10,0,na,,False
3042_8,mp-21118,Sr2 Mn4 Ge4,3042,001,0.1917739659707564,10,0,na,0.12224802384658974,True
3042_9,mp-21118,Sr2 Mn4 Ge4,3042,221,0.0333869829853782,80,0,na,,False
3042_10,mp-21118,Sr2 Mn4 Ge4,3042,221,0.0958869829853782,80,0,na,,False
3042_11,mp-21118,Sr2 Mn4 Ge4,3042,212,0.0582260340292437,60,0,na,0.08156611664445793,True
3042_12,mp-21118,Sr2 Mn4 Ge4,3042,211,0.0625000000000001,120,0,na,,False
3042_13,mp-21118,Sr2 Mn4 Ge4,3042,211,0.154113017014622,120,0,na,,False
3042_14,mp-21118,Sr2 Mn4 Ge4,3042,211,0.2500000000000001,120,0,na,,False
3042_15,mp-21118,Sr2 Mn4 Ge4,3042,210,0.125,60,0,na,0.08423597875163316,True
3042_16,mp-21118,Sr2 Mn4 Ge4,3042,201,0.0333869829853782,60,0,na,0.0761377838486206,True
3042_17,mp-21118,Sr2 Mn4 Ge4,3042,201,0.0958869829853782,60,0,na,0.08737093862666592,True
3042_18,mp-21118,Sr2 Mn4 Ge4,3042,112,0.1335479319415128,40,0,na,0.0807643196733826,True
3042_19,mp-21118,Sr2 Mn4 Ge4,3042,112,0.4999999999999999,40,0,na,0.06999712762127681,True
3042_20,mp-21118,Sr2 Mn4 Ge4,3042,102,0.116452068058487,40,0,na,,False
3042_21,mp-21118,Sr2 Mn4 Ge4,3042,102,0.2499999999999999,40,0,na,0.0632999700449081,True
3096_0,mp-22580,Zr4 Ga4 Ni8,3096,111,0.1250000000000004,48,0,na,0.11990682341150306,True
3096_1,mp-22580,Zr4 Ga4 Ni8,3096,111,0.3750000000000004,48,0,na,0.11411952046827062,True
3096_2,mp-22580,Zr4 Ga4 Ni8,3096,110,0.25,48,0,na,0.09558063594528116,True
3096_3,mp-22580,Zr4 Ga4 Ni8,3096,100,0.1249999999999999,32,0,na,0.1195970689707865,True
3096_4,mp-22580,Zr4 Ga4 Ni8,3096,221,0.0625,96,0,na,,False
3096_5,mp-22580,Zr4 Ga4 Ni8,3096,211,0.125,192,0,na,,False
3096_6,mp-22580,Zr4 Ga4 Ni8,3096,210,0.0625,64,0,na,0.11542839080468863,True
3024_0,mp-1078089,Pd9 Pb6 Se6,3024,111,0.0595024858833377,84,0,na,0.04329308878657344,True
3024_1,mp-1078089,Pd9 Pb6 Se6,3024,111,0.1428358192166711,84,0,na,0.04261994694909248,True
3024_2,mp-1078089,Pd9 Pb6 Se6,3024,110,0.25,84,0,na,0.04309459174257117,True
3024_3,mp-1078089,Pd9 Pb6 Se6,3024,101,0.1071641807833289,63,0,na,0.0414840553011689,True
3024_4,mp-1078089,Pd9 Pb6 Se6,3024,101,0.3571641807833288,63,0,na,0.0500797102024621,True
3024_5,mp-1078089,Pd9 Pb6 Se6,3024,100,0.0833333333333332,42,0,na,0.04410216001940192,True
3024_6,mp-1078089,Pd9 Pb6 Se6,3024,10-1,0.0595024858833378,63,0,na,0.0379986991247614,True
3024_7,mp-1078089,Pd9 Pb6 Se6,3024,10-1,0.1428358192166712,63,0,na,0.046226155035469715,True
3024_8,mp-1078089,Pd9 Pb6 Se6,3024,221,0.0297512429416688,168,0,na,,False
3024_9,mp-1078089,Pd9 Pb6 Se6,3024,212,0.0238308474499953,126,0,na,,False
3024_10,mp-1078089,Pd9 Pb6 Se6,3024,212,0.065497514116662,126,0,na,,False
3024_11,mp-1078089,Pd9 Pb6 Se6,3024,211,0.0535820903916643,252,0,na,,False
3024_12,mp-1078089,Pd9 Pb6 Se6,3024,211,0.1785820903916641,252,0,na,,False
3024_13,mp-1078089,Pd9 Pb6 Se6,3024,210,0.0416666666666667,126,0,na,,False
3024_14,mp-1078089,Pd9 Pb6 Se6,3024,21-1,0.0535820903916644,252,0,na,,False
3024_15,mp-1078089,Pd9 Pb6 Se6,3024,21-2,0.1071641807833289,126,0,na,,False
3024_16,mp-1078089,Pd9 Pb6 Se6,3024,21-2,0.2321641807833289,126,0,na,,False
3024_17,mp-1078089,Pd9 Pb6 Se6,3024,201,0.0297512429416688,84,0,na,0.045798456929987276,True
3024_18,mp-1078089,Pd9 Pb6 Se6,3024,201,0.0714179096083353,84,0,na,0.04328687163814786,True
3024_19,mp-1078089,Pd9 Pb6 Se6,3024,20-1,0.0535820903916645,84,0,na,0.04999381560167276,True
3024_20,mp-1078089,Pd9 Pb6 Se6,3024,20-1,0.1785820903916644,84,0,na,0.03721549586235757,True
3024_21,mp-1078089,Pd9 Pb6 Se6,3024,2-12,0.0238308474499956,84,0,na,0.042079860502692475,True
3024_22,mp-1078089,Pd9 Pb6 Se6,3024,2-12,0.0654975141166623,84,0,na,0.04288206857414572,True
3024_23,mp-1078089,Pd9 Pb6 Se6,3024,102,0.047661694899991,63,0,na,0.042964593585923576,True
3024_24,mp-1078089,Pd9 Pb6 Se6,3024,102,0.1309950282333243,63,0,na,0.04595326837940368,True
3024_25,mp-1078089,Pd9 Pb6 Se6,3024,10-2,0.2143283615666578,63,0,na,0.04005297679862454,True
3024_26,mp-1078089,Pd9 Pb6 Se6,3024,10-2,0.4643283615666578,63,0,na,0.06042495380703229,True
2986_0,mp-4083,Mg2 Cu2 As2,2986,111,0.0905783332697196,24,0,na,0.05449295659362156,True
2986_1,mp-4083,Mg2 Cu2 As2,2986,111,0.2132572313355354,24,0,na,0.07328555102832285,True
2986_2,mp-4083,Mg2 Cu2 As2,2986,111,0.5,24,0,na,0.03576263751528191,True
2986_3,mp-4083,Mg2 Cu2 As2,2986,110,0.25,24,0,na,0.04318308514965932,True
2986_4,mp-4083,Mg2 Cu2 As2,2986,101,0.0905783332697196,18,0,na,0.06467901841316673,True
2986_5,mp-4083,Mg2 Cu2 As2,2986,101,0.25,18,0,na,0.0465164242540542,True
2986_6,mp-4083,Mg2 Cu2 As2,2986,101,0.6273211019341842,18,0,na,0.08321070360268855,True
2986_7,mp-4083,Mg2 Cu2 As2,2986,100,0.25,18,0,na,0.048140387509893294,True
2986_8,mp-4083,Mg2 Cu2 As2,2986,001,0.1273211019341842,12,0,na,0.0737732060338529,True
2986_9,mp-4083,Mg2 Cu2 As2,2986,001,0.2867427686644646,12,0,na,0.0969203916044409,True
2986_10,mp-4083,Mg2 Cu2 As2,2986,001,0.5,12,0,na,0.03467624795841863,True
2986_11,mp-4083,Mg2 Cu2 As2,2986,221,0.0636605509670921,48,0,na,0.04020319559969774,True
2986_12,mp-4083,Mg2 Cu2 As2,2986,221,0.25,48,0,na,0.048683240915654014,True
2986_13,mp-4083,Mg2 Cu2 As2,2986,212,0.0321005647960961,48,0,na,0.050298762779245214,True
2986_14,mp-4083,Mg2 Cu2 As2,2986,212,0.125,48,0,na,0.05091434027178023,True
2986_15,mp-4083,Mg2 Cu2 As2,2986,212,0.375,48,0,na,0.052401080749279225,True
2986_16,mp-4083,Mg2 Cu2 As2,2986,211,0.0636605509670921,72,0,na,0.05943056540847137,True
2986_17,mp-4083,Mg2 Cu2 As2,2986,211,0.2952891666348598,72,0,na,0.05577200103464335,True
2986_18,mp-4083,Mg2 Cu2 As2,2986,211,0.375,72,0,na,0.04446836113283121,True
2986_19,mp-4083,Mg2 Cu2 As2,2986,210,0.1249999999999999,36,0,na,0.04784852516380631,True
2986_20,mp-4083,Mg2 Cu2 As2,2986,201,0.0636605509670921,36,0,na,0.05961884284647093,True
2986_21,mp-4083,Mg2 Cu2 As2,2986,201,0.1433713843322323,36,0,na,0.05534337061767356,True
2986_22,mp-4083,Mg2 Cu2 As2,2986,201,0.25,36,0,na,0.0579728993553203,True
2986_23,mp-4083,Mg2 Cu2 As2,2986,112,0.0367427686644643,36,0,na,0.058300382145147114,True
2986_24,mp-4083,Mg2 Cu2 As2,2986,112,0.2499999999999997,36,0,na,0.0401733999996985,True
2986_25,mp-4083,Mg2 Cu2 As2,2986,102,0.1249999999999998,36,0,na,0.05014922719654408,True
2986_26,mp-4083,Mg2 Cu2 As2,2986,102,0.2821005647960961,36,0,na,0.06429835925332623,True
2986_27,mp-4083,Mg2 Cu2 As2,2986,102,0.3749999999999999,36,0,na,0.0701392499110559,True
2892_0,mp-9579,Al4 Tl4 Se8,2892,111,0.093057503722338,48,0,na,0.02908955529674956,True
2892_1,mp-9579,Al4 Tl4 Se8,2892,111,0.218057503722338,48,0,na,0.03805863297839567,True
2892_2,mp-9579,Al4 Tl4 Se8,2892,110,0.093057503722338,32,0,na,0.0246085527560584,True
2892_3,mp-9579,Al4 Tl4 Se8,2892,110,0.343057503722338,32,0,na,0.058680024654145964,True
2892_4,mp-9579,Al4 Tl4 Se8,2892,101,0.0,32,0,na,0.02174560042069951,True
2892_5,mp-9579,Al4 Tl4 Se8,2892,101,0.2034712481388311,32,0,na,0.04192052200383213,True
2892_6,mp-9579,Al4 Tl4 Se8,2892,100,0.078471248138831,32,0,na,0.08879926327238166,True
2892_7,mp-9579,Al4 Tl4 Se8,2892,100,0.25,32,0,na,0.007801630653323527,True
2892_8,mp-9579,Al4 Tl4 Se8,2892,001,0.125,32,0,na,0.057485726198352786,True
2892_9,mp-9579,Al4 Tl4 Se8,2892,221,0.0319424962776619,64,0,na,,False
2892_10,mp-9579,Al4 Tl4 Se8,2892,221,0.0944424962776619,64,0,na,,False
2892_11,mp-9579,Al4 Tl4 Se8,2892,212,0.0319424962776622,96,0,na,,False
2892_12,mp-9579,Al4 Tl4 Se8,2892,212,0.1250000000000002,96,0,na,,False
2892_13,mp-9579,Al4 Tl4 Se8,2892,211,2.220446049250313e-16,128,0,na,,False
2892_14,mp-9579,Al4 Tl4 Se8,2892,211,0.1482643759305847,128,0,na,,False
2892_15,mp-9579,Al4 Tl4 Se8,2892,211,0.2034712481388312,128,0,na,,False
2892_16,mp-9579,Al4 Tl4 Se8,2892,211,0.2500000000000002,128,0,na,,False
2892_17,mp-9579,Al4 Tl4 Se8,2892,210,0.0072931277917535,64,0,na,,False
2892_18,mp-9579,Al4 Tl4 Se8,2892,210,0.046528751861169,64,0,na,,False
2892_19,mp-9579,Al4 Tl4 Se8,2892,210,0.125,64,0,na,0.03258840990881282,True
2892_20,mp-9579,Al4 Tl4 Se8,2892,201,0.0,64,0,na,0.014346881057703806,True
2892_21,mp-9579,Al4 Tl4 Se8,2892,201,0.109028751861169,64,0,na,,False
2892_22,mp-9579,Al4 Tl4 Se8,2892,112,0.0465287518611691,64,0,na,,False
2892_23,mp-9579,Al4 Tl4 Se8,2892,112,0.1715287518611691,64,0,na,0.036660063088371435,True
2892_24,mp-9579,Al4 Tl4 Se8,2892,102,0.0392356240694156,64,0,na,,False
2892_25,mp-9579,Al4 Tl4 Se8,2892,102,0.125,64,0,na,,False
2938_0,mp-23037,Cs1 Pb1 Cl3,2938,111,0.25,20,0,na,,False
2938_1,mp-23037,Cs1 Pb1 Cl3,2938,110,0.25,15,0,na,,False
2938_2,mp-23037,Cs1 Pb1 Cl3,2938,100,0.25,10,0,na,,False
2938_3,mp-23037,Cs1 Pb1 Cl3,2938,221,0.125,30,0,na,,False
2938_4,mp-23037,Cs1 Pb1 Cl3,2938,211,0.125,60,0,na,,False
2938_5,mp-23037,Cs1 Pb1 Cl3,2938,210,0.125,20,0,na,,False
2906_0,mp-31406,Bi6 Te3 Se6,2906,111,0.0336498310567402,75,0,na,0.0228605343618928,True
2906_1,mp-31406,Bi6 Te3 Se6,2906,111,0.0912143997426087,75,0,na,,False
2906_2,mp-31406,Bi6 Te3 Se6,2906,111,0.1666666666666666,75,0,na,0.024285111378747407,True
2906_3,mp-31406,Bi6 Te3 Se6,2906,110,0.5,75,0,na,0.023755762152871934,True
2906_4,mp-31406,Bi6 Te3 Se6,2906,101,0.1091020979807981,45,0,na,0.0231554910583646,True
2906_5,mp-31406,Bi6 Te3 Se6,2906,101,0.3094185957042049,45,0,na,0.04953505550168954,True
2906_6,mp-31406,Bi6 Te3 Se6,2906,101,0.4999999999999998,45,0,na,0.02350935017749745,True
2906_7,mp-31406,Bi6 Te3 Se6,2906,100,0.1666666666666666,45,0,na,0.028767817740836945,True
2906_8,mp-31406,Bi6 Te3 Se6,2906,10-1,0.0336498310567401,45,0,na,0.03135920613906278,True
2906_9,mp-31406,Bi6 Te3 Se6,2906,10-1,0.0912143997426086,45,0,na,0.027505246028599283,True
2906_10,mp-31406,Bi6 Te3 Se6,2906,10-1,0.1666666666666666,45,0,na,0.028644005636275772,True
2906_11,mp-31406,Bi6 Te3 Se6,2906,001,0.0336498310567402,15,0,na,0.05557575548645878,True
2906_12,mp-31406,Bi6 Te3 Se6,2906,001,0.0912143997426086,15,0,na,,False
2906_13,mp-31406,Bi6 Te3 Se6,2906,001,0.1666666666666666,15,0,na,0.000881577521791602,True
2906_14,mp-31406,Bi6 Te3 Se6,2906,221,0.0833333333333332,150,0,na,,False
2906_15,mp-31406,Bi6 Te3 Se6,2906,221,0.3075645686858683,150,0,na,,False
2906_16,mp-31406,Bi6 Te3 Se6,2906,212,0.0257687646474651,120,0,na,,False
2906_17,mp-31406,Bi6 Te3 Se6,2906,212,0.1091020979807985,120,0,na,,False
2906_18,mp-31406,Bi6 Te3 Se6,2906,211,0.054551048990399,240,0,na,,False
2906_19,mp-31406,Bi6 Te3 Se6,2906,211,0.1547092978521025,240,0,na,,False
2906_20,mp-31406,Bi6 Te3 Se6,2906,211,0.25,240,0,na,,False
2906_21,mp-31406,Bi6 Te3 Se6,2906,210,0.0833333333333332,120,0,na,,False
2906_22,mp-31406,Bi6 Te3 Se6,2906,21-1,0.0257687646474646,240,0,na,,False
2906_23,mp-31406,Bi6 Te3 Se6,2906,21-2,0.0496835022765931,120,0,na,,False
2906_24,mp-31406,Bi6 Te3 Se6,2906,21-2,0.1587856002573912,120,0,na,,False
2906_25,mp-31406,Bi6 Te3 Se6,2906,21-2,0.25,120,0,na,0.018652252738297664,True
2906_26,mp-31406,Bi6 Te3 Se6,2906,201,0.0287822843429341,90,0,na,,False
2906_27,mp-31406,Bi6 Te3 Se6,2906,201,0.0833333333333332,90,0,na,,False
2906_28,mp-31406,Bi6 Te3 Se6,2906,20-1,0.0545510489903991,90,0,na,,False
2906_29,mp-31406,Bi6 Te3 Se6,2906,20-1,0.1547092978521024,90,0,na,,False
2906_30,mp-31406,Bi6 Te3 Se6,2906,20-1,0.2499999999999999,90,0,na,,False
2906_31,mp-31406,Bi6 Te3 Se6,2906,2-12,0.0257687646474649,90,0,na,0.02249873183584867,True
2906_32,mp-31406,Bi6 Te3 Se6,2906,2-12,0.0833333333333334,90,0,na,,False
2906_33,mp-31406,Bi6 Te3 Se6,2906,102,0.0515375292949298,45,0,na,0.038618650604338285,True
2906_34,mp-31406,Bi6 Te3 Se6,2906,102,0.11883719140841,45,0,na,,False
2906_35,mp-31406,Bi6 Te3 Se6,2906,102,0.1666666666666665,45,0,na,0.04231269413836935,True
2906_36,mp-31406,Bi6 Te3 Se6,2906,10-2,0.0993670045531863,45,0,na,0.02341806440330562,True
2906_37,mp-31406,Bi6 Te3 Se6,2906,10-2,0.3175712005147827,45,0,na,0.031295963231379564,True
2906_38,mp-31406,Bi6 Te3 Se6,2906,10-2,0.5000000000000001,45,0,na,0.01991506901888008,True
2950_0,mp-1070907,Hf2 Sb3 Pd1,2950,111,0.0606538788503001,24,0,na,0.06493010042652446,True
2950_1,mp-1070907,Hf2 Sb3 Pd1,2950,111,0.1802622982778802,24,0,na,0.058524398013403076,True
2950_2,mp-1070907,Hf2 Sb3 Pd1,2950,111,0.5,24,0,na,0.05804991363495555,True
2950_3,mp-1070907,Hf2 Sb3 Pd1,2950,110,0.2499999999999999,24,0,na,0.05845395155888332,True
2950_4,mp-1070907,Hf2 Sb3 Pd1,2950,101,0.1303915805724199,18,0,na,0.08964081277071567,True
2950_5,mp-1070907,Hf2 Sb3 Pd1,2950,101,0.3803915805724199,18,0,na,0.0896006712408517,True
2950_6,mp-1070907,Hf2 Sb3 Pd1,2950,101,0.5606538788503002,18,0,na,0.07978640280226049,True
2950_7,mp-1070907,Hf2 Sb3 Pd1,2950,101,0.75,18,0,na,0.06675799060295498,True
2950_8,mp-1070907,Hf2 Sb3 Pd1,2950,101,0.9393461211496998,18,0,na,0.0758782523373621,True
2950_9,mp-1070907,Hf2 Sb3 Pd1,2950,100,0.25,18,0,na,0.07359243596859065,True
2950_10,mp-1070907,Hf2 Sb3 Pd1,2950,001,0.1303915805724199,12,0,na,0.061888516366606666,True
2950_11,mp-1070907,Hf2 Sb3 Pd1,2950,001,0.3197377017221198,12,0,na,,False
2950_12,mp-1070907,Hf2 Sb3 Pd1,2950,001,0.5,12,0,na,0.04670915059993587,True
2950_13,mp-1070907,Hf2 Sb3 Pd1,2950,221,0.06519579028621,48,0,na,0.05927453594593474,True
2950_14,mp-1070907,Hf2 Sb3 Pd1,2950,221,0.15986885086106,48,0,na,0.0706131758657083,True
2950_15,mp-1070907,Hf2 Sb3 Pd1,2950,221,0.2500000000000001,48,0,na,0.06380010315563887,True
2950_16,mp-1070907,Hf2 Sb3 Pd1,2950,212,0.125,48,0,na,0.07240310346659641,True
2950_17,mp-1070907,Hf2 Sb3 Pd1,2950,212,0.3106538788503001,48,0,na,0.07067455798436283,True
2950_18,mp-1070907,Hf2 Sb3 Pd1,2950,212,0.4356538788503002,48,0,na,0.06538716917977086,True
2950_19,mp-1070907,Hf2 Sb3 Pd1,2950,211,0.03032693942515,72,0,na,0.06743312914202895,True
2950_20,mp-1070907,Hf2 Sb3 Pd1,2950,211,0.1250000000000001,72,0,na,0.06941017578043006,True
2950_21,mp-1070907,Hf2 Sb3 Pd1,2950,211,0.21967306057485,72,0,na,0.07378629653194738,True
2950_22,mp-1070907,Hf2 Sb3 Pd1,2950,211,0.31519579028621,72,0,na,0.07085955330650885,True
2950_23,mp-1070907,Hf2 Sb3 Pd1,2950,211,0.44019579028621,72,0,na,0.07120782597390433,True
2950_24,mp-1070907,Hf2 Sb3 Pd1,2950,210,0.1249999999999999,36,0,na,0.0698407247824174,True
2950_25,mp-1070907,Hf2 Sb3 Pd1,2950,201,0.0651957902862099,36,0,na,0.079631690372009,True
2950_26,mp-1070907,Hf2 Sb3 Pd1,2950,201,0.15986885086106,36,0,na,0.07762399405702142,True
2950_27,mp-1070907,Hf2 Sb3 Pd1,2950,201,0.2500000000000001,36,0,na,0.0811496290949445,True
2950_28,mp-1070907,Hf2 Sb3 Pd1,2950,201,0.3401311491389401,36,0,na,0.07687031970289547,True
2950_29,mp-1070907,Hf2 Sb3 Pd1,2950,201,0.4348042097137901,36,0,na,0.07654826606357276,True
2950_30,mp-1070907,Hf2 Sb3 Pd1,2950,112,0.1286922422993998,30,0,na,0.06980423928617432,True
2950_31,mp-1070907,Hf2 Sb3 Pd1,2950,112,0.5000000000000001,30,0,na,0.05977017242348183,True
2950_32,mp-1070907,Hf2 Sb3 Pd1,2950,102,0.1213077577006002,24,0,na,0.08481942691276217,True
2950_33,mp-1070907,Hf2 Sb3 Pd1,2950,102,0.3713077577006002,24,0,na,0.0804157280701171,True
2950_34,mp-1070907,Hf2 Sb3 Pd1,2950,102,0.75,24,0,na,0.06564467145089803,True
3098_0,mp-571310,Zr4 In4 Pt8,3098,111,0.125,48,0,na,0.07931337873892771,True
3098_1,mp-571310,Zr4 In4 Pt8,3098,111,0.375,48,0,na,0.08483606446909274,True
3098_2,mp-571310,Zr4 In4 Pt8,3098,110,0.25,48,0,na,0.0714277166453248,True
3098_3,mp-571310,Zr4 In4 Pt8,3098,100,0.125,32,0,na,0.10215871406360574,True
3098_4,mp-571310,Zr4 In4 Pt8,3098,221,0.0625,96,0,na,,False
3098_5,mp-571310,Zr4 In4 Pt8,3098,211,0.1250000000000003,128,0,na,0.07851856277135079,True
3098_6,mp-571310,Zr4 In4 Pt8,3098,210,0.0625,64,0,na,0.08847239719859538,True
3067_0,mp-9580,Tl4 Ga4 Se8,3067,111,0.0907893825566819,48,0,na,0.02113363075235773,True
3067_1,mp-9580,Tl4 Ga4 Se8,3067,111,0.2157893825566819,48,0,na,0.027714283614979195,True
3067_2,mp-9580,Tl4 Ga4 Se8,3067,110,0.0907893825566819,32,0,na,0.023523441084531308,True
3067_3,mp-9580,Tl4 Ga4 Se8,3067,110,0.3407893825566819,32,0,na,0.049420072989973154,True
3067_4,mp-9580,Tl4 Ga4 Se8,3067,101,0.0,32,0,na,0.01703242841034072,True
3067_5,mp-9580,Tl4 Ga4 Se8,3067,101,0.204605308721659,32,0,na,0.03503051508531496,True
3067_6,mp-9580,Tl4 Ga4 Se8,3067,100,0.079605308721659,32,0,na,0.056752231972302926,True
3067_7,mp-9580,Tl4 Ga4 Se8,3067,100,0.25,32,0,na,0.007823147417596876,True
3067_8,mp-9580,Tl4 Ga4 Se8,3067,001,0.125,32,0,na,0.051564649865766844,True
3067_9,mp-9580,Tl4 Ga4 Se8,3067,221,0.0342106174433181,64,0,na,,False
3067_10,mp-9580,Tl4 Ga4 Se8,3067,221,0.0967106174433181,64,0,na,,False
3067_11,mp-9580,Tl4 Ga4 Se8,3067,212,0.0342106174433181,96,0,na,,False
3067_12,mp-9580,Tl4 Ga4 Se8,3067,212,0.1249999999999998,96,0,na,,False
3067_13,mp-9580,Tl4 Ga4 Se8,3067,211,0.0,128,0,na,,False
3067_14,mp-9580,Tl4 Ga4 Se8,3067,211,0.1476973456391704,128,0,na,,False
3067_15,mp-9580,Tl4 Ga4 Se8,3067,211,0.2046053087216589,128,0,na,,False
3067_16,mp-9580,Tl4 Ga4 Se8,3067,211,0.2499999999999999,128,0,na,,False
3067_17,mp-9580,Tl4 Ga4 Se8,3067,210,0.0453946912783409,64,0,na,,False
3067_18,mp-9580,Tl4 Ga4 Se8,3067,210,0.125,64,0,na,0.02779039944488604,True
3067_19,mp-9580,Tl4 Ga4 Se8,3067,201,0.1078946912783409,64,0,na,,False
3067_20,mp-9580,Tl4 Ga4 Se8,3067,201,0.25,64,0,na,0.011411761524619077,True
3067_21,mp-9580,Tl4 Ga4 Se8,3067,112,0.0453946912783411,64,0,na,,False
3067_22,mp-9580,Tl4 Ga4 Se8,3067,112,0.1703946912783411,64,0,na,,False
3067_23,mp-9580,Tl4 Ga4 Se8,3067,102,0.0398026543608297,64,0,na,,False
3067_24,mp-9580,Tl4 Ga4 Se8,3067,102,0.1250000000000002,64,0,na,,False
2958_0,mp-1078086,In6 Ni9 Se6,2958,111,0.0252314882162326,84,0,na,,False
2958_1,mp-1078086,In6 Ni9 Se6,2958,111,0.1085648215495661,84,0,na,,False
2958_2,mp-1078086,In6 Ni9 Se6,2958,110,0.2500000000000001,84,0,na,0.05554688637107953,True
2958_3,mp-1078086,In6 Ni9 Se6,2958,101,0.1414351784504339,63,0,na,0.0653752379053281,True
2958_4,mp-1078086,In6 Ni9 Se6,2958,101,0.3914351784504338,63,0,na,0.047906365498393166,True
2958_5,mp-1078086,In6 Ni9 Se6,2958,100,0.0833333333333334,63,0,na,0.056052114436547576,True
2958_6,mp-1078086,In6 Ni9 Se6,2958,10-1,0.0252314882162327,63,0,na,,False
2958_7,mp-1078086,In6 Ni9 Se6,2958,10-1,0.108564821549566,63,0,na,0.042078143277926756,True
2958_8,mp-1078086,In6 Ni9 Se6,2958,001,0.0252314882162326,21,0,na,0.02105383588142545,True
2958_9,mp-1078086,In6 Ni9 Se6,2958,001,0.108564821549566,21,0,na,0.06701934143551724,True
2958_10,mp-1078086,In6 Ni9 Se6,2958,221,0.0290509225585504,168,0,na,,False
2958_11,mp-1078086,In6 Ni9 Se6,2958,212,0.0252314882162325,126,0,na,,False
2958_12,mp-1078086,In6 Ni9 Se6,2958,212,0.066898154882899,126,0,na,,False
2958_13,mp-1078086,In6 Ni9 Se6,2958,211,0.0707175892252167,252,0,na,,False
2958_14,mp-1078086,In6 Ni9 Se6,2958,211,0.1957175892252167,252,0,na,,False
2958_15,mp-1078086,In6 Ni9 Se6,2958,210,0.0416666666666666,126,0,na,,False
2958_16,mp-1078086,In6 Ni9 Se6,2958,21-1,0.0542824107747831,252,0,na,,False
2958_17,mp-1078086,In6 Ni9 Se6,2958,21-2,0.108564821549566,126,0,na,,False
2958_18,mp-1078086,In6 Ni9 Se6,2958,21-2,0.2335648215495659,126,0,na,,False
2958_19,mp-1078086,In6 Ni9 Se6,2958,201,0.0126157441081162,126,0,na,,False
2958_20,mp-1078086,In6 Ni9 Se6,2958,201,0.0542824107747829,126,0,na,,False
2958_21,mp-1078086,In6 Ni9 Se6,2958,20-1,0.070717589225217,126,0,na,,False
2958_22,mp-1078086,In6 Ni9 Se6,2958,20-1,0.195717589225217,126,0,na,,False
2958_23,mp-1078086,In6 Ni9 Se6,2958,2-12,0.0252314882162327,84,0,na,,False
2958_24,mp-1078086,In6 Ni9 Se6,2958,2-12,0.0668981548828993,84,0,na,,False
2958_25,mp-1078086,In6 Ni9 Se6,2958,102,0.0504629764324653,63,0,na,0.052253230515675854,True
2958_26,mp-1078086,In6 Ni9 Se6,2958,102,0.1337963097657987,63,0,na,0.05911965524710595,True
2958_27,mp-1078086,In6 Ni9 Se6,2958,10-2,0.2171296430991322,63,0,na,0.039172267524263796,True
2958_28,mp-1078086,In6 Ni9 Se6,2958,10-2,0.4671296430991323,63,0,na,,False
2926_0,mp-1077996,Cr2 Rh4 Se8,2926,111,0.207139150695146,56,0,na,0.03865112112928829,True
2926_1,mp-1077996,Cr2 Rh4 Se8,2926,111,0.4403716937956196,56,0,na,,False
2926_2,mp-1077996,Cr2 Rh4 Se8,2926,111,0.5000000000000002,56,0,na,0.06470468894840156,True
2926_3,mp-1077996,Cr2 Rh4 Se8,2926,110,0.0640796432337357,42,0,na,0.055138425849955576,True
2926_4,mp-1077996,Cr2 Rh4 Se8,2926,110,0.1936164096525754,42,0,na,0.05461239998626846,True
2926_5,mp-1077996,Cr2 Rh4 Se8,2926,110,0.3134374260484298,42,0,na,0.05632650790182415,True
2926_6,mp-1077996,Cr2 Rh4 Se8,2926,110,0.5,42,0,na,0.04073318455866567,True
2926_7,mp-1077996,Cr2 Rh4 Se8,2926,11-1,0.1723954868992298,56,0,na,0.05674537301171287,True
2926_8,mp-1077996,Cr2 Rh4 Se8,2926,11-1,0.5,56,0,na,0.039391856615887275,True
2926_9,mp-1077996,Cr2 Rh4 Se8,2926,101,0.0167674568995263,42,0,na,0.05116862446407511,True
2926_10,mp-1077996,Cr2 Rh4 Se8,2926,101,0.0596283062043804,42,0,na,,False
2926_11,mp-1077996,Cr2 Rh4 Se8,2926,101,0.25,42,0,na,0.04231187354099442,True
2926_12,mp-1077996,Cr2 Rh4 Se8,2926,100,0.0640796432337356,14,0,na,0.037804285101506734,True
2926_13,mp-1077996,Cr2 Rh4 Se8,2926,100,0.1845428768148959,14,0,na,0.06902338771961482,True
2926_14,mp-1077996,Cr2 Rh4 Se8,2926,100,0.25,14,0,na,0.06037322892744594,True
2926_15,mp-1077996,Cr2 Rh4 Se8,2926,10-1,0.0076939240618467,28,0,na,0.059456424855272264,True
2926_16,mp-1077996,Cr2 Rh4 Se8,2926,10-1,0.0929923612244638,28,0,na,0.07649482830577506,True
2926_17,mp-1077996,Cr2 Rh4 Se8,2926,10-1,0.2499999999999999,28,0,na,0.03729004437045465,True
2926_18,mp-1077996,Cr2 Rh4 Se8,2926,011,0.1339881034481949,56,0,na,0.055239035037450535,True
2926_19,mp-1077996,Cr2 Rh4 Se8,2926,011,0.25,56,0,na,0.056244370848353153,True
2926_20,mp-1077996,Cr2 Rh4 Se8,2926,010,0.25,42,0,na,0.04277213780088313,True
2926_21,mp-1077996,Cr2 Rh4 Se8,2926,001,0.015138370060476,28,0,na,0.08423142838922573,True
2926_22,mp-1077996,Cr2 Rh4 Se8,2926,001,0.1523690605411626,28,0,na,0.028718635413570514,True
2926_23,mp-1077996,Cr2 Rh4 Se8,2926,001,0.3660118965518051,28,0,na,0.06144536661073453,True
2926_24,mp-1077996,Cr2 Rh4 Se8,2926,001,0.5,28,0,na,0.06267952093101258,True
2926_25,mp-1077996,Cr2 Rh4 Se8,2926,221,0.0715297537307049,112,0,na,,False
2926_26,mp-1077996,Cr2 Rh4 Se8,2926,221,0.2499999999999999,112,0,na,,False
2926_27,mp-1077996,Cr2 Rh4 Se8,2926,22-1,0.0503109598018238,84,0,na,,False
2926_28,mp-1077996,Cr2 Rh4 Se8,2926,22-1,0.25,84,0,na,,False
2926_29,mp-1077996,Cr2 Rh4 Se8,2926,212,0.0167674568995264,84,0,na,,False
2926_30,mp-1077996,Cr2 Rh4 Se8,2926,212,0.0677284272094602,84,0,na,,False
2926_31,mp-1077996,Cr2 Rh4 Se8,2926,212,0.1249999999999998,84,0,na,,False
2926_32,mp-1077996,Cr2 Rh4 Se8,2926,211,0.1069404925385897,140,0,na,,False
2926_33,mp-1077996,Cr2 Rh4 Se8,2926,210,0.1127671806948495,56,0,na,0.05423572761498543,True
2926_34,mp-1077996,Cr2 Rh4 Se8,2926,21-2,0.0320076387755361,84,0,na,,False
2926_35,mp-1077996,Cr2 Rh4 Se8,2926,21-2,0.1249999999999999,84,0,na,,False
2926_36,mp-1077996,Cr2 Rh4 Se8,2926,201,0.0585301553401719,56,0,na,,False
2926_37,mp-1077996,Cr2 Rh4 Se8,2926,201,0.1300599090708769,56,0,na,0.05308966236981705,True
2926_38,mp-1077996,Cr2 Rh4 Se8,2926,201,0.2499999999999997,56,0,na,0.030432397804900937,True
2926_39,mp-1077996,Cr2 Rh4 Se8,2926,122,0.0371798986219071,112,0,na,,False
2926_40,mp-1077996,Cr2 Rh4 Se8,2926,122,0.1249999999999998,112,0,na,,False
2926_41,mp-1077996,Cr2 Rh4 Se8,2926,121,0.1249999999999998,84,0,na,0.04766572307019553,True
2926_42,mp-1077996,Cr2 Rh4 Se8,2926,120,0.0320398216168677,84,0,na,,False
2926_43,mp-1077996,Cr2 Rh4 Se8,2926,120,0.0922714384074478,84,0,na,,False
2926_44,mp-1077996,Cr2 Rh4 Se8,2926,12-1,0.0367718931845195,84,0,na,0.052060378545580634,True
2926_45,mp-1077996,Cr2 Rh4 Se8,2926,12-1,0.125,84,0,na,,False
2926_46,mp-1077996,Cr2 Rh4 Se8,2926,12-2,0.0532586155457492,112,0,na,,False
2926_47,mp-1077996,Cr2 Rh4 Se8,2926,12-2,0.125,112,0,na,,False
2926_48,mp-1077996,Cr2 Rh4 Se8,2926,112,0.0588219539978798,84,0,na,0.050837879114078846,True
2926_49,mp-1077996,Cr2 Rh4 Se8,2926,112,0.1550896261851644,84,0,na,,False
2926_50,mp-1077996,Cr2 Rh4 Se8,2926,112,0.25,84,0,na,0.0424502667400935,True
2926_51,mp-1077996,Cr2 Rh4 Se8,2926,11-2,0.0532586155457492,84,0,na,,False
2926_52,mp-1077996,Cr2 Rh4 Se8,2926,11-2,0.1300705753000681,84,0,na,,False
2926_53,mp-1077996,Cr2 Rh4 Se8,2926,11-2,0.2499999999999998,84,0,na,,False
2926_54,mp-1077996,Cr2 Rh4 Se8,2926,102,0.0108210276879863,84,0,na,,False
2926_55,mp-1077996,Cr2 Rh4 Se8,2926,102,0.0588219539978798,84,0,na,,False
2926_56,mp-1077996,Cr2 Rh4 Se8,2926,102,0.125,84,0,na,,False
2926_57,mp-1077996,Cr2 Rh4 Se8,2926,10-2,0.0532586155457492,56,0,na,,False
2926_58,mp-1077996,Cr2 Rh4 Se8,2926,10-2,0.1249999999999999,56,0,na,,False
2926_59,mp-1077996,Cr2 Rh4 Se8,2926,012,0.0151383700604759,84,0,na,,False
2926_60,mp-1077996,Cr2 Rh4 Se8,2926,012,0.125,84,0,na,,False
2922_0,mp-568661,Cd2 In4 Se8,2922,111,0.033628846144952,42,0,na,0.0280687575191681,True
2922_1,mp-568661,Cd2 In4 Se8,2922,111,0.117017956416324,42,0,na,0.04263282586979928,True
2922_2,mp-568661,Cd2 In4 Se8,2922,111,0.2083891102713719,42,0,na,,False
2922_3,mp-568661,Cd2 In4 Se8,2922,111,0.3164910217918381,42,0,na,0.03773326231887052,True
2922_4,mp-568661,Cd2 In4 Se8,2922,111,0.4414910217918381,42,0,na,0.03318310914891067,True
2922_5,mp-568661,Cd2 In4 Se8,2922,110,0.22511986793679,42,0,na,0.030686826181094626,True
2922_6,mp-568661,Cd2 In4 Se8,2922,110,0.47511986793679,42,0,na,0.048615432250334205,True
2922_7,mp-568661,Cd2 In4 Se8,2922,101,0.0,28,0,na,0.02427374375481046,True
2922_8,mp-568661,Cd2 In4 Se8,2922,101,0.179050955760233,28,0,na,0.03135566395823399,True
2922_9,mp-568661,Cd2 In4 Se8,2922,101,0.2960689121765572,28,0,na,0.03700889550258381,True
2922_10,mp-568661,Cd2 In4 Se8,2922,101,0.4210689121765572,28,0,na,0.05063489797228058,True
2922_11,mp-568661,Cd2 In4 Se8,2922,100,0.112559933968395,28,0,na,0.035373621743747335,True
2922_12,mp-568661,Cd2 In4 Se8,2922,100,0.25,28,0,na,0.06649144253665945,True
2922_13,mp-568661,Cd2 In4 Se8,2922,001,0.058508978208162,14,0,na,0.036277423405632614,True
2922_14,mp-568661,Cd2 In4 Se8,2922,001,0.1835089782081619,14,0,na,0.09305589906260703,True
2922_15,mp-568661,Cd2 In4 Se8,2922,221,0.0585089782081619,84,0,na,,False
2922_16,mp-568661,Cd2 In4 Se8,2922,221,0.1498801320632098,84,0,na,0.03009843176856249,True
2922_17,mp-568661,Cd2 In4 Se8,2922,221,0.2251198679367899,84,0,na,0.031212206310589356,True
2922_18,mp-568661,Cd2 In4 Se8,2922,212,0.10011986793679,84,0,na,,False
2922_19,mp-568661,Cd2 In4 Se8,2922,212,0.2375599339683951,84,0,na,,False
2922_20,mp-568661,Cd2 In4 Se8,2922,211,0.0895254778801165,112,0,na,,False
2922_21,mp-568661,Cd2 In4 Se8,2922,211,0.1729145881514885,112,0,na,,False
2922_22,mp-568661,Cd2 In4 Se8,2922,211,0.2354145881514885,112,0,na,,False
2922_23,mp-568661,Cd2 In4 Se8,2922,211,0.2894655439117215,112,0,na,,False
2922_24,mp-568661,Cd2 In4 Se8,2922,211,0.3519655439117216,112,0,na,,False
2922_25,mp-568661,Cd2 In4 Se8,2922,211,0.3855943900566737,112,0,na,,False
2922_26,mp-568661,Cd2 In4 Se8,2922,211,0.4751198679367902,112,0,na,,False
2922_27,mp-568661,Cd2 In4 Se8,2922,210,0.0438399009525926,56,0,na,,False
2922_28,mp-568661,Cd2 In4 Se8,2922,210,0.10011986793679,56,0,na,,False
2922_29,mp-568661,Cd2 In4 Se8,2922,210,0.125,56,0,na,,False
2922_30,mp-568661,Cd2 In4 Se8,2922,201,0.016814423072476,56,0,na,,False
2922_31,mp-568661,Cd2 In4 Se8,2922,201,0.058508978208162,56,0,na,,False
2922_32,mp-568661,Cd2 In4 Se8,2922,201,0.1041945551356859,56,0,na,,False
2922_33,mp-568661,Cd2 In4 Se8,2922,112,0.3421378243531141,42,0,na,0.0384936811949489,True
2922_34,mp-568661,Cd2 In4 Se8,2922,112,0.7251198679367901,42,0,na,0.04001163770962644,True
2922_35,mp-568661,Cd2 In4 Se8,2922,112,0.8829820435836759,42,0,na,0.04700891119298835,True
2922_36,mp-568661,Cd2 In4 Se8,2922,102,0.015964087167352,42,0,na,0.031011757429955624,True
2922_37,mp-568661,Cd2 In4 Se8,2922,102,0.25,42,0,na,0.02320608448281951,True
