slab_id,mp_id,formula,crystal_id,miller_index,shift,num_atom,test,energy
2934_0,mp-568544,Cs1 Cd1 Cl3,2934,111,0.25,20,0,na
2934_1,mp-568544,Cs1 Cd1 Cl3,2934,110,0.25,15,0,na
2934_2,mp-568544,Cs1 Cd1 Cl3,2934,100,0.25,10,0,na
2934_3,mp-568544,Cs1 Cd1 Cl3,2934,221,0.125,30,0,na
2934_4,mp-568544,Cs1 Cd1 Cl3,2934,211,0.125,60,0,na
2934_5,mp-568544,Cs1 Cd1 Cl3,2934,210,0.12500000000000003,30,0,na
3081_0,mp-1079716,Y2 In2 Co4,3081,111,0.049848878925000006,32,0,na
3081_1,mp-1079716,Y2 In2 Co4,3081,111,0.21926764071059035,32,0,na
3081_2,mp-1079716,Y2 In2 Co4,3081,111,0.41941876178559034,32,0,na
3081_3,mp-1079716,Y2 In2 Co4,3081,110,0.125,32,0,na
3081_4,mp-1079716,Y2 In2 Co4,3081,101,0.11028363167366084,24,0,na
3081_5,mp-1079716,Y2 In2 Co4,3081,101,0.28513251059866096,24,0,na
3081_6,mp-1079716,Y2 In2 Co4,3081,101,0.3804301171394099,24,0,na
3081_7,mp-1079716,Y2 In2 Co4,3081,101,0.5000000000000001,24,0,na
3081_8,mp-1079716,Y2 In2 Co4,3081,100,0.24999999999999997,24,0,na
3081_9,mp-1079716,Y2 In2 Co4,3081,011,0.04984887892500006,24,0,na
3081_10,mp-1079716,Y2 In2 Co4,3081,011,0.13043011713940972,24,0,na
3081_11,mp-1079716,Y2 In2 Co4,3081,011,0.3158648698880704,24,0,na
3081_12,mp-1079716,Y2 In2 Co4,3081,011,0.48528363167366073,24,0,na
3081_13,mp-1079716,Y2 In2 Co4,3081,010,0.125,16,0,na
3081_14,mp-1079716,Y2 In2 Co4,3081,001,0.04441876178559032,16,0,na
3081_15,mp-1079716,Y2 In2 Co4,3081,001,0.18413513011192958,16,0,na
3081_16,mp-1079716,Y2 In2 Co4,3081,001,0.31456524725133933,16,0,na
3081_17,mp-1079716,Y2 In2 Co4,3081,001,0.5,16,0,na
3081_18,mp-1079716,Y2 In2 Co4,3081,221,0.03757556053750011,64,0,na
3081_19,mp-1079716,Y2 In2 Co4,3081,221,0.09271737637433053,64,0,na
3081_20,mp-1079716,Y2 In2 Co4,3081,221,0.1579324349440353,64,0,na
3081_21,mp-1079716,Y2 In2 Co4,3081,221,0.2500000000000001,64,0,na
3081_22,mp-1079716,Y2 In2 Co4,3081,212,0.01808123821440999,64,0,na
3081_23,mp-1079716,Y2 In2 Co4,3081,212,0.06586486988807083,64,0,na
3081_24,mp-1079716,Y2 In2 Co4,3081,212,0.17278363167366087,64,0,na
3081_25,mp-1079716,Y2 In2 Co4,3081,211,0.024924439462500114,96,0,na
3081_26,mp-1079716,Y2 In2 Co4,3081,211,0.06521505856970511,96,0,na
3081_27,mp-1079716,Y2 In2 Co4,3081,211,0.16529061910720502,96,0,na
3081_28,mp-1079716,Y2 In2 Co4,3081,210,0.06250000000000006,48,0,na
3081_29,mp-1079716,Y2 In2 Co4,3081,201,0.022209380892795227,48,0,na
3081_30,mp-1079716,Y2 In2 Co4,3081,201,0.09206756505596492,48,0,na
3081_31,mp-1079716,Y2 In2 Co4,3081,201,0.15728262362566975,48,0,na
3081_32,mp-1079716,Y2 In2 Co4,3081,201,0.25000000000000006,48,0,na
3081_33,mp-1079716,Y2 In2 Co4,3081,122,0.04441876178559001,48,0,na
3081_34,mp-1079716,Y2 In2 Co4,3081,122,0.15470239345925085,48,0,na
3081_35,mp-1079716,Y2 In2 Co4,3081,122,0.2499999999999999,48,0,na
3081_36,mp-1079716,Y2 In2 Co4,3081,121,0.022209380892795227,48,0,na
3081_37,mp-1079716,Y2 In2 Co4,3081,121,0.059784941430295224,48,0,na
3081_38,mp-1079716,Y2 In2 Co4,3081,121,0.10743374470066958,48,0,na
3081_39,mp-1079716,Y2 In2 Co4,3081,121,0.2499999999999999,48,0,na
3081_40,mp-1079716,Y2 In2 Co4,3081,120,0.12500000000000003,48,0,na
3081_41,mp-1079716,Y2 In2 Co4,3081,112,0.07721636832633916,48,0,na
3081_42,mp-1079716,Y2 In2 Co4,3081,112,0.1841351301119295,48,0,na
3081_43,mp-1079716,Y2 In2 Co4,3081,112,0.23191876178559032,48,0,na
3081_44,mp-1079716,Y2 In2 Co4,3081,102,0.014716368326339158,32,0,na
3081_45,mp-1079716,Y2 In2 Co4,3081,102,0.09529760654074881,32,0,na
3081_46,mp-1079716,Y2 In2 Co4,3081,102,0.24999999999999994,32,0,na
3081_47,mp-1079716,Y2 In2 Co4,3081,021,0.03757556053749994,48,0,na
3081_48,mp-1079716,Y2 In2 Co4,3081,021,0.09271737637433028,48,0,na
3081_49,mp-1079716,Y2 In2 Co4,3081,021,0.15793243494403517,48,0,na
3081_50,mp-1079716,Y2 In2 Co4,3081,021,0.25,48,0,na
3081_51,mp-1079716,Y2 In2 Co4,3081,012,0.0180812382144096,32,0,na
3081_52,mp-1079716,Y2 In2 Co4,3081,012,0.06586486988807033,32,0,na
3081_53,mp-1079716,Y2 In2 Co4,3081,012,0.1601325105986608,32,0,na
3081_54,mp-1079716,Y2 In2 Co4,3081,012,0.23734887892500006,32,0,na
2942_0,mp-30592,Cu4 Ni8 Sn4,2942,111,0.125,48,0,na
2942_1,mp-30592,Cu4 Ni8 Sn4,2942,111,0.375,48,0,na
2942_2,mp-30592,Cu4 Ni8 Sn4,2942,110,0.25,48,0,na
2942_3,mp-30592,Cu4 Ni8 Sn4,2942,100,0.125,32,0,na
2942_4,mp-30592,Cu4 Ni8 Sn4,2942,221,0.0625,96,0,na
2942_5,mp-30592,Cu4 Ni8 Sn4,2942,211,0.125,192,0,na
2942_6,mp-30592,Cu4 Ni8 Sn4,2942,210,0.0625,64,0,na
3091_0,mp-16358,Zn4 Ni8 Ge4,3091,111,0.125,48,0,na
3091_1,mp-16358,Zn4 Ni8 Ge4,3091,111,0.375,48,0,na
3091_2,mp-16358,Zn4 Ni8 Ge4,3091,110,0.25,48,0,na
3091_3,mp-16358,Zn4 Ni8 Ge4,3091,100,0.125,32,0,na
3091_4,mp-16358,Zn4 Ni8 Ge4,3091,221,0.0625,96,0,na
3091_5,mp-16358,Zn4 Ni8 Ge4,3091,211,0.125,192,0,na
3091_6,mp-16358,Zn4 Ni8 Ge4,3091,210,0.0625,64,0,na
2923_0,mp-542065,Cd4 Ag4 Sb4,2923,111,0.125,36,0,na
2923_1,mp-542065,Cd4 Ag4 Sb4,2923,111,0.375,36,0,na
2923_2,mp-542065,Cd4 Ag4 Sb4,2923,111,0.75,36,0,na
2923_3,mp-542065,Cd4 Ag4 Sb4,2923,110,0.25,36,0,na
2923_4,mp-542065,Cd4 Ag4 Sb4,2923,100,0.125,24,0,na
2923_5,mp-542065,Cd4 Ag4 Sb4,2923,221,0.0625,72,0,na
2923_6,mp-542065,Cd4 Ag4 Sb4,2923,221,0.1875,72,0,na
2923_7,mp-542065,Cd4 Ag4 Sb4,2923,211,0.1250000000000001,96,0,na
2923_8,mp-542065,Cd4 Ag4 Sb4,2923,210,0.0625,48,0,na
2980_0,mp-20567,Li4 Ga8 Ru4,2980,111,0.125,48,0,na
2980_1,mp-20567,Li4 Ga8 Ru4,2980,111,0.375,48,0,na
2980_2,mp-20567,Li4 Ga8 Ru4,2980,110,0.25,48,0,na
2980_3,mp-20567,Li4 Ga8 Ru4,2980,100,0.125,32,0,na
2980_4,mp-20567,Li4 Ga8 Ru4,2980,221,0.0625,96,0,na
2980_5,mp-20567,Li4 Ga8 Ru4,2980,211,0.125,192,0,na
2980_6,mp-20567,Li4 Ga8 Ru4,2980,210,0.0625,64,0,na
2921_0,mp-568032,Cd1 In2 Se4,2921,111,0.34508953254647556,21,0,na
2921_1,mp-568032,Cd1 In2 Se4,2921,111,0.727397578043891,21,0,na
2921_2,mp-568032,Cd1 In2 Se4,2921,111,0.8823080454974155,21,0,na
2921_3,mp-568032,Cd1 In2 Se4,2921,110,0.22739757804389094,21,0,na
2921_4,mp-568032,Cd1 In2 Se4,2921,110,0.47739757804389094,21,0,na
2921_5,mp-568032,Cd1 In2 Se4,2921,101,0.01860925647546996,21,0,na
2921_6,mp-568032,Cd1 In2 Se4,2921,101,0.27260242195610906,21,0,na
2921_7,mp-568032,Cd1 In2 Se4,2921,100,0.13630121097805453,14,0,na
2921_8,mp-568032,Cd1 In2 Se4,2921,100,0.38630121097805453,14,0,na
2921_9,mp-568032,Cd1 In2 Se4,2921,001,0.11769195450258452,14,0,na
2921_10,mp-568032,Cd1 In2 Se4,2921,001,0.3676919545025845,14,0,na
2921_11,mp-568032,Cd1 In2 Se4,2921,221,0.036243555295183416,42,0,na
2921_12,mp-568032,Cd1 In2 Se4,2921,221,0.11769195450258474,42,0,na
2921_13,mp-568032,Cd1 In2 Se4,2921,221,0.20644839920740132,42,0,na
2921_14,mp-568032,Cd1 In2 Se4,2921,221,0.31615402274870774,42,0,na
2921_15,mp-568032,Cd1 In2 Se4,2921,221,0.44115402274870774,42,0,na
2921_16,mp-568032,Cd1 In2 Se4,2921,212,0.0721437709696664,42,0,na
2921_17,mp-568032,Cd1 In2 Se4,2921,212,0.1971437709696665,42,0,na
2921_18,mp-568032,Cd1 In2 Se4,2921,212,0.28824013803550297,42,0,na
2921_19,mp-568032,Cd1 In2 Se4,2921,212,0.36369878902194563,42,0,na
2921_20,mp-568032,Cd1 In2 Se4,2921,212,0.450458650986443,42,0,na
2921_21,mp-568032,Cd1 In2 Se4,2921,211,0.11369878902194563,84,0,na
2921_22,mp-568032,Cd1 In2 Se4,2921,211,0.22739757804389116,84,0,na
2921_23,mp-568032,Cd1 In2 Se4,2921,211,0.3823080454974157,84,0,na
2921_24,mp-568032,Cd1 In2 Se4,2921,210,0.045548183532918285,28,0,na
2921_25,mp-568032,Cd1 In2 Se4,2921,210,0.1136987890219455,28,0,na
2921_26,mp-568032,Cd1 In2 Se4,2921,210,0.19315060548902727,28,0,na
2921_27,mp-568032,Cd1 In2 Se4,2921,201,0.054852811770653265,28,0,na
2921_28,mp-568032,Cd1 In2 Se4,2921,201,0.1323080454974156,28,0,na
2921_29,mp-568032,Cd1 In2 Se4,2921,201,0.20245523372676233,28,0,na
2921_30,mp-568032,Cd1 In2 Se4,2921,112,0.13630121097805437,42,0,na
2921_31,mp-568032,Cd1 In2 Se4,2921,112,0.3636987890219455,42,0,na
2921_32,mp-568032,Cd1 In2 Se4,2921,112,0.48538390900516915,42,0,na
2921_33,mp-568032,Cd1 In2 Se4,2921,102,0.04954134901355722,28,0,na
2921_34,mp-568032,Cd1 In2 Se4,2921,102,0.11369878902194541,28,0,na
2921_35,mp-568032,Cd1 In2 Se4,2921,102,0.18915744000838808,28,0,na
3042_0,mp-21118,Sr2 Mn4 Ge4,3042,111,0.06677396597075647,40,0,na
3042_1,mp-21118,Sr2 Mn4 Ge4,3042,111,0.19177396597075647,40,0,na
3042_2,mp-21118,Sr2 Mn4 Ge4,3042,110,0.25,40,0,na
3042_3,mp-21118,Sr2 Mn4 Ge4,3042,101,0.125,30,0,na
3042_4,mp-21118,Sr2 Mn4 Ge4,3042,101,0.30822603402924353,30,0,na
3042_5,mp-21118,Sr2 Mn4 Ge4,3042,101,0.49999999999999994,30,0,na
3042_6,mp-21118,Sr2 Mn4 Ge4,3042,100,0.25,30,0,na
3042_7,mp-21118,Sr2 Mn4 Ge4,3042,001,0.06677396597075642,10,0,na
3042_8,mp-21118,Sr2 Mn4 Ge4,3042,001,0.1917739659707564,10,0,na
3042_9,mp-21118,Sr2 Mn4 Ge4,3042,221,0.03338698298537823,80,0,na
3042_10,mp-21118,Sr2 Mn4 Ge4,3042,221,0.09588698298537823,80,0,na
3042_11,mp-21118,Sr2 Mn4 Ge4,3042,212,0.058226034029243756,60,0,na
3042_12,mp-21118,Sr2 Mn4 Ge4,3042,211,0.06250000000000011,120,0,na
3042_13,mp-21118,Sr2 Mn4 Ge4,3042,211,0.154113017014622,120,0,na
3042_14,mp-21118,Sr2 Mn4 Ge4,3042,211,0.2500000000000001,120,0,na
3042_15,mp-21118,Sr2 Mn4 Ge4,3042,210,0.125,60,0,na
3042_16,mp-21118,Sr2 Mn4 Ge4,3042,201,0.03338698298537823,60,0,na
3042_17,mp-21118,Sr2 Mn4 Ge4,3042,201,0.09588698298537823,60,0,na
3042_18,mp-21118,Sr2 Mn4 Ge4,3042,112,0.13354793194151282,40,0,na
3042_19,mp-21118,Sr2 Mn4 Ge4,3042,112,0.4999999999999999,40,0,na
3042_20,mp-21118,Sr2 Mn4 Ge4,3042,102,0.11645206805848707,40,0,na
3042_21,mp-21118,Sr2 Mn4 Ge4,3042,102,0.2499999999999999,40,0,na
3096_0,mp-22580,Zr4 Ga4 Ni8,3096,111,0.12500000000000044,48,0,na
3096_1,mp-22580,Zr4 Ga4 Ni8,3096,111,0.37500000000000044,48,0,na
3096_2,mp-22580,Zr4 Ga4 Ni8,3096,110,0.25,48,0,na
3096_3,mp-22580,Zr4 Ga4 Ni8,3096,100,0.12499999999999999,32,0,na
3096_4,mp-22580,Zr4 Ga4 Ni8,3096,221,0.0625,96,0,na
3096_5,mp-22580,Zr4 Ga4 Ni8,3096,211,0.125,192,0,na
3096_6,mp-22580,Zr4 Ga4 Ni8,3096,210,0.0625,64,0,na
3024_0,mp-1078089,Pd9 Pb6 Se6,3024,111,0.05950248588333773,84,0,na
3024_1,mp-1078089,Pd9 Pb6 Se6,3024,111,0.1428358192166711,84,0,na
3024_2,mp-1078089,Pd9 Pb6 Se6,3024,110,0.25,84,0,na
3024_3,mp-1078089,Pd9 Pb6 Se6,3024,101,0.1071641807833289,63,0,na
3024_4,mp-1078089,Pd9 Pb6 Se6,3024,101,0.3571641807833288,63,0,na
3024_5,mp-1078089,Pd9 Pb6 Se6,3024,100,0.08333333333333329,42,0,na
3024_6,mp-1078089,Pd9 Pb6 Se6,3024,10-1,0.05950248588333784,63,0,na
3024_7,mp-1078089,Pd9 Pb6 Se6,3024,10-1,0.1428358192166712,63,0,na
3024_8,mp-1078089,Pd9 Pb6 Se6,3024,221,0.029751242941668865,168,0,na
3024_9,mp-1078089,Pd9 Pb6 Se6,3024,212,0.023830847449995307,126,0,na
3024_10,mp-1078089,Pd9 Pb6 Se6,3024,212,0.06549751411666205,126,0,na
3024_11,mp-1078089,Pd9 Pb6 Se6,3024,211,0.053582090391664394,252,0,na
3024_12,mp-1078089,Pd9 Pb6 Se6,3024,211,0.17858209039166417,252,0,na
3024_13,mp-1078089,Pd9 Pb6 Se6,3024,210,0.04166666666666674,126,0,na
3024_14,mp-1078089,Pd9 Pb6 Se6,3024,21-1,0.05358209039166445,252,0,na
3024_15,mp-1078089,Pd9 Pb6 Se6,3024,21-2,0.10716418078332898,126,0,na
3024_16,mp-1078089,Pd9 Pb6 Se6,3024,21-2,0.23216418078332896,126,0,na
3024_17,mp-1078089,Pd9 Pb6 Se6,3024,201,0.029751242941668865,84,0,na
3024_18,mp-1078089,Pd9 Pb6 Se6,3024,201,0.07141790960833538,84,0,na
3024_19,mp-1078089,Pd9 Pb6 Se6,3024,20-1,0.053582090391664505,84,0,na
3024_20,mp-1078089,Pd9 Pb6 Se6,3024,20-1,0.17858209039166445,84,0,na
3024_21,mp-1078089,Pd9 Pb6 Se6,3024,2-12,0.023830847449995668,84,0,na
3024_22,mp-1078089,Pd9 Pb6 Se6,3024,2-12,0.0654975141166623,84,0,na
3024_23,mp-1078089,Pd9 Pb6 Se6,3024,102,0.04766169489999106,63,0,na
3024_24,mp-1078089,Pd9 Pb6 Se6,3024,102,0.13099502823332432,63,0,na
3024_25,mp-1078089,Pd9 Pb6 Se6,3024,10-2,0.21432836156665785,63,0,na
3024_26,mp-1078089,Pd9 Pb6 Se6,3024,10-2,0.46432836156665785,63,0,na
2986_0,mp-4083,Mg2 Cu2 As2,2986,111,0.09057833326971965,24,0,na
2986_1,mp-4083,Mg2 Cu2 As2,2986,111,0.21325723133553542,24,0,na
2986_2,mp-4083,Mg2 Cu2 As2,2986,111,0.5,24,0,na
2986_3,mp-4083,Mg2 Cu2 As2,2986,110,0.25,24,0,na
2986_4,mp-4083,Mg2 Cu2 As2,2986,101,0.09057833326971965,18,0,na
2986_5,mp-4083,Mg2 Cu2 As2,2986,101,0.25,18,0,na
2986_6,mp-4083,Mg2 Cu2 As2,2986,101,0.6273211019341842,18,0,na
2986_7,mp-4083,Mg2 Cu2 As2,2986,100,0.25,18,0,na
2986_8,mp-4083,Mg2 Cu2 As2,2986,001,0.1273211019341842,12,0,na
2986_9,mp-4083,Mg2 Cu2 As2,2986,001,0.2867427686644646,12,0,na
2986_10,mp-4083,Mg2 Cu2 As2,2986,001,0.5,12,0,na
2986_11,mp-4083,Mg2 Cu2 As2,2986,221,0.06366055096709211,48,0,na
2986_12,mp-4083,Mg2 Cu2 As2,2986,221,0.25,48,0,na
2986_13,mp-4083,Mg2 Cu2 As2,2986,212,0.03210056479609613,48,0,na
2986_14,mp-4083,Mg2 Cu2 As2,2986,212,0.125,48,0,na
2986_15,mp-4083,Mg2 Cu2 As2,2986,212,0.375,48,0,na
2986_16,mp-4083,Mg2 Cu2 As2,2986,211,0.06366055096709211,72,0,na
2986_17,mp-4083,Mg2 Cu2 As2,2986,211,0.2952891666348598,72,0,na
2986_18,mp-4083,Mg2 Cu2 As2,2986,211,0.375,72,0,na
2986_19,mp-4083,Mg2 Cu2 As2,2986,210,0.12499999999999999,36,0,na
2986_20,mp-4083,Mg2 Cu2 As2,2986,201,0.06366055096709211,36,0,na
2986_21,mp-4083,Mg2 Cu2 As2,2986,201,0.1433713843322323,36,0,na
2986_22,mp-4083,Mg2 Cu2 As2,2986,201,0.25,36,0,na
2986_23,mp-4083,Mg2 Cu2 As2,2986,112,0.036742768664464354,36,0,na
2986_24,mp-4083,Mg2 Cu2 As2,2986,112,0.24999999999999978,36,0,na
2986_25,mp-4083,Mg2 Cu2 As2,2986,102,0.12499999999999989,36,0,na
2986_26,mp-4083,Mg2 Cu2 As2,2986,102,0.28210056479609613,36,0,na
2986_27,mp-4083,Mg2 Cu2 As2,2986,102,0.3749999999999999,36,0,na
2892_0,mp-9579,Al4 Tl4 Se8,2892,111,0.09305750372233801,48,0,na
2892_1,mp-9579,Al4 Tl4 Se8,2892,111,0.218057503722338,48,0,na
2892_2,mp-9579,Al4 Tl4 Se8,2892,110,0.09305750372233801,32,0,na
2892_3,mp-9579,Al4 Tl4 Se8,2892,110,0.343057503722338,32,0,na
2892_4,mp-9579,Al4 Tl4 Se8,2892,101,0.0,32,0,na
2892_5,mp-9579,Al4 Tl4 Se8,2892,101,0.2034712481388311,32,0,na
2892_6,mp-9579,Al4 Tl4 Se8,2892,100,0.078471248138831,32,0,na
2892_7,mp-9579,Al4 Tl4 Se8,2892,100,0.25,32,0,na
2892_8,mp-9579,Al4 Tl4 Se8,2892,001,0.12500000000000003,32,0,na
2892_9,mp-9579,Al4 Tl4 Se8,2892,221,0.03194249627766199,64,0,na
2892_10,mp-9579,Al4 Tl4 Se8,2892,221,0.09444249627766199,64,0,na
2892_11,mp-9579,Al4 Tl4 Se8,2892,212,0.03194249627766221,96,0,na
2892_12,mp-9579,Al4 Tl4 Se8,2892,212,0.12500000000000022,96,0,na
2892_13,mp-9579,Al4 Tl4 Se8,2892,211,2.220446049250313e-16,128,0,na
2892_14,mp-9579,Al4 Tl4 Se8,2892,211,0.14826437593058472,128,0,na
2892_15,mp-9579,Al4 Tl4 Se8,2892,211,0.20347124813883122,128,0,na
2892_16,mp-9579,Al4 Tl4 Se8,2892,211,0.2500000000000002,128,0,na
2892_17,mp-9579,Al4 Tl4 Se8,2892,210,0.0072931277917535065,64,0,na
2892_18,mp-9579,Al4 Tl4 Se8,2892,210,0.04652875186116903,64,0,na
2892_19,mp-9579,Al4 Tl4 Se8,2892,210,0.12500000000000003,64,0,na
2892_20,mp-9579,Al4 Tl4 Se8,2892,201,0.0,64,0,na
2892_21,mp-9579,Al4 Tl4 Se8,2892,201,0.109028751861169,64,0,na
2892_22,mp-9579,Al4 Tl4 Se8,2892,112,0.046528751861169115,64,0,na
2892_23,mp-9579,Al4 Tl4 Se8,2892,112,0.17152875186116912,64,0,na
2892_24,mp-9579,Al4 Tl4 Se8,2892,102,0.03923562406941561,64,0,na
2892_25,mp-9579,Al4 Tl4 Se8,2892,102,0.125,64,0,na
2938_0,mp-23037,Cs1 Pb1 Cl3,2938,111,0.25,20,0,na
2938_1,mp-23037,Cs1 Pb1 Cl3,2938,110,0.25,15,0,na
2938_2,mp-23037,Cs1 Pb1 Cl3,2938,100,0.25,10,0,na
2938_3,mp-23037,Cs1 Pb1 Cl3,2938,221,0.125,30,0,na
2938_4,mp-23037,Cs1 Pb1 Cl3,2938,211,0.125,60,0,na
2938_5,mp-23037,Cs1 Pb1 Cl3,2938,210,0.125,20,0,na
2906_0,mp-31406,Bi6 Te3 Se6,2906,111,0.03364983105674024,75,0,na
2906_1,mp-31406,Bi6 Te3 Se6,2906,111,0.0912143997426087,75,0,na
2906_2,mp-31406,Bi6 Te3 Se6,2906,111,0.16666666666666669,75,0,na
2906_3,mp-31406,Bi6 Te3 Se6,2906,110,0.5,75,0,na
2906_4,mp-31406,Bi6 Te3 Se6,2906,101,0.10910209798079817,45,0,na
2906_5,mp-31406,Bi6 Te3 Se6,2906,101,0.30941859570420494,45,0,na
2906_6,mp-31406,Bi6 Te3 Se6,2906,101,0.4999999999999998,45,0,na
2906_7,mp-31406,Bi6 Te3 Se6,2906,100,0.16666666666666669,45,0,na
2906_8,mp-31406,Bi6 Te3 Se6,2906,10-1,0.03364983105674019,45,0,na
2906_9,mp-31406,Bi6 Te3 Se6,2906,10-1,0.09121439974260864,45,0,na
2906_10,mp-31406,Bi6 Te3 Se6,2906,10-1,0.16666666666666669,45,0,na
2906_11,mp-31406,Bi6 Te3 Se6,2906,001,0.0336498310567402,15,0,na
2906_12,mp-31406,Bi6 Te3 Se6,2906,001,0.09121439974260864,15,0,na
2906_13,mp-31406,Bi6 Te3 Se6,2906,001,0.16666666666666666,15,0,na
2906_14,mp-31406,Bi6 Te3 Se6,2906,221,0.08333333333333326,150,0,na
2906_15,mp-31406,Bi6 Te3 Se6,2906,221,0.30756456868586834,150,0,na
2906_16,mp-31406,Bi6 Te3 Se6,2906,212,0.025768764647465137,120,0,na
2906_17,mp-31406,Bi6 Te3 Se6,2906,212,0.10910209798079851,120,0,na
2906_18,mp-31406,Bi6 Te3 Se6,2906,211,0.05455104899039909,240,0,na
2906_19,mp-31406,Bi6 Te3 Se6,2906,211,0.15470929785210252,240,0,na
2906_20,mp-31406,Bi6 Te3 Se6,2906,211,0.25,240,0,na
2906_21,mp-31406,Bi6 Te3 Se6,2906,210,0.08333333333333326,120,0,na
2906_22,mp-31406,Bi6 Te3 Se6,2906,21-1,0.025768764647464693,240,0,na
2906_23,mp-31406,Bi6 Te3 Se6,2906,21-2,0.04968350227659313,120,0,na
2906_24,mp-31406,Bi6 Te3 Se6,2906,21-2,0.15878560025739125,120,0,na
2906_25,mp-31406,Bi6 Te3 Se6,2906,21-2,0.25,120,0,na
2906_26,mp-31406,Bi6 Te3 Se6,2906,201,0.028782284342934172,90,0,na
2906_27,mp-31406,Bi6 Te3 Se6,2906,201,0.08333333333333329,90,0,na
2906_28,mp-31406,Bi6 Te3 Se6,2906,20-1,0.054551048990399115,90,0,na
2906_29,mp-31406,Bi6 Te3 Se6,2906,20-1,0.15470929785210247,90,0,na
2906_30,mp-31406,Bi6 Te3 Se6,2906,20-1,0.2499999999999999,90,0,na
2906_31,mp-31406,Bi6 Te3 Se6,2906,2-12,0.02576876464746497,90,0,na
2906_32,mp-31406,Bi6 Te3 Se6,2906,2-12,0.08333333333333343,90,0,na
2906_33,mp-31406,Bi6 Te3 Se6,2906,102,0.05153752929492983,45,0,na
2906_34,mp-31406,Bi6 Te3 Se6,2906,102,0.11883719140841009,45,0,na
2906_35,mp-31406,Bi6 Te3 Se6,2906,102,0.16666666666666652,45,0,na
2906_36,mp-31406,Bi6 Te3 Se6,2906,10-2,0.09936700455318631,45,0,na
2906_37,mp-31406,Bi6 Te3 Se6,2906,10-2,0.3175712005147827,45,0,na
2906_38,mp-31406,Bi6 Te3 Se6,2906,10-2,0.5000000000000001,45,0,na
2950_0,mp-1070907,Hf2 Sb3 Pd1,2950,111,0.06065387885030016,24,0,na
2950_1,mp-1070907,Hf2 Sb3 Pd1,2950,111,0.1802622982778802,24,0,na
2950_2,mp-1070907,Hf2 Sb3 Pd1,2950,111,0.5,24,0,na
2950_3,mp-1070907,Hf2 Sb3 Pd1,2950,110,0.24999999999999994,24,0,na
2950_4,mp-1070907,Hf2 Sb3 Pd1,2950,101,0.13039158057241995,18,0,na
2950_5,mp-1070907,Hf2 Sb3 Pd1,2950,101,0.38039158057241995,18,0,na
2950_6,mp-1070907,Hf2 Sb3 Pd1,2950,101,0.5606538788503002,18,0,na
2950_7,mp-1070907,Hf2 Sb3 Pd1,2950,101,0.75,18,0,na
2950_8,mp-1070907,Hf2 Sb3 Pd1,2950,101,0.9393461211496998,18,0,na
2950_9,mp-1070907,Hf2 Sb3 Pd1,2950,100,0.25,18,0,na
2950_10,mp-1070907,Hf2 Sb3 Pd1,2950,001,0.13039158057241995,12,0,na
2950_11,mp-1070907,Hf2 Sb3 Pd1,2950,001,0.31973770172211985,12,0,na
2950_12,mp-1070907,Hf2 Sb3 Pd1,2950,001,0.5,12,0,na
2950_13,mp-1070907,Hf2 Sb3 Pd1,2950,221,0.06519579028621003,48,0,na
2950_14,mp-1070907,Hf2 Sb3 Pd1,2950,221,0.15986885086106006,48,0,na
2950_15,mp-1070907,Hf2 Sb3 Pd1,2950,221,0.2500000000000001,48,0,na
2950_16,mp-1070907,Hf2 Sb3 Pd1,2950,212,0.125,48,0,na
2950_17,mp-1070907,Hf2 Sb3 Pd1,2950,212,0.31065387885030016,48,0,na
2950_18,mp-1070907,Hf2 Sb3 Pd1,2950,212,0.4356538788503002,48,0,na
2950_19,mp-1070907,Hf2 Sb3 Pd1,2950,211,0.03032693942515008,72,0,na
2950_20,mp-1070907,Hf2 Sb3 Pd1,2950,211,0.1250000000000001,72,0,na
2950_21,mp-1070907,Hf2 Sb3 Pd1,2950,211,0.21967306057485003,72,0,na
2950_22,mp-1070907,Hf2 Sb3 Pd1,2950,211,0.31519579028621003,72,0,na
2950_23,mp-1070907,Hf2 Sb3 Pd1,2950,211,0.44019579028621003,72,0,na
2950_24,mp-1070907,Hf2 Sb3 Pd1,2950,210,0.12499999999999994,36,0,na
2950_25,mp-1070907,Hf2 Sb3 Pd1,2950,201,0.06519579028620998,36,0,na
2950_26,mp-1070907,Hf2 Sb3 Pd1,2950,201,0.15986885086106,36,0,na
2950_27,mp-1070907,Hf2 Sb3 Pd1,2950,201,0.2500000000000001,36,0,na
2950_28,mp-1070907,Hf2 Sb3 Pd1,2950,201,0.34013114913894016,36,0,na
2950_29,mp-1070907,Hf2 Sb3 Pd1,2950,201,0.4348042097137901,36,0,na
2950_30,mp-1070907,Hf2 Sb3 Pd1,2950,112,0.1286922422993998,30,0,na
2950_31,mp-1070907,Hf2 Sb3 Pd1,2950,112,0.5000000000000001,30,0,na
2950_32,mp-1070907,Hf2 Sb3 Pd1,2950,102,0.1213077577006002,24,0,na
2950_33,mp-1070907,Hf2 Sb3 Pd1,2950,102,0.37130775770060026,24,0,na
2950_34,mp-1070907,Hf2 Sb3 Pd1,2950,102,0.75,24,0,na
3098_0,mp-571310,Zr4 In4 Pt8,3098,111,0.125,48,0,na
3098_1,mp-571310,Zr4 In4 Pt8,3098,111,0.375,48,0,na
3098_2,mp-571310,Zr4 In4 Pt8,3098,110,0.25,48,0,na
3098_3,mp-571310,Zr4 In4 Pt8,3098,100,0.125,32,0,na
3098_4,mp-571310,Zr4 In4 Pt8,3098,221,0.0625,96,0,na
3098_5,mp-571310,Zr4 In4 Pt8,3098,211,0.12500000000000033,128,0,na
3098_6,mp-571310,Zr4 In4 Pt8,3098,210,0.0625,64,0,na
3067_0,mp-9580,Tl4 Ga4 Se8,3067,111,0.0907893825566819,48,0,na
3067_1,mp-9580,Tl4 Ga4 Se8,3067,111,0.2157893825566819,48,0,na
3067_2,mp-9580,Tl4 Ga4 Se8,3067,110,0.09078938255668195,32,0,na
3067_3,mp-9580,Tl4 Ga4 Se8,3067,110,0.34078938255668195,32,0,na
3067_4,mp-9580,Tl4 Ga4 Se8,3067,101,0.0,32,0,na
3067_5,mp-9580,Tl4 Ga4 Se8,3067,101,0.20460530872165905,32,0,na
3067_6,mp-9580,Tl4 Ga4 Se8,3067,100,0.07960530872165904,32,0,na
3067_7,mp-9580,Tl4 Ga4 Se8,3067,100,0.25,32,0,na
3067_8,mp-9580,Tl4 Ga4 Se8,3067,001,0.125,32,0,na
3067_9,mp-9580,Tl4 Ga4 Se8,3067,221,0.0342106174433181,64,0,na
3067_10,mp-9580,Tl4 Ga4 Se8,3067,221,0.0967106174433181,64,0,na
3067_11,mp-9580,Tl4 Ga4 Se8,3067,212,0.0342106174433181,96,0,na
3067_12,mp-9580,Tl4 Ga4 Se8,3067,212,0.12499999999999989,96,0,na
3067_13,mp-9580,Tl4 Ga4 Se8,3067,211,0.0,128,0,na
3067_14,mp-9580,Tl4 Ga4 Se8,3067,211,0.14769734563917047,128,0,na
3067_15,mp-9580,Tl4 Ga4 Se8,3067,211,0.20460530872165894,128,0,na
3067_16,mp-9580,Tl4 Ga4 Se8,3067,211,0.2499999999999999,128,0,na
3067_17,mp-9580,Tl4 Ga4 Se8,3067,210,0.04539469127834095,64,0,na
3067_18,mp-9580,Tl4 Ga4 Se8,3067,210,0.125,64,0,na
3067_19,mp-9580,Tl4 Ga4 Se8,3067,201,0.10789469127834095,64,0,na
3067_20,mp-9580,Tl4 Ga4 Se8,3067,201,0.25,64,0,na
3067_21,mp-9580,Tl4 Ga4 Se8,3067,112,0.04539469127834117,64,0,na
3067_22,mp-9580,Tl4 Ga4 Se8,3067,112,0.17039469127834117,64,0,na
3067_23,mp-9580,Tl4 Ga4 Se8,3067,102,0.03980265436082975,64,0,na
3067_24,mp-9580,Tl4 Ga4 Se8,3067,102,0.12500000000000022,64,0,na
2958_0,mp-1078086,In6 Ni9 Se6,2958,111,0.025231488216232667,84,0,na
2958_1,mp-1078086,In6 Ni9 Se6,2958,111,0.10856482154956615,84,0,na
2958_2,mp-1078086,In6 Ni9 Se6,2958,110,0.2500000000000001,84,0,na
2958_3,mp-1078086,In6 Ni9 Se6,2958,101,0.14143517845043396,63,0,na
2958_4,mp-1078086,In6 Ni9 Se6,2958,101,0.39143517845043385,63,0,na
2958_5,mp-1078086,In6 Ni9 Se6,2958,100,0.08333333333333343,63,0,na
2958_6,mp-1078086,In6 Ni9 Se6,2958,10-1,0.025231488216232723,63,0,na
2958_7,mp-1078086,In6 Ni9 Se6,2958,10-1,0.10856482154956608,63,0,na
2958_8,mp-1078086,In6 Ni9 Se6,2958,001,0.02523148821623269,21,0,na
2958_9,mp-1078086,In6 Ni9 Se6,2958,001,0.10856482154956602,21,0,na
2958_10,mp-1078086,In6 Ni9 Se6,2958,221,0.029050922558550463,168,0,na
2958_11,mp-1078086,In6 Ni9 Se6,2958,212,0.025231488216232556,126,0,na
2958_12,mp-1078086,In6 Ni9 Se6,2958,212,0.06689815488289907,126,0,na
2958_13,mp-1078086,In6 Ni9 Se6,2958,211,0.07071758922521676,252,0,na
2958_14,mp-1078086,In6 Ni9 Se6,2958,211,0.19571758922521676,252,0,na
2958_15,mp-1078086,In6 Ni9 Se6,2958,210,0.04166666666666663,126,0,na
2958_16,mp-1078086,In6 Ni9 Se6,2958,21-1,0.05428241077478316,252,0,na
2958_17,mp-1078086,In6 Ni9 Se6,2958,21-2,0.10856482154956604,126,0,na
2958_18,mp-1078086,In6 Ni9 Se6,2958,21-2,0.23356482154956598,126,0,na
2958_19,mp-1078086,In6 Ni9 Se6,2958,201,0.012615744108116278,126,0,na
2958_20,mp-1078086,In6 Ni9 Se6,2958,201,0.05428241077478291,126,0,na
2958_21,mp-1078086,In6 Ni9 Se6,2958,20-1,0.07071758922521706,126,0,na
2958_22,mp-1078086,In6 Ni9 Se6,2958,20-1,0.19571758922521706,126,0,na
2958_23,mp-1078086,In6 Ni9 Se6,2958,2-12,0.025231488216232723,84,0,na
2958_24,mp-1078086,In6 Ni9 Se6,2958,2-12,0.06689815488289935,84,0,na
2958_25,mp-1078086,In6 Ni9 Se6,2958,102,0.050462976432465334,63,0,na
2958_26,mp-1078086,In6 Ni9 Se6,2958,102,0.1337963097657987,63,0,na
2958_27,mp-1078086,In6 Ni9 Se6,2958,10-2,0.21712964309913224,63,0,na
2958_28,mp-1078086,In6 Ni9 Se6,2958,10-2,0.4671296430991323,63,0,na
2926_0,mp-1077996,Cr2 Rh4 Se8,2926,111,0.207139150695146,56,0,na
2926_1,mp-1077996,Cr2 Rh4 Se8,2926,111,0.4403716937956196,56,0,na
2926_2,mp-1077996,Cr2 Rh4 Se8,2926,111,0.5000000000000002,56,0,na
2926_3,mp-1077996,Cr2 Rh4 Se8,2926,110,0.06407964323373577,42,0,na
2926_4,mp-1077996,Cr2 Rh4 Se8,2926,110,0.19361640965257548,42,0,na
2926_5,mp-1077996,Cr2 Rh4 Se8,2926,110,0.31343742604842983,42,0,na
2926_6,mp-1077996,Cr2 Rh4 Se8,2926,110,0.5,42,0,na
2926_7,mp-1077996,Cr2 Rh4 Se8,2926,11-1,0.17239548689922984,56,0,na
2926_8,mp-1077996,Cr2 Rh4 Se8,2926,11-1,0.5,56,0,na
2926_9,mp-1077996,Cr2 Rh4 Se8,2926,101,0.0167674568995263,42,0,na
2926_10,mp-1077996,Cr2 Rh4 Se8,2926,101,0.05962830620438042,42,0,na
2926_11,mp-1077996,Cr2 Rh4 Se8,2926,101,0.25,42,0,na
2926_12,mp-1077996,Cr2 Rh4 Se8,2926,100,0.06407964323373568,14,0,na
2926_13,mp-1077996,Cr2 Rh4 Se8,2926,100,0.1845428768148959,14,0,na
2926_14,mp-1077996,Cr2 Rh4 Se8,2926,100,0.25,14,0,na
2926_15,mp-1077996,Cr2 Rh4 Se8,2926,10-1,0.007693924061846769,28,0,na
2926_16,mp-1077996,Cr2 Rh4 Se8,2926,10-1,0.09299236122446386,28,0,na
2926_17,mp-1077996,Cr2 Rh4 Se8,2926,10-1,0.24999999999999997,28,0,na
2926_18,mp-1077996,Cr2 Rh4 Se8,2926,011,0.1339881034481949,56,0,na
2926_19,mp-1077996,Cr2 Rh4 Se8,2926,011,0.25,56,0,na
2926_20,mp-1077996,Cr2 Rh4 Se8,2926,010,0.25,42,0,na
2926_21,mp-1077996,Cr2 Rh4 Se8,2926,001,0.015138370060476025,28,0,na
2926_22,mp-1077996,Cr2 Rh4 Se8,2926,001,0.15236906054116262,28,0,na
2926_23,mp-1077996,Cr2 Rh4 Se8,2926,001,0.3660118965518051,28,0,na
2926_24,mp-1077996,Cr2 Rh4 Se8,2926,001,0.5,28,0,na
2926_25,mp-1077996,Cr2 Rh4 Se8,2926,221,0.07152975373070491,112,0,na
2926_26,mp-1077996,Cr2 Rh4 Se8,2926,221,0.2499999999999999,112,0,na
2926_27,mp-1077996,Cr2 Rh4 Se8,2926,22-1,0.05031095980182382,84,0,na
2926_28,mp-1077996,Cr2 Rh4 Se8,2926,22-1,0.25000000000000006,84,0,na
2926_29,mp-1077996,Cr2 Rh4 Se8,2926,212,0.01676745689952641,84,0,na
2926_30,mp-1077996,Cr2 Rh4 Se8,2926,212,0.06772842720946026,84,0,na
2926_31,mp-1077996,Cr2 Rh4 Se8,2926,212,0.12499999999999989,84,0,na
2926_32,mp-1077996,Cr2 Rh4 Se8,2926,211,0.10694049253858973,140,0,na
2926_33,mp-1077996,Cr2 Rh4 Se8,2926,210,0.11276718069484959,56,0,na
2926_34,mp-1077996,Cr2 Rh4 Se8,2926,21-2,0.03200763877553614,84,0,na
2926_35,mp-1077996,Cr2 Rh4 Se8,2926,21-2,0.12499999999999994,84,0,na
2926_36,mp-1077996,Cr2 Rh4 Se8,2926,201,0.05853015534017192,56,0,na
2926_37,mp-1077996,Cr2 Rh4 Se8,2926,201,0.13005990907087694,56,0,na
2926_38,mp-1077996,Cr2 Rh4 Se8,2926,201,0.24999999999999978,56,0,na
2926_39,mp-1077996,Cr2 Rh4 Se8,2926,122,0.03717989862190718,112,0,na
2926_40,mp-1077996,Cr2 Rh4 Se8,2926,122,0.12499999999999989,112,0,na
2926_41,mp-1077996,Cr2 Rh4 Se8,2926,121,0.12499999999999989,84,0,na
2926_42,mp-1077996,Cr2 Rh4 Se8,2926,120,0.03203982161686774,84,0,na
2926_43,mp-1077996,Cr2 Rh4 Se8,2926,120,0.09227143840744789,84,0,na
2926_44,mp-1077996,Cr2 Rh4 Se8,2926,12-1,0.036771893184519566,84,0,na
2926_45,mp-1077996,Cr2 Rh4 Se8,2926,12-1,0.12500000000000006,84,0,na
2926_46,mp-1077996,Cr2 Rh4 Se8,2926,12-2,0.05325861554574926,112,0,na
2926_47,mp-1077996,Cr2 Rh4 Se8,2926,12-2,0.12500000000000003,112,0,na
2926_48,mp-1077996,Cr2 Rh4 Se8,2926,112,0.05882195399787982,84,0,na
2926_49,mp-1077996,Cr2 Rh4 Se8,2926,112,0.15508962618516442,84,0,na
2926_50,mp-1077996,Cr2 Rh4 Se8,2926,112,0.25,84,0,na
2926_51,mp-1077996,Cr2 Rh4 Se8,2926,11-2,0.05325861554574929,84,0,na
2926_52,mp-1077996,Cr2 Rh4 Se8,2926,11-2,0.1300705753000681,84,0,na
2926_53,mp-1077996,Cr2 Rh4 Se8,2926,11-2,0.24999999999999983,84,0,na
2926_54,mp-1077996,Cr2 Rh4 Se8,2926,102,0.010821027687986318,84,0,na
2926_55,mp-1077996,Cr2 Rh4 Se8,2926,102,0.05882195399787982,84,0,na
2926_56,mp-1077996,Cr2 Rh4 Se8,2926,102,0.125,84,0,na
2926_57,mp-1077996,Cr2 Rh4 Se8,2926,10-2,0.05325861554574926,56,0,na
2926_58,mp-1077996,Cr2 Rh4 Se8,2926,10-2,0.12499999999999997,56,0,na
2926_59,mp-1077996,Cr2 Rh4 Se8,2926,012,0.01513837006047597,84,0,na
2926_60,mp-1077996,Cr2 Rh4 Se8,2926,012,0.125,84,0,na
2922_0,mp-568661,Cd2 In4 Se8,2922,111,0.033628846144952096,42,0,na
2922_1,mp-568661,Cd2 In4 Se8,2922,111,0.11701795641632406,42,0,na
2922_2,mp-568661,Cd2 In4 Se8,2922,111,0.20838911027137197,42,0,na
2922_3,mp-568661,Cd2 In4 Se8,2922,111,0.3164910217918381,42,0,na
2922_4,mp-568661,Cd2 In4 Se8,2922,111,0.4414910217918381,42,0,na
2922_5,mp-568661,Cd2 In4 Se8,2922,110,0.22511986793679006,42,0,na
2922_6,mp-568661,Cd2 In4 Se8,2922,110,0.47511986793679006,42,0,na
2922_7,mp-568661,Cd2 In4 Se8,2922,101,0.0,28,0,na
2922_8,mp-568661,Cd2 In4 Se8,2922,101,0.179050955760233,28,0,na
2922_9,mp-568661,Cd2 In4 Se8,2922,101,0.2960689121765572,28,0,na
2922_10,mp-568661,Cd2 In4 Se8,2922,101,0.4210689121765572,28,0,na
2922_11,mp-568661,Cd2 In4 Se8,2922,100,0.11255993396839503,28,0,na
2922_12,mp-568661,Cd2 In4 Se8,2922,100,0.25,28,0,na
2922_13,mp-568661,Cd2 In4 Se8,2922,001,0.058508978208162,14,0,na
2922_14,mp-568661,Cd2 In4 Se8,2922,001,0.18350897820816198,14,0,na
2922_15,mp-568661,Cd2 In4 Se8,2922,221,0.05850897820816192,84,0,na
2922_16,mp-568661,Cd2 In4 Se8,2922,221,0.14988013206320983,84,0,na
2922_17,mp-568661,Cd2 In4 Se8,2922,221,0.22511986793678995,84,0,na
2922_18,mp-568661,Cd2 In4 Se8,2922,212,0.10011986793679006,84,0,na
2922_19,mp-568661,Cd2 In4 Se8,2922,212,0.23755993396839514,84,0,na
2922_20,mp-568661,Cd2 In4 Se8,2922,211,0.08952547788011656,112,0,na
2922_21,mp-568661,Cd2 In4 Se8,2922,211,0.17291458815148852,112,0,na
2922_22,mp-568661,Cd2 In4 Se8,2922,211,0.23541458815148852,112,0,na
2922_23,mp-568661,Cd2 In4 Se8,2922,211,0.2894655439117215,112,0,na
2922_24,mp-568661,Cd2 In4 Se8,2922,211,0.35196554391172163,112,0,na
2922_25,mp-568661,Cd2 In4 Se8,2922,211,0.38559439005667373,112,0,na
2922_26,mp-568661,Cd2 In4 Se8,2922,211,0.4751198679367902,112,0,na
2922_27,mp-568661,Cd2 In4 Se8,2922,210,0.0438399009525926,56,0,na
2922_28,mp-568661,Cd2 In4 Se8,2922,210,0.10011986793679009,56,0,na
2922_29,mp-568661,Cd2 In4 Se8,2922,210,0.125,56,0,na
2922_30,mp-568661,Cd2 In4 Se8,2922,201,0.016814423072476048,56,0,na
2922_31,mp-568661,Cd2 In4 Se8,2922,201,0.05850897820816203,56,0,na
2922_32,mp-568661,Cd2 In4 Se8,2922,201,0.10419455513568598,56,0,na
2922_33,mp-568661,Cd2 In4 Se8,2922,112,0.34213782435311413,42,0,na
2922_34,mp-568661,Cd2 In4 Se8,2922,112,0.7251198679367901,42,0,na
2922_35,mp-568661,Cd2 In4 Se8,2922,112,0.8829820435836759,42,0,na
2922_36,mp-568661,Cd2 In4 Se8,2922,102,0.015964087167352092,42,0,na
2922_37,mp-568661,Cd2 In4 Se8,2922,102,0.25000000000000006,42,0,na
