crystal_id,slab_id,miller,shift,surface_energy_pred,area_pred
103,103_3,"(1, 0, 0)",0.12500,0.04119,0.00000
103,103_2,"(1, 1, 0)",0.25000,0.03255,0.46546
103,103_6,"(2, 1, 0)",0.06250,0.03551,0.18024
103,103_0,"(1, 1, 1)",0.12500,0.04835,0.00000
103,103_1,"(1, 1, 1)",0.50000,0.02935,0.00000
103,103_5,"(2, 1, 1)",0.12500,0.03460,0.35429
103,103_4,"(2, 2, 1)",0.06250,0.03707,0.00000
105,105_11,"(2, 1, 2)",0.12500,0.12282,0.04123
105,105_10,"(2, 1, 2)",0.04278,0.12304,0.00000
105,105_8,"(2, 2, 1)",0.04111,0.11528,0.00677
105,105_19,"(1, 0, 2)",0.08557,0.11523,0.34858
105,105_5,"(1, 0, 0)",0.25000,0.12215,0.03242
105,105_18,"(1, 1, 2)",0.50000,0.13061,0.00000
105,105_12,"(2, 1, 1)",0.08389,0.12259,0.01744
105,105_16,"(2, 0, 1)",0.12500,0.12320,0.00000
105,105_0,"(1, 1, 1)",0.08222,0.11764,0.11067
105,105_14,"(2, 1, 0)",0.12500,0.12190,0.01965
105,105_1,"(1, 1, 1)",0.25000,0.12239,0.00000
105,105_17,"(1, 1, 2)",0.16443,0.12247,0.00000
105,105_6,"(0, 0, 1)",0.08222,0.09496,0.25427
105,105_2,"(1, 1, 0)",0.50000,0.11199,0.14605
105,105_9,"(2, 2, 1)",0.12500,0.11914,0.00000
105,105_15,"(2, 0, 1)",0.04111,0.12184,0.00000
105,105_13,"(2, 1, 1)",0.25000,0.12303,0.00000
105,105_3,"(1, 0, 1)",0.16778,0.12126,0.02292
105,105_7,"(0, 0, 1)",0.25000,0.13648,0.00000
105,105_4,"(1, 0, 1)",0.50000,0.12011,0.00000
105,105_20,"(1, 0, 2)",0.25000,0.11671,0.00000
102,102_6,"(2, 2, 1)",0.06250,0.08883,0.00000
102,102_2,"(1, 0, 1)",0.12500,0.09135,0.00115
102,102_0,"(1, 1, 1)",0.12500,0.08554,0.00000
102,102_10,"(2, 1, 0)",0.12500,0.09515,0.00000
102,102_11,"(2, 0, 1)",0.06250,0.09143,0.00000
102,102_9,"(2, 1, 1)",0.18750,0.09170,0.00000
102,102_3,"(1, 0, 1)",0.37500,0.09710,0.00000
102,102_7,"(2, 1, 2)",0.12500,0.08568,0.00000
102,102_12,"(1, 1, 2)",0.50000,0.07199,0.77076
102,102_1,"(1, 1, 0)",0.25000,0.09077,0.00000
102,102_4,"(1, 0, 0)",0.25000,0.08201,0.14426
102,102_8,"(2, 1, 1)",0.06250,0.09138,0.00000
102,102_5,"(0, 0, 1)",0.12500,0.08463,0.08384
102,102_13,"(1, 0, 2)",0.25000,0.09154,0.00000
104,104_1,"(1, 1, 0)",0.50000,0.10251,0.26651
104,104_0,"(1, 1, 1)",0.25000,0.12932,0.00000
104,104_2,"(1, 0, 1)",0.50000,0.10405,0.62926
104,104_8,"(2, 1, 0)",0.12500,0.12440,0.00000
104,104_4,"(0, 0, 1)",0.25000,0.12123,0.08084
104,104_3,"(1, 0, 0)",0.25000,0.12672,0.00000
104,104_5,"(2, 2, 1)",0.12500,0.12278,0.00000
104,104_6,"(2, 1, 2)",0.12500,0.12347,0.00000
104,104_9,"(2, 0, 1)",0.12500,0.11800,0.00978
104,104_10,"(1, 1, 2)",0.25000,0.12616,0.01361
104,104_11,"(1, 0, 2)",0.12500,0.12481,0.00000
104,104_7,"(2, 1, 1)",0.25000,0.12150,0.00000
101,101_2,"(1, 0, 0)",0.25000,0.17313,0.00495
101,101_5,"(2, 1, 0)",0.12500,0.15843,0.13917
101,101_3,"(2, 2, 1)",0.12500,0.15498,0.04333
101,101_0,"(1, 1, 1)",0.25000,0.15803,0.01092
101,101_1,"(1, 1, 0)",0.50000,0.14357,0.47509
101,101_4,"(2, 1, 1)",0.25000,0.15280,0.32654
