crystal_index,mp_id,formula,num_elements,num_atoms
2618,mp-1025397,GeRu,2,8
2619,mp-1061732,MgZr2,2,9
2620,mp-11413,ScGa2,2,12
2621,mp-2287,SiRh,2,8
2622,mp-10886,Al3Cu2,2,5
2623,mp-203,NiTe,2,4
2624,mp-11516,NbRu,2,2
2625,mp-12065,Ag3Pt,2,4
2626,mp-15679,CoAs,2,4
2627,mp-11233,ZrAl,2,8
2628,mp-1159,Zr2Fe,2,12
2629,mp-1079229,Mg3Pd,2,8
2630,mp-2619,FeSb,2,4
2631,mp-1079832,ScTe,2,8
2632,mp-1912,ZnAg,2,2
2633,mp-249,HfAl,2,8
2634,mp-1019322,Te2W,2,6
2635,mp-11515,NbRh,2,4
2636,mp-2210,ZrCu,2,2
2637,mp-571160,Tl2Pt,2,12
2638,mp-1135,NbPd3,2,8
2639,mp-15650,AsRu,2,8
2640,mp-1008601,ZrAg2,2,6
2641,mp-999318,NiBi,2,4
2642,mp-258,ZrV2,2,24
2643,mp-30423,VAu2,2,12
2644,mp-1649,Fe3Pt,2,4
2645,mp-570197,Bi2Pd,2,6
2646,mp-12777,AlCu3,2,16
2647,mp-2827,YCo5,2,6
2648,mp-1079182,AlPt3,2,8
2649,mp-9945,CoTe2,2,6
2650,mp-30685,ZrGa3,2,8
2651,mp-20828,Pt3Pb,2,4
2652,mp-998,Al2Cu,2,12
2653,mp-644500,Zn7Mo,2,32
2654,mp-602,Te2Mo,2,6
2655,mp-2668,Mn3As,2,16
2656,mp-2439,ZrNi5,2,24
2657,mp-404,MnTe,2,4
2658,mp-11407,GaPt3,2,4
2659,mp-1797,MnNi,2,2
2660,mp-20664,Mn2Sb,2,6
2661,mp-20086,MnSn2,2,12
2662,mp-2614,HfAl3,2,8
2663,mp-2752,Nb3Au,2,8
2664,mp-567181,ZrRh,2,16
2665,mp-22787,Fe2Si,2,6
2666,mp-1069,HfSi2,2,12
2667,mp-16521,Al3Os2,2,10
2668,mp-10052,TiAs,2,4
2669,mp-30418,SnAu5,2,18
2670,mp-570428,Sc3In,2,4
2671,mp-1070103,Hf2Pt3,2,10
2672,mp-1157,TaNi2,2,6
2673,mp-2743,LiPd,2,2
2674,mp-569775,ZrAl3,2,4
2675,mp-228,Te2Rh,2,3
2676,mp-893,ZrSi,2,8
2677,mp-20344,Fe3Ge,2,4
2678,mp-1043,HfV2,2,24
2679,mp-1078766,GaFe3,2,8
2680,mp-21078,Fe3Ge,2,8
2681,mp-1069697,VAu4,2,10
2682,mp-2488,SiOs,2,8
2683,mp-2783,Ta2Si,2,12
2684,mp-11279,TiBe,2,2
2685,mp-1339,NbIr3,2,4
2686,mp-7474,Cu2As,2,6
2687,mp-569516,HfNi5,2,24
2688,mp-31337,InPd3,2,4
2689,mp-568865,ZrTe,2,8
2690,mp-1078755,SbPt3,2,16
2691,mp-12778,VOs,2,2
2692,mp-1018102,ZrPd2,2,6
2693,mp-1063314,Ca2Rh,2,12
2694,mp-1069815,In3Pt2,2,5
2695,mp-998985,TiAu,2,4
2696,mp-20291,YPb3,2,4
2697,mp-22060,Nb3In,2,8
2698,mp-695,TiCo2,2,24
2699,mp-22079,AsRh,2,8
2700,mp-12661,Cd3In,2,4
2701,mp-1062620,Sr2Ir,2,12
2702,mp-670,NbCo2,2,24
2703,mp-11500,MnNi,2,2
2704,mp-672371,Ni3Sb,2,8
2705,mp-30708,HfNi2,2,24
2706,mp-1063245,Sr2Rh,2,12
2707,mp-11307,MgCd,2,4
2708,mp-672661,GaFe3,2,16
2709,mp-590,NiAs,2,4
2710,mp-238,MnPd,2,2
2711,mp-21318,PtPb2,2,12
2712,mp-873,VPd3,2,8
2713,mp-1009834,Al2Ru,2,6
2714,mp-980094,TiPd,2,4
2715,mp-22211,V3Sn,2,8
2716,mp-1543,Ge2Pt,2,6
2717,mp-1017540,ZrCd,2,4
2718,mp-30562,Sc2Co,2,12
2719,mp-11513,NbNi3,2,8
2720,mp-2757,CdAu,2,2
2721,mp-30351,MgAg3,2,4
2722,mp-1067210,ZrCu,2,4
2723,mp-30599,Ti2Cu3,2,10
2724,mp-1231,Cr3Ga,2,8
2725,mp-1018121,TiPd2,2,6
2726,mp-569265,Mg3Pt,2,8
2727,mp-11261,YAu,2,2
2728,mp-188,AlPt3,2,4
2729,mp-21030,Ti3Sn,2,8
2730,mp-999192,SiNi,2,4
2731,mp-829,AlPd,2,2
2732,mp-30485,Ca3Zn,2,16
2733,mp-7753,MgPd3,2,4
2734,mp-1082,VIr3,2,4
2735,mp-11563,TiRh,2,2
2736,mp-571195,ZnTe,2,6
2737,mp-1179013,TiNi,2,4
2738,mp-1594,Ni2Ge,2,6
2739,mp-16522,Al2Pd,2,12
2740,mp-22510,FeGe,2,16
2741,mp-1799,TaCo2,2,24
2742,mp-20155,CoSn2,2,12
2743,mp-10596,FeIr3,2,4
2744,mp-1185,VRh3,2,4
2745,mp-2553,HfBe2,2,3
2746,mp-571059,YCd3,2,16
2747,mp-2557,Zr2Al,2,6
2748,mp-1080448,AlPt3,2,16
2749,mp-30858,ZrPt3,2,4
2750,mp-11489,Li3Pd,2,16
2751,mp-1252,ZrBe2,2,3
2752,mp-11228,YAl,2,8
2753,mp-2250,ZrNi2,2,24
2754,mp-1251,VRh,2,2
2755,mp-2323,BeCu,2,2
2756,mp-12772,Hf2Al,2,12
2757,mp-638,SrZn5,2,6
2758,mp-22784,InNi3,2,4
2759,mp-8053,YCo,2,8
2760,mp-1019,YNi2,2,24
2761,mp-20866,GeRh,2,8
2762,mp-1078964,Mg3Au,2,8
2763,mp-21117,FeGe2,2,12
2764,mp-1077297,Zr2Ir,2,12
2765,mp-2263,ScIr2,2,24
2766,mp-1941,GaNi,2,2
2767,mp-13548,Cs2Pt,2,6
2768,mp-570673,ScNi5,2,6
2769,mp-21255,FeGe,2,8
2770,mp-22752,FeSn2,2,12
2771,mp-10264,NiTe,2,12
2772,mp-2582,TiSi2,2,24
2773,mp-19814,NiAs2,2,6
2774,mp-21400,Ga3Pt2,2,5
2775,mp-10260,Ni3Sb,2,16
2776,mp-1018179,AlAu2,2,6
2777,mp-510436,InPd3,2,4
2778,mp-1077023,TiCu2,2,12
2779,mp-571,TiNi,2,2
2780,mp-19974,In2Ag,2,12
2781,mp-13363,SiPt3,2,16
2782,mp-22704,YIn,2,2
2783,mp-1007664,InPd3,2,8
2784,mp-1025459,HfTe3,2,8
2785,mp-11231,YAl3,2,4
2786,mp-507,SiNi2,2,6
2787,mp-1078602,ZrIn3,2,16
2788,mp-570751,Nb3Te,2,8
2789,mp-2028,Be2Nb,2,24
2790,mp-7565,SbRu,2,8
2791,mp-2676,TaBe2,2,24
2792,mp-1018150,NbTe2,2,3
2793,mp-11522,Ni3Sn,2,4
2794,mp-1072645,Si2Os,2,12
2795,mp-21385,In3Ni2,2,5
2796,mp-603,Be2Ag,2,24
2797,mp-774,CaNi5,2,6
2798,mp-568711,VPd3,2,4
2799,mp-567525,Te2Au,2,6
2800,mp-1077322,BaAg2,2,12
2801,mp-1080147,Ni3Sn,2,8
2802,mp-1281,VIr,2,2
2803,mp-861,Hf2Ni,2,12
2804,mp-1335,VFe,2,2
2805,mp-12779,CdTe,2,4
2806,mp-565,Sn2Rh,2,12
2807,mp-381,SiRu,2,2
2808,mp-1486,ZnNi,2,2
2809,mp-2027,HfCo,2,2
2810,mp-416,Cr3Os,2,8
2811,mp-1025010,Be5Fe,2,24
2812,mp-610,MnAs,2,4
2813,mp-1018672,CoAs2,2,6
2814,mp-567345,NbRh,2,6
2815,mp-12769,YSi2,2,12
2816,mp-11809,TiAl2,2,12
2817,mp-1025067,ReGe2,2,12
2818,mp-7948,ReSi,2,8
2819,mp-875,AlOs,2,2
2820,mp-12546,TiCu3,2,8
2821,mp-30739,Mg3Ir,2,8
2822,mp-2285,Te2Ir,2,3
2823,mp-30876,Zr3Sn,2,8
2824,mp-902,BaZn,2,2
2825,mp-1708,YTe,2,8
2826,mp-571030,TlPd3,2,8
2827,mp-570904,GaNi2,2,6
2828,mp-570691,Ti3Sn,2,4
2829,mp-2808,ZrRh,2,2
2830,mp-2642,CdAg,2,2
2831,mp-1641,CrSb,2,4
2832,mp-1080022,ZrCu,2,16
2833,mp-20883,Fe3Sn,2,8
2834,mp-10692,CoGe,2,8
2835,mp-1028,V3Te4,2,14
2836,mp-1018105,Zr2Zn,2,6
2837,mp-712,YCu,2,2
2838,mp-2103,CuAu3,2,4
2839,mp-30850,TaPt3,2,8
2840,mp-1062676,K2Pt,2,12
2841,mp-12107,TiPt3,2,4
2842,mp-30603,ZrCu5,2,24
2843,mp-30500,TiCd,2,4
2844,mp-29772,YGe3,2,16
2845,mp-1087479,CrCo3,2,8
2846,mp-1017531,VPt,2,4
2847,mp-569249,Ta3Au,2,8
2848,mp-1018026,LiAg,2,8
2849,mp-10201,Ge2Mo,2,6
2850,mp-12067,MnAl,2,2
2851,mp-568014,Nb3Bi,2,8
2852,mp-1902,MnPd,2,2
2853,mp-1070789,CrAu4,2,10
2854,mp-372,VPt3,2,4
2855,mp-22469,InNi3,2,8
2856,mp-514,HfZn2,2,24
2857,mp-30764,LiPt2,2,24
2858,mp-9835,CoSb2,2,6
2859,mp-2831,FePd,2,2
2860,mp-1232,Mo3Pt,2,8
2861,mp-1077179,As2W,2,12
2862,mp-636328,TiPd3,2,4
2863,mp-891,TaNi3,2,8
2864,mp-12110,TaRu,2,2
2865,mp-11523,Ni3Sn,2,16
2866,mp-9998,MoAs,2,8
2867,mp-11412,ScGa2,2,12
2868,mp-1078012,Cr3Te4,2,14
2869,mp-11358,TaCo3,2,4
2870,mp-11571,YSn3,2,4
2871,mp-30410,Mn2Au5,2,14
2872,mp-2449,NbRh3,2,4
2873,mp-1077536,ZnSb2,2,6
2874,mp-30885,YZn5,2,6
2875,mp-30663,Ga3Pt5,2,16
2876,mp-796,Nb3Al,2,8
2877,mp-1078666,GaPt3,2,8
2878,mp-1030,SbPt7,2,32
2879,mp-13138,Cu3Sn,2,8
2880,mp-2018,AlFe3,2,16
2881,mp-581786,Cu3Sn,2,8
2882,mp-11229,YAl,2,2
2883,mp-22320,GaRu,2,2
2884,mp-1483,SiRh,2,8
2885,mp-1609,Cr3Ir,2,8
2886,mp-610522,Mn2As,2,6
2887,mp-801,Mo3Os,2,8
