crystal_id,slab_id,miller,shift,surface_energy_pred,area_pred
104,104_0,"(1, 1, 1)",0.25000,0.13248,0.00000
104,104_1,"(1, 1, 0)",0.50000,0.10452,0.27597
104,104_10,"(1, 1, 2)",0.25000,0.12569,0.05333
104,104_11,"(1, 0, 2)",0.12500,0.12525,0.01571
104,104_2,"(1, 0, 1)",0.50000,0.10787,0.52341
104,104_3,"(1, 0, 0)",0.25000,0.12513,0.00096
104,104_4,"(0, 0, 1)",0.25000,0.12257,0.08213
104,104_5,"(2, 2, 1)",0.12500,0.12345,0.00000
104,104_6,"(2, 1, 2)",0.12500,0.12322,0.00966
104,104_7,"(2, 1, 1)",0.25000,0.12294,0.00000
104,104_8,"(2, 1, 0)",0.12500,0.12552,0.00000
104,104_9,"(2, 0, 1)",0.12500,0.11839,0.03884
105,105_0,"(1, 1, 1)",0.08222,0.11731,0.05005
105,105_1,"(1, 1, 1)",0.25000,0.12425,0.00000
105,105_10,"(2, 1, 2)",0.04278,0.12181,0.07539
105,105_11,"(2, 1, 2)",0.12500,0.12202,0.00000
105,105_12,"(2, 1, 1)",0.08389,0.12435,0.00000
105,105_13,"(2, 1, 1)",0.25000,0.12338,0.00000
105,105_14,"(2, 1, 0)",0.12500,0.12221,0.01491
105,105_15,"(2, 0, 1)",0.04111,0.12215,0.00217
105,105_16,"(2, 0, 1)",0.12500,0.12299,0.00000
105,105_17,"(1, 1, 2)",0.16443,0.12229,0.07733
105,105_18,"(1, 1, 2)",0.50000,0.13029,0.00000
105,105_19,"(1, 0, 2)",0.08557,0.11551,0.31704
105,105_2,"(1, 1, 0)",0.50000,0.11163,0.15101
105,105_20,"(1, 0, 2)",0.25000,0.11666,0.00000
105,105_3,"(1, 0, 1)",0.16778,0.12090,0.02332
105,105_4,"(1, 0, 1)",0.50000,0.12032,0.00000
105,105_5,"(1, 0, 0)",0.25000,0.12120,0.03995
105,105_6,"(0, 0, 1)",0.08222,0.09535,0.24883
105,105_7,"(0, 0, 1)",0.25000,0.13624,0.00000
105,105_8,"(2, 2, 1)",0.04111,0.11616,0.00000
105,105_9,"(2, 2, 1)",0.12500,0.11913,0.00000
103,103_0,"(1, 1, 1)",0.12500,0.04757,0.00000
103,103_1,"(1, 1, 1)",0.50000,0.03009,0.00000
103,103_2,"(1, 1, 0)",0.25000,0.03208,0.54401
103,103_3,"(1, 0, 0)",0.12500,0.04113,0.00000
103,103_4,"(2, 2, 1)",0.06250,0.03702,0.00000
103,103_5,"(2, 1, 1)",0.12500,0.03463,0.30239
103,103_6,"(2, 1, 0)",0.06250,0.03557,0.15360
101,101_0,"(1, 1, 1)",0.25000,0.15580,0.02430
101,101_1,"(1, 1, 0)",0.50000,0.14437,0.42373
101,101_2,"(1, 0, 0)",0.25000,0.16345,0.04485
101,101_3,"(2, 2, 1)",0.12500,0.15441,0.04708
101,101_4,"(2, 1, 1)",0.25000,0.15233,0.32976
101,101_5,"(2, 1, 0)",0.12500,0.15692,0.13028
102,102_0,"(1, 1, 1)",0.12500,0.08463,0.00000
102,102_1,"(1, 1, 0)",0.25000,0.09112,0.00000
102,102_10,"(2, 1, 0)",0.12500,0.09472,0.00000
102,102_11,"(2, 0, 1)",0.06250,0.09139,0.00000
102,102_12,"(1, 1, 2)",0.50000,0.07181,0.76891
102,102_13,"(1, 0, 2)",0.25000,0.09191,0.00000
102,102_2,"(1, 0, 1)",0.12500,0.09152,0.00049
102,102_3,"(1, 0, 1)",0.37500,0.09748,0.00000
102,102_4,"(1, 0, 0)",0.25000,0.08187,0.14429
102,102_5,"(0, 0, 1)",0.12500,0.08375,0.08632
102,102_6,"(2, 2, 1)",0.06250,0.08861,0.00000
102,102_7,"(2, 1, 2)",0.12500,0.08544,0.00000
102,102_8,"(2, 1, 1)",0.06250,0.09233,0.00000
102,102_9,"(2, 1, 1)",0.18750,0.09136,0.00000
