slab_id,mp_id,formula,crystal_id,miller_index,shift,num_atom,test,energy,chem_system,weight,normalized_weight
748_40,mp-677,Sr4 Cd8,748,011,0.5,24,0,na,"(38, 48)",1.0,7.691716021844474e-05
566_56,mp-542454,Mo8 As12,566,20-1,0.1569639723050233,40,0,na,"(33, 42)",1.0,7.692307692307693e-05
585_51,mp-985805,Al4 Ag8,585,001,0.0,36,0,na,"(13, 47)",1.0,7.692899453804139e-05
423_29,mp-583,Co4 As4,423,121,0.5,48,0,na,"(27, 33)",1.0,7.693491306354824e-05
518_44,mp-1725,Ca4 Zn8,518,021,0.1249999999999999,48,0,na,"(20, 30)",1.0,7.694083249980765e-05
178_15,mp-782,Te2 Pd1,178,100,0.1666666666666666,9,0,na,"(46, 52)",1.0,7.694675284702985e-05
728_43,mp-13010,Y4 Sn8,728,010,0.173763695941325,12,0,na,"(39, 50)",1.0,7.695267410542516e-05
376_54,mp-11840,Ba4 Ag4,376,010,0.1223219519237233,16,0,na,"(47, 56)",1.0,7.695859627520394e-05
803_17,mp-1007786,Hf2 Ir2,803,210,0.0999955621027695,32,0,na,"(72, 77)",1.0,7.696451935657662e-05
245_7,mp-564,Te2 Pd2,245,210,0.0833333333333334,32,0,na,"(46, 52)",1.0,7.69704433497537e-05
827_100,mp-2089,Zr2 Te6,827,012,0.1213782168519018,32,0,na,"(40, 52)",1.0,7.697636825494573e-05
380_15,mp-1077791,Zr4 Sc8,380,212,0.2500000000000004,60,0,na,"(21, 40)",1.0,7.698229407236336e-05
74_16,mp-1278,Zr8 Si4,74,201,0.0,48,0,na,"(14, 40)",1.0,7.698822080221726e-05
827_55,mp-2089,Zr2 Te6,827,122,0.0876700935711698,48,0,na,"(40, 52)",1.0,7.69941484447182e-05
341_15,mp-2578,Ni1 Te2,341,100,0.1666666666666666,9,0,na,"(28, 52)",1.0,7.7000077000077e-05
333_4,mp-9972,Y4 Si4,333,221,0.1083567854362215,48,0,na,"(14, 39)",1.0,7.700600646850454e-05
457_21,mp-2105,Hf6 Si4,457,201,0.1001063561049625,40,0,na,"(14, 72)",1.0,7.701193685021179e-05
109_12,mp-867141,Re2 Os6,109,101,0.0,32,0,na,"(75, 76)",1.0,7.701786814540974e-05
83_11,mp-11482,Mo2 Ir6,83,210,0.25,48,0,na,"(42, 77)",1.0,7.702380035430948e-05
225_3,mp-974358,Ir6 Ru2,225,212,0.125,64,0,na,"(44, 77)",1.0,7.702973347712218e-05
873_18,mp-1078957,Ta6 Be4,873,101,0.0568118182360813,40,0,na,"(4, 73)",1.0,7.703566751405901e-05
439_6,mp-1187206,Ta12 W4,439,100,0.125,32,0,na,"(73, 74)",1.0,7.704160246533128e-05
348_30,mp-11398,Ga6 Ni10,348,021,0.2812228457856989,64,0,na,"(28, 31)",1.0,7.704753833115032e-05
106_0,mp-972042,Zn6 Cu2,106,111,0.0,40,0,na,"(29, 30)",1.0,7.705347511172754e-05
136_34,mp-12723,Ca4 Au4,136,011,0.1389806186460056,24,0,na,"(20, 79)",1.0,7.70594128072744e-05
642_13,mp-985806,Al4 Cu2,642,001,0.125,12,0,na,"(13, 29)",1.0,7.706535141800247e-05
285_2,mp-15669,Ti6 Te8,285,111,0.4999999999999999,56,0,na,"(22, 52)",1.0,7.707129094412332e-05
423_37,mp-583,Co4 As4,423,102,0.0548929773221652,48,0,na,"(27, 33)",1.0,7.707723138584863e-05
521_6,mp-30365,Be4 Au4,521,221,0.0960898268710082,64,0,na,"(4, 79)",1.0,7.708317274339012e-05
531_17,mp-1008626,V1 Te2,531,2-12,0.1291918935805966,24,0,na,"(23, 52)",1.0,7.70891150169596e-05
431_4,mp-1180,Mn1 Pt3,431,210,0.125,24,0,na,"(25, 78)",1.0,7.709505820676895e-05
398_23,mp-864889,Zr2 Zn6,398,102,0.0,48,0,na,"(30, 40)",1.0,7.710100231303006e-05
880_8,mp-567889,Ti8 Ge16,880,110,0.0843820151439979,72,0,na,"(22, 32)",1.0,7.710694733595497e-05
438_12,mp-1216621,Ti2 W2,438,112,0.125,24,0,na,"(22, 74)",1.0,7.711289327575571e-05
64_4,mp-30435,Ba4 Zn8,64,221,0.13999900232934,72,0,na,"(30, 56)",1.0,7.71188401326444e-05
770_14,mp-9954,Hf4 As4,770,101,0.183443946358498,32,0,na,"(33, 72)",1.0,7.712478790683326e-05
226_28,mp-31103,Ni6 Te4,226,101,0.5,30,0,na,"(28, 52)",1.0,7.713073659853452e-05
871_20,mp-669917,Zr4 Rh4,871,210,0.1250000000000001,48,0,na,"(40, 45)",1.0,7.71366862079605e-05
659_1,mp-999298,Pd3 Au1,659,221,0.125,32,0,na,"(46, 79)",1.0,7.714263673532361e-05
652_21,mp-30866,Rh6 W2,652,102,0.0,48,0,na,"(45, 74)",1.0,7.714858818083629e-05
174_4,mp-2059,Nb4 As4,174,110,0.25,40,0,na,"(33, 41)",1.0,7.715454054471106e-05
360_9,mp-570775,Ba4 Au4,360,110,0.0,24,0,na,"(56, 79)",1.0,7.716049382716049e-05
440_6,mp-11387,Hf2 Ga6,440,210,0.125,48,0,na,"(31, 72)",1.0,7.716644802839726e-05
864_19,mp-10212,Sc4 Ge8,864,100,0.25,36,0,na,"(21, 32)",1.0,7.717240314863405e-05
604_2,mp-21845,Fe1 Pd3,604,110,0.25,16,0,na,"(26, 46)",1.0,7.717835918808367e-05
880_33,mp-567889,Ti8 Ge16,880,011,0.25,48,0,na,"(22, 32)",1.0,7.718431614695894e-05
274_6,mp-1404,Cd2 Au2,274,212,0.0,32,0,na,"(48, 79)",1.0,7.719027402547279e-05
514_0,mp-2767,Ti1 Ga1,514,111,0.2500000000000001,12,0,na,"(22, 31)",1.0,7.71962328238382e-05
272_28,mp-30483,Ca4 Zn4,272,120,0.1674102642386435,24,0,na,"(20, 30)",1.0,7.72021925422682e-05
620_1,mp-862620,Ir2 Ru6,620,221,0.0,64,0,na,"(44, 77)",1.0,7.720815318097592e-05
518_18,mp-1725,Ca4 Zn8,518,201,0.0,72,0,na,"(20, 30)",1.0,7.72141147401745e-05
108_12,mp-1018149,Sc2 Cu4,108,201,0.0434307743054362,48,0,na,"(21, 29)",1.0,7.722007722007723e-05
661_25,mp-427,Fe4 As4,661,122,0.1125448702200699,48,0,na,"(26, 33)",1.0,7.722604062089736e-05
295_14,mp-1219908,Pd3 Pt3,295,102,0.1666666666666665,30,0,na,"(46, 78)",1.0,7.723200494284832e-05
867_3,mp-1018156,Hf4 Cd2,867,221,0.1249999999999999,60,0,na,"(48, 72)",1.0,7.72379701861435e-05
142_30,mp-1218044,Ta6 Ru4,142,112,0.3066725754027861,50,0,na,"(44, 73)",1.0,7.724393635099645e-05
381_49,mp-697068,Si3 Pd6,381,102,0.25,54,0,na,"(14, 46)",1.0,7.72499034376207e-05
452_28,mp-7558,Ta3 Ge6,452,2-12,0.039810628667556,54,0,na,"(32, 73)",1.0,7.725587144622991e-05
672_4,mp-1215997,Y1 In1,672,211,0.25,32,0,na,"(39, 49)",1.0,7.726184037703778e-05
77_22,mp-12565,Mn2 Au8,77,201,0.0722570926686113,40,0,na,"(25, 79)",1.0,7.726781023025808e-05
882_27,mp-22239,Ge4 Rh4,882,122,0.0959283933083521,48,0,na,"(32, 45)",1.0,7.727378100610463e-05
356_20,mp-2008,Fe2 As4,356,121,0.25,36,0,na,"(26, 33)",1.0,7.727975270479135e-05
468_20,mp-30744,Ir2 W2,468,122,0.25,32,0,na,"(74, 77)",1.0,7.728572532653218e-05
224_10,mp-13683,Hf4 Ge8,224,110,0.5,36,0,na,"(32, 72)",1.0,7.72916988715412e-05
335_2,mp-650,Be20 Pd4,335,111,0.8120676788304166,72,0,na,"(4, 46)",1.0,7.729767334003247e-05
804_18,mp-974455,Re6 Ru2,804,122,0.1674174538228215,48,0,na,"(44, 75)",1.0,7.730364873222017e-05
572_22,mp-12635,Ti2 Au8,572,112,0.1465343745126226,60,0,na,"(22, 79)",1.0,7.730962504831851e-05
828_4,mp-998972,Ti2 Au2,828,221,0.1239040956032067,40,0,na,"(22, 79)",1.0,7.731560228854182e-05
761_94,mp-542634,Ta8 Te12,761,10-2,0.1099790392139698,40,0,na,"(52, 73)",1.0,7.732158045310446e-05
462_2,mp-2726,Sr1 Cu5,462,110,0.25,24,0,na,"(29, 38)",1.0,7.732755954222085e-05
866_7,mp-12561,Ta4 As8,866,110,0.5,48,0,na,"(33, 73)",1.0,7.733353955610548e-05
743_51,mp-20619,Sb4 Rh4,743,001,0.0,16,0,na,"(45, 51)",1.0,7.733952049497293e-05
843_5,mp-2430,Zr4 Ge8,843,221,0.1546119920521977,72,0,na,"(32, 40)",1.0,7.734550235903782e-05
836_9,mp-1078699,Nb2 Pt6,836,221,0.375,64,0,na,"(41, 78)",1.0,7.735148514851485e-05
386_55,mp-1025448,Y4 Pt4,386,012,0.0606710458917412,32,0,na,"(39, 78)",1.0,7.735746886361879e-05
803_19,mp-1007786,Hf2 Ir2,803,21-1,0.0,64,0,na,"(72, 77)",1.0,7.736345350456444e-05
700_26,mp-389,Si4 Pd4,700,122,0.153256435242671,48,0,na,"(14, 46)",1.0,7.736943907156673e-05
560_33,mp-31144,Rb6 Au14,560,112,0.1549978551683998,80,0,na,"(37, 79)",1.0,7.737542556484061e-05
126_37,mp-11411,Sc4 Ga4,126,010,0.25,8,0,na,"(21, 31)",1.0,7.73814129846011e-05
308_15,mp-1061861,Ti2 Pd4,308,122,0.045809734333206,48,0,na,"(22, 46)",1.0,7.799703611262772e-05
193_12,mp-1186974,Sc6 Tl2,193,101,0.0,24,0,na,"(21, 81)",1.0,7.800312012480499e-05
744_13,mp-2157,Co6 W2,744,101,0.2525013050533107,32,0,na,"(27, 74)",1.0,7.800920508620017e-05
55_62,mp-274,Nb10 Sb8,55,012,0.055077293146994,72,0,na,"(41, 51)",1.0,7.801529099703542e-05
886_9,mp-1209,Rb1 Au5,886,101,0.1666666666666666,18,0,na,"(37, 79)",1.0,7.802137785753296e-05
722_2,mp-2369,Sn4 Pd4,722,111,0.1113463453075525,32,0,na,"(46, 50)",1.0,7.802746566791511e-05
289_30,mp-1079467,Y2 Au6,289,121,0.0,48,0,na,"(39, 79)",1.0,7.803355442840422e-05
126_7,mp-11411,Sc4 Ga4,126,110,0.5000000000000002,24,0,na,"(21, 31)",1.0,7.803964413922273e-05
397_18,mp-1183425,Be6 Co2,397,100,0.2498136515005141,24,0,na,"(4, 27)",1.0,7.804573480059315e-05
270_7,mp-863709,Ir6 Rh2,270,101,0.1250000000000002,24,0,na,"(45, 77)",1.0,7.805182641273806e-05
669_4,mp-628,Zr8 Co4,669,110,0.077450227476163,36,0,na,"(27, 40)",1.0,7.805791897588011e-05
130_50,mp-696,Si4 Pt4,130,010,0.2499999999999999,16,0,na,"(14, 78)",1.0,7.8064012490242e-05
202_39,mp-30849,Ta4 Pt8,202,021,0.0,48,0,na,"(73, 78)",1.0,7.807010695604653e-05
875_41,mp-1515,Zr4 Si8,875,010,0.0,12,0,na,"(14, 40)",1.0,7.807620237351655e-05
93_7,mp-19895,Ni2 Sb4,93,110,0.4999999999999999,24,0,na,"(28, 51)",1.0,7.808229874287499e-05
216_9,mp-11266,Ba4 Cd8,216,212,0.0938086422957731,72,0,na,"(48, 56)",1.0,7.808839606434484e-05
146_11,mp-1079938,Tl4 Pd12,146,101,0.0626580531432878,48,0,na,"(46, 81)",1.0,7.809449433814917e-05
625_28,mp-22498,Cr2 Sb4,625,102,0.2500000000000001,30,0,na,"(24, 51)",1.0,7.810059356451109e-05
579_0,mp-2152,Y1 Ni5,579,111,0.25,30,0,na,"(28, 39)",1.0,7.810669374365383e-05
827_48,mp-2089,Zr2 Te6,827,20-1,0.1084725826892363,32,0,na,"(40, 52)",1.0,7.811279487580065e-05
447_18,mp-12742,Mg4 Pd12,447,112,0.125649146302635,64,0,na,"(12, 46)",1.0,7.81188969611749e-05
197_1,mp-29665,Sb6 Au2,197,221,0.125,48,0,na,"(51, 79)",1.0,7.8125e-05
482_25,mp-862621,Ga4 Pt12,482,001,0.125,32,0,na,"(31, 78)",1.0,7.813110399249941e-05
305_45,mp-443,Ca4 Au8,305,012,0.0908760716250542,48,0,na,"(20, 79)",1.0,7.81372089388967e-05
472_12,mp-8937,Cr2 Si4,472,201,0.0407813553749267,48,0,na,"(14, 24)",1.0,7.814331483941548e-05
713_1,mp-1973,Nb2 Ga6,713,221,0.0625,64,0,na,"(31, 41)",1.0,7.814942169427946e-05
361_31,mp-865611,Mg2 Rh6,361,011,0.7927644658711123,24,0,na,"(12, 45)",1.0,7.815552950371239e-05
859_9,mp-2744,Li1 Pd1,859,101,0.4166666666666667,10,0,na,"(3, 46)",1.0,7.81616382679381e-05
651_16,mp-1064981,Hf4 Co4,651,100,0.2499999999999999,32,0,na,"(27, 72)",1.0,7.81677479871805e-05
242_9,mp-11696,As12 W8,242,110,0.0,80,0,na,"(33, 74)",1.0,7.817385866166354e-05
144_6,mp-30354,Sc2 Ag8,144,110,0.1003866036200237,30,0,na,"(21, 47)",1.0,7.817997029161128e-05
577_13,mp-30364,Ba1 Au5,577,100,0.1666666666666666,12,0,na,"(56, 79)",1.0,7.818608287724784e-05
339_7,mp-568746,Bi8 Pd4,339,221,0.4999999999999999,72,0,na,"(46, 83)",1.0,7.81921964187974e-05
790_1,mp-1099,Ni4 Ge4,790,111,0.0463680183527885,32,0,na,"(28, 32)",1.0,7.819831091648421e-05
386_32,mp-1025448,Y4 Pt4,386,121,0.0,48,0,na,"(39, 78)",1.0,7.820442637053257e-05
504_14,mp-1822,Ti4 As4,504,101,0.3674098695052165,32,0,na,"(22, 33)",1.0,7.821054278116691e-05
594_15,mp-7598,Nb4 As8,594,212,0.0915570447263787,72,0,na,"(33, 41)",1.0,7.821666014861165e-05
452_32,mp-7558,Ta3 Ge6,452,102,0.3743813206669633,36,0,na,"(32, 73)",1.0,7.822277847309137e-05
126_31,mp-11411,Sc4 Ga4,126,011,0.5,24,0,na,"(21, 31)",1.0,7.822889775483064e-05
733_11,mp-975799,Li2 Zn6,733,210,0.5,48,0,na,"(3, 30)",1.0,7.823501799405414e-05
843_0,mp-2430,Zr4 Ge8,843,111,0.0,48,0,na,"(32, 40)",1.0,7.824113919098662e-05
650_8,mp-471,Cd4 As8,650,212,0.1249999999999998,72,0,na,"(33, 48)",1.0,7.824726134585289e-05
558_43,mp-2598,Ta5 Sb4,558,011,0.5,18,0,na,"(51, 73)",1.0,7.825338445887784e-05
794_34,mp-30673,Ti4 Ga6,794,100,0.349603843117001,20,0,na,"(22, 31)",1.0,7.825950853028643e-05
663_1,mp-1780,Sc1 Rh1,663,221,0.1250000000000001,20,0,na,"(21, 45)",1.0,7.826563356030368e-05
378_0,mp-865373,Y6 Co6,378,111,0.0,72,0,na,"(27, 39)",1.0,7.827175954915466e-05
790_12,mp-1099,Ni4 Ge4,790,212,0.2500000000000003,64,0,na,"(28, 32)",1.0,7.827788649706458e-05
877_18,mp-1068446,Sc2 Au8,877,100,0.0511976842661318,20,0,na,"(21, 79)",1.0,7.828401440425865e-05
535_7,mp-16514,Al6 Ni10,535,110,0.3883910824690169,48,0,na,"(13, 28)",1.0,7.829014327096219e-05
679_11,mp-1042,Hf4 Si4,679,212,0.0504908717571446,64,0,na,"(14, 72)",1.0,7.829627309740057e-05
120_14,mp-867865,Re2 Rh6,120,101,0.5,32,0,na,"(45, 75)",1.0,7.830240388379923e-05
484_55,mp-351,Si4 Ni4,484,001,0.25,16,0,na,"(14, 28)",1.0,7.830853563038371e-05
185_22,mp-1079681,Zr2 Au6,185,210,0.2499999999999999,48,0,na,"(40, 79)",1.0,7.831466833737959e-05
509_13,mp-865022,Mn2 Ir6,509,101,0.2533820830878088,32,0,na,"(25, 77)",1.0,7.832080200501253e-05
67_76,mp-1482,Zr16 Al24,67,001,0.125,40,0,na,"(13, 40)",1.0,7.832693663350827e-05
274_20,mp-1404,Cd2 Au2,274,122,0.2500000000000001,32,0,na,"(48, 79)",1.0,7.833307222309259e-05
761_63,mp-542634,Ta8 Te12,761,10-1,0.1449249972927578,20,0,na,"(52, 73)",1.0,7.833920877399138e-05
417_8,mp-2554,Al6 V2,417,101,0.375,24,0,na,"(13, 23)",1.0,7.834534628643058e-05
428_15,mp-11272,Be4 Nb6,428,210,0.0096688101017096,40,0,na,"(4, 41)",1.0,7.835148476063621e-05
666_14,mp-30494,Sc2 Cd6,666,101,0.4999999999999999,24,0,na,"(21, 48)",1.0,7.835762419683435e-05
466_38,mp-1065995,Zr4 Pt4,466,012,0.0584063388628609,48,0,na,"(40, 78)",1.0,7.836376459525116e-05
354_13,mp-742,Ti4 Cu2,354,201,0.125,48,0,na,"(22, 29)",1.0,7.836990595611286e-05
289_23,mp-1079467,Y2 Au6,289,101,0.1288364081387989,24,0,na,"(39, 79)",1.0,7.837604827964574e-05
247_3,mp-10901,Al3 Pd2,247,221,0.0395522052911552,50,0,na,"(13, 46)",1.0,7.838219156607619e-05
825_11,mp-21260,Fe3 Sn3,825,201,0.0416666666666666,36,0,na,"(26, 50)",1.0,7.838833581563063e-05
250_5,mp-30787,Mo2 Rh6,250,212,0.2502757380194752,64,0,na,"(42, 45)",1.0,7.839448102853559e-05
94_18,mp-1206268,Sc4 In8,94,121,0.1674144605312695,48,0,na,"(21, 49)",1.0,7.840062720501764e-05
145_42,mp-1364,Y4 Ni4,145,011,0.1801012770752308,24,0,na,"(28, 39)",1.0,7.840677434530344e-05
850_10,mp-1601,Ta1 Ru1,850,102,0.125,16,0,na,"(44, 73)",1.0,7.84129224496197e-05
317_1,mp-571664,Zr8 Rh4,317,111,0.2091596506345396,36,0,na,"(40, 45)",1.0,7.841907151819322e-05
761_97,mp-542634,Ta8 Te12,761,011,0.0837557425321512,80,0,na,"(52, 73)",1.0,7.842522155125088e-05
648_8,mp-2705,V2 Pt6,648,101,0.375,24,0,na,"(23, 78)",1.0,7.843137254901961e-05
376_38,mp-11840,Ba4 Ag4,376,112,0.0681084100299109,32,0,na,"(47, 56)",1.0,7.84375245117264e-05
682_48,mp-22240,Mn4 As4,682,010,0.25,16,0,na,"(25, 33)",1.0,7.844367743959836e-05
155_7,mp-1066254,Y4 Au4,155,110,0.5,24,0,na,"(39, 79)",1.0,7.844983133286264e-05
85_18,mp-1018125,Ti2 Re1,85,001,0.1487198960407632,12,0,na,"(22, 75)",1.0,7.845598619174644e-05
119_14,mp-1217811,Ta2 W2,119,011,0.25,16,0,na,"(73, 74)",1.0,7.846214201647705e-05
866_70,mp-12561,Ta4 As8,866,102,0.0418340220895566,48,0,na,"(33, 73)",1.0,7.846829880728186e-05
244_7,mp-12651,Mg4 Pt4,244,221,0.1434536765314165,48,0,na,"(12, 78)",1.0,7.847445656438829e-05
881_8,mp-2260,Fe1 Pt1,881,100,0.25,8,0,na,"(26, 78)",1.0,7.848061528802385e-05
211_36,mp-10032,Ge8 Os4,211,100,0.0,24,0,na,"(32, 76)",1.0,7.848677497841614e-05
62_27,mp-16240,Ag6 Sb2,62,122,0.0048134140179278,48,0,na,"(47, 51)",1.0,7.849293563579278e-05
481_27,mp-11697,Ta4 Sb8,481,21-2,0.0,48,0,na,"(51, 73)",1.0,7.84990972603815e-05
685_7,mp-1570,Y8 Fe16,685,100,0.0625,48,0,na,"(26, 39)",1.0,7.85052598524101e-05
661_22,mp-427,Fe4 As4,661,201,0.125,64,0,na,"(26, 33)",1.0,7.851142341210646e-05
872_35,mp-20928,Sb4 Ru2,872,010,0.091293564771604,12,0,na,"(44, 51)",1.0,7.85175879396985e-05
383_0,mp-1545,Nb6 Rh2,383,111,0.125,32,0,na,"(41, 45)",1.0,7.852375343541422e-05
841_25,mp-30428,Ba4 Cu4,841,100,0.5000000000000001,24,0,na,"(29, 56)",1.0,7.852991989948171e-05
526_5,mp-213,Ca1 Pd1,526,100,0.25,6,0,na,"(20, 46)",1.0,7.853608733212911e-05
144_26,mp-30354,Sc2 Ag8,144,100,0.25,20,0,na,"(21, 47)",1.0,7.854225573358467e-05
220_37,mp-19880,Fe2 Te4,220,012,0.1374586092051473,24,0,na,"(26, 52)",1.0,7.854842510407666e-05
444_36,mp-11481,Mo2 Ir2,444,010,0.0,12,0,na,"(42, 77)",1.0,7.855459544383346e-05
789_26,mp-1079810,Hf3 Sn6,789,100,0.2513350901629429,27,0,na,"(50, 72)",1.0,7.85607667530835e-05
631_27,mp-2698,Y4 Cu8,631,120,0.0263013261073084,48,0,na,"(29, 39)",1.0,7.856693903205531e-05
811_13,mp-7092,Ti4 Si4,811,212,0.1691958568262778,64,0,na,"(14, 22)",1.0,7.857311228097745e-05
376_25,mp-11840,Ba4 Ag4,376,201,0.0535714184888327,48,0,na,"(47, 56)",1.0,7.857928650007858e-05
53_5,mp-21296,Pt2 Pb8,53,221,0.0762297544476949,60,0,na,"(78, 82)",1.0,7.858546168958742e-05
362_82,mp-1969,Nb4 Sb8,362,021,0.0,72,0,na,"(41, 51)",1.0,7.859163784973278e-05
298_79,mp-11675,Nb6 Te12,298,10-2,0.125,72,0,na,"(41, 52)",1.0,7.859781498074354e-05
360_42,mp-570775,Ba4 Au4,360,112,0.25,32,0,na,"(56, 79)",1.0,7.860399308284861e-05
652_23,mp-30866,Rh6 W2,652,102,0.25,48,0,na,"(45, 74)",1.0,7.918910357934748e-05
842_64,mp-2500,Al10 Cu10,842,11-2,0.0908269827662847,80,0,na,"(13, 29)",1.0,7.919537499010058e-05
386_21,mp-1025448,Y4 Pt4,386,101,0.1376510757942809,24,0,na,"(39, 78)",1.0,7.92016473942658e-05
323_17,mp-1217895,Ta2 Mo2,323,012,0.1250000000000001,24,0,na,"(42, 73)",1.0,7.920792079207921e-05
288_14,mp-12724,Sr4 Zn4,288,212,0.1755754818381536,48,0,na,"(30, 38)",1.0,7.921419518377693e-05
77_30,mp-12565,Mn2 Au8,77,102,0.0251296612014825,60,0,na,"(25, 79)",1.0,8.030193527664017e-05
211_39,mp-10032,Ge8 Os4,211,20-1,0.0,48,0,na,"(32, 76)",1.0,8.030838419531e-05
313_14,mp-1867,Ta8 Ni4,313,101,0.0,36,0,na,"(28, 73)",1.0,8.031483414986748e-05
53_22,mp-21296,Pt2 Pb8,53,201,0.024280194189968,40,0,na,"(78, 82)",1.0,8.032128514056225e-05
870_22,mp-12104,Nb3 Si6,870,101,0.7461735300426973,27,0,na,"(14, 41)",1.0,8.080808080808081e-05
437_4,mp-19940,V4 As4,437,221,0.0,64,0,na,"(23, 33)",1.0,8.081461128171973e-05
109_9,mp-867141,Re2 Os6,109,210,0.0,48,0,na,"(75, 76)",1.0,8.13868316106454e-05
255_31,mp-1079296,Hf2 Au6,255,121,0.0672708951645441,48,0,na,"(72, 79)",1.0,8.139345596614032e-05
148_60,mp-1048,Ti2 Ni2,148,10-2,0.0,24,0,na,"(22, 28)",1.0,8.14000814000814e-05
260_0,mp-2851,V4 Sb8,260,111,0.0930733585503276,36,0,na,"(23, 51)",1.0,8.140670791273201e-05
361_21,mp-865611,Mg2 Rh6,361,121,0.2729525228215834,48,0,na,"(12, 45)",1.0,8.141333550435561e-05
871_9,mp-669917,Zr4 Rh4,871,110,0.0,24,0,na,"(40, 45)",1.0,8.141996417521577e-05
350_1,mp-30619,Zr12 Co4,350,111,0.1223554466809915,64,0,na,"(27, 40)",1.0,8.162598971512529e-05
66_3,mp-1387,Al2 V6,66,110,0.375,24,0,na,"(13, 23)",1.0,8.163265306122449e-05
625_3,mp-22498,Cr2 Sb4,625,221,0.0687271039301684,48,0,na,"(24, 51)",1.0,8.163931749530574e-05
539_25,mp-2643,Ti6 Cu8,539,112,0.5,70,0,na,"(22, 29)",1.0,8.164598301763554e-05
97_10,mp-1207013,Si2 Rh3,97,210,0.0833333333333332,40,0,na,"(14, 45)",1.0,8.165264962848044e-05
347_33,mp-12884,Hf10 Te8,347,100,0.201892678070461,18,0,na,"(52, 72)",1.0,8.165931732810714e-05
96_23,mp-569250,V4 Ir4,96,122,0.1249999999999998,64,0,na,"(23, 77)",1.0,8.166598611678236e-05
613_6,mp-1914,Y1 Ga2,613,211,0.2500000000000001,48,0,na,"(31, 39)",1.0,8.167265599477295e-05
572_14,mp-12635,Ti2 Au8,572,101,0.4999999999999999,30,0,na,"(22, 79)",1.0,8.167932696234583e-05
650_27,mp-471,Cd4 As8,650,112,0.125,72,0,na,"(33, 48)",1.0,8.168599901976801e-05
859_11,mp-2744,Li1 Pd1,859,201,0.0416666666666666,20,0,na,"(3, 46)",1.0,8.169267216730659e-05
180_0,mp-22095,Ga8 Pt4,180,111,0.1249999999999997,36,0,na,"(31, 78)",1.0,8.169934640522875e-05
739_5,mp-7188,Al4 Os2,739,212,0.0442073133431222,48,0,na,"(13, 76)",1.0,8.170602173380178e-05
425_43,mp-11506,Ni6 Mo2,425,011,0.6270400383656136,24,0,na,"(28, 42)",1.0,8.171269815329302e-05
508_2,mp-1079796,Ti6 Pd2,508,110,0.125,24,0,na,"(22, 46)",1.0,8.171937566396992e-05
738_22,mp-1008505,Ba4 Pd4,738,122,0.125,48,0,na,"(46, 56)",1.0,8.172605426610003e-05
182_23,mp-8312,Ta10 As8,182,101,0.1683834010095388,72,0,na,"(33, 73)",1.0,8.173273395995096e-05
216_26,mp-11266,Ba4 Cd8,216,121,0.0819964042773219,48,0,na,"(48, 56)",1.0,8.173941474579042e-05
223_15,mp-2078,Ti2 Cu2,223,201,0.0,32,0,na,"(22, 29)",1.0,8.17460966238862e-05
888_13,mp-30572,Hf8 Ga4,888,210,0.0481721985004633,48,0,na,"(31, 72)",1.0,8.175277959450622e-05
722_27,mp-2369,Sn4 Pd4,722,122,0.1345272242297071,48,0,na,"(46, 50)",1.0,8.17594636579184e-05
362_80,mp-1969,Nb4 Sb8,362,011,0.150715350665184,48,0,na,"(41, 51)",1.0,8.223007976317738e-05
807_27,mp-9970,Sc4 Ge4,807,102,0.1249999999999999,48,0,na,"(21, 32)",1.0,8.223684210526316e-05
799_28,mp-1025402,Sr4 Cu4,799,102,0.0,24,0,na,"(29, 38)",1.0,8.224360555966774e-05
64_1,mp-30435,Ba4 Zn8,64,111,0.3105924404535668,48,0,na,"(30, 56)",1.0,8.225037012666557e-05
381_14,mp-697068,Si3 Pd6,381,212,0.1856549023161804,72,0,na,"(14, 46)",1.0,8.225713580653122e-05
211_72,mp-10032,Ge8 Os4,211,10-2,0.0,48,0,na,"(32, 76)",1.0,8.226390259953932e-05
617_33,mp-1451,Nb2 Ni6,617,121,0.1984808563405793,48,0,na,"(28, 41)",1.0,8.227067050596462e-05
158_6,mp-30383,Hf4 Au2,158,212,0.125,48,0,na,"(72, 79)",1.0,8.227743952608195e-05
601_7,mp-771,Mn1 Al1,601,201,0.125,16,0,na,"(13, 25)",1.0,8.228420966016621e-05
216_28,mp-11266,Ba4 Cd8,216,121,0.4999999999999999,48,0,na,"(48, 56)",1.0,8.229098090849243e-05
542_40,mp-999376,Nb2 Pt2,542,001,0.2523644664327804,8,0,na,"(41, 78)",1.0,8.229775327133569e-05
836_53,mp-1078699,Nb2 Pt6,836,012,0.0,48,0,na,"(41, 78)",1.0,8.342370901810294e-05
768_4,mp-1017985,Ti2 Ag2,768,221,0.1216987064552288,40,0,na,"(22, 47)",1.0,8.34306691139663e-05
635_8,mp-1207380,Zr1 In1,635,100,0.2499999999999999,8,0,na,"(40, 49)",1.0,8.343763037129746e-05
771_50,mp-1025513,Zr4 Ge4,771,010,0.1426405631090936,16,0,na,"(32, 40)",1.0,8.344459279038718e-05
270_8,mp-863709,Ir6 Rh2,270,101,0.3750000000000001,24,0,na,"(45, 77)",1.0,8.345155637152634e-05
807_30,mp-9970,Sc4 Ge4,807,011,0.25,24,0,na,"(21, 32)",1.0,8.345852111500584e-05
615_1,mp-1007755,Hf2 Au2,615,111,0.2403820928386757,20,0,na,"(72, 79)",1.0,8.346548702111677e-05
375_14,mp-8628,Te12 Pt9,375,101,0.0,63,0,na,"(52, 78)",1.0,8.347245409015025e-05
408_6,mp-1444,Ca4 Cd8,408,110,0.1455144837910609,36,0,na,"(20, 48)",1.0,8.347942232239753e-05
124_15,mp-1007692,Hf4 Pd4,124,101,0.0,32,0,na,"(46, 72)",1.0,8.348639171814995e-05
339_52,mp-568746,Bi8 Pd4,339,120,0.0956138471427953,72,0,na,"(46, 83)",1.0,8.349336227769892e-05
493_17,mp-542640,Ge4 Pt4,493,210,0.1249999999999999,48,0,na,"(32, 78)",1.0,8.350033400133601e-05
111_1,mp-12761,Be2 Au4,111,111,0.2500000000000001,30,0,na,"(4, 79)",1.0,8.350730688935282e-05
278_16,mp-1014231,Hf4 Zn2,278,112,0.5000000000000003,30,0,na,"(30, 72)",1.0,8.351428094204109e-05
339_54,mp-568746,Bi8 Pd4,339,12-1,2.220446049250313e-16,72,0,na,"(46, 83)",1.0,8.352125615969264e-05
415_20,mp-568718,Hf4 Al12,415,102,0.1247775577688159,48,0,na,"(13, 72)",1.0,8.35282325425994e-05
64_11,mp-30435,Ba4 Zn8,64,22-1,0.1645511758342338,48,0,na,"(30, 56)",1.0,8.353521009105338e-05
87_1,mp-30871,Ta6 Sn2,87,221,0.0625,48,0,na,"(50, 73)",1.0,8.35421888053467e-05
489_4,mp-1057,Al3 Ni2,489,221,0.1248425661531432,60,0,na,"(13, 28)",1.0,8.354916868577158e-05
466_30,mp-1065995,Zr4 Pt4,466,011,0.25,24,0,na,"(40, 78)",1.0,8.355614973262032e-05
52_17,mp-13164,Ti4 Pd2,52,102,0.0855905852922873,24,0,na,"(22, 46)",1.0,8.356313194618534e-05
153_49,mp-12802,Al2 Cu6,153,021,0.375,48,0,na,"(13, 29)",1.0,8.357011532675916e-05
345_5,mp-1018104,Zr4 Cd2,345,212,0.0404931217803967,48,0,na,"(40, 48)",1.0,8.357709987463435e-05
689_27,mp-423,Ge3 Pd6,689,210,0.2831358088243163,54,0,na,"(32, 46)",1.0,8.358408559010364e-05
814_21,mp-434,Sr4 Au8,814,122,0.0880489570433409,72,0,na,"(38, 79)",1.0,8.359107247345983e-05
824_35,mp-578,Ga3 Ag6,824,201,0.3617019724980171,45,0,na,"(31, 47)",1.0,8.359806052499582e-05
566_3,mp-542454,Mo8 As12,566,111,0.3230394892768711,80,0,na,"(33, 42)",1.0,8.36050497450046e-05
203_29,mp-363,Nb3 Ge6,203,2-12,0.2539339036782913,54,0,na,"(32, 41)",1.0,8.411136344520145e-05
237_8,mp-1017983,Ti2 Mo6,237,101,0.3719030732354299,32,0,na,"(22, 42)",1.0,8.411843876177658e-05
405_3,mp-866108,Hf2 Zn6,405,110,0.5000000000000001,32,0,na,"(30, 72)",1.0,8.412551526878102e-05
112_20,mp-30581,Hf4 Cu2,112,001,0.2499999999999999,6,0,na,"(29, 72)",1.0,8.413259296651523e-05
226_14,mp-31103,Ni6 Te4,226,212,0.4555909899763364,60,0,na,"(28, 52)",1.0,8.413967185527976e-05
568_5,mp-22682,In8 Pt4,568,210,0.0624999999999999,48,0,na,"(49, 78)",1.0,8.41467519353753e-05
859_3,mp-2744,Li1 Pd1,859,212,0.0833333333333333,24,0,na,"(3, 46)",1.0,8.415383320710259e-05
608_33,mp-2349,Y4 Cd12,608,120,0.0,64,0,na,"(39, 48)",1.0,8.41609156707625e-05
633_51,mp-1424,Ge4 Pd4,633,012,0.0,32,0,na,"(32, 46)",1.0,8.492569002123143e-05
743_24,mp-20619,Sb4 Rh4,743,122,0.0,48,0,na,"(45, 51)",1.0,8.61994655633135e-05
879_17,mp-1907,Ti1 Te2,879,2-12,0.123354817862836,24,0,na,"(22, 52)",1.0,8.620689655172413e-05
189_14,mp-13495,Zr4 Pd4,189,101,0.0,32,0,na,"(40, 46)",1.0,8.621432882145013e-05
823_28,mp-30686,Zr16 Ga24,823,101,0.0149999456723806,80,0,na,"(31, 40)",1.0,8.62217623728229e-05
477_0,mp-1431,Mn4 Si4,477,111,0.1994422143213193,32,0,na,"(14, 25)",1.0,8.622919720617402e-05
457_26,mp-2105,Hf6 Si4,457,112,0.0382524482132032,60,0,na,"(14, 72)",1.0,8.623663332183511e-05
270_6,mp-863709,Ir6 Rh2,270,210,0.125,48,0,na,"(45, 77)",1.0,8.6244070720138e-05
217_18,mp-30571,Tl8 Au4,217,201,0.1102542173276219,48,0,na,"(79, 81)",1.0,8.625150940141452e-05
466_3,mp-1065995,Zr4 Pt4,466,221,0.0,64,0,na,"(40, 78)",1.0,8.625894936599672e-05
846_9,mp-755328,Zr8 Sn16,846,110,0.25,72,0,na,"(40, 50)",1.0,8.62663906142167e-05
441_17,mp-11359,Ga2 Cu1,441,102,0.5,15,0,na,"(29, 31)",1.0,8.62738331464067e-05
703_0,mp-865193,Co6 Pt2,703,111,0.0,40,0,na,"(27, 78)",1.0,8.676036786395974e-05
702_3,mp-2781,Sc1 Pd1,702,211,0.25,32,0,na,"(21, 46)",1.0,8.676789587852495e-05
806_6,mp-1184772,Hf6 Pb2,806,210,0.125,48,0,na,"(72, 82)",1.0,8.677542519958348e-05
777_18,mp-866184,Ti6 Pb2,777,100,0.2472655299550213,16,0,na,"(22, 82)",1.0,8.678295582747549e-05
521_15,mp-30365,Be4 Au4,521,110,0.7500000000000001,32,0,na,"(4, 79)",1.0,8.679048776254123e-05
553_5,mp-818,Si4 Rh4,553,221,0.1226906608122959,64,0,na,"(14, 45)",1.0,8.679802100512108e-05
498_67,mp-1337,Mo4 As8,498,11-2,0.5000000000000001,48,0,na,"(33, 42)",1.0,8.680555555555556e-05
803_15,mp-1007786,Hf2 Ir2,803,211,0.0745407360268758,64,0,na,"(72, 77)",1.0,8.681309141418526e-05
146_17,mp-1079938,Tl4 Pd12,146,100,0.25,48,0,na,"(46, 81)",1.0,8.682062858135092e-05
286_11,mp-31379,Zr8 Sb4,286,210,0.1249999999999999,72,0,na,"(40, 51)",1.0,8.682816705739342e-05
523_0,mp-971751,V4 Rh4,523,111,0.0,40,0,na,"(23, 45)",1.0,8.68357068426537e-05
136_5,mp-12723,Ca4 Au4,136,221,0.25,48,0,na,"(20, 79)",1.0,8.684324793747286e-05
788_15,mp-1825,Cu4 Sb2,788,201,0.0752493570623097,36,0,na,"(29, 51)",1.0,8.685079034219212e-05
719_26,mp-2128,Sn16 Pd4,719,100,0.25,40,0,na,"(46, 50)",1.0,8.685833405715279e-05
738_15,mp-1008505,Ba4 Pd4,738,210,0.0,48,0,na,"(46, 56)",1.0,8.686587908269631e-05
768_15,mp-1017985,Ti2 Ag2,768,201,0.1216987064552288,32,0,na,"(22, 47)",1.0,8.736676568233443e-05
187_4,mp-432,Nb1 Ru1,187,211,0.2500000000000003,32,0,na,"(41, 44)",1.0,8.737439930100481e-05
763_0,mp-19713,Sc6 In2,763,111,0.4999999999999999,32,0,na,"(21, 49)",1.0,8.768084173608067e-05
237_16,mp-1017983,Ti2 Mo6,237,102,0.2561938535291403,32,0,na,"(22, 42)",1.0,8.768853034023149e-05
274_35,mp-1404,Cd2 Au2,274,021,0.5,24,0,na,"(48, 79)",1.0,8.823010411152286e-05
447_20,mp-12742,Mg4 Pd12,447,102,0.125649146302635,48,0,na,"(12, 46)",1.0,8.823788934968675e-05
737_8,mp-569426,Sr4 Zn8,737,110,0.5,36,0,na,"(30, 38)",1.0,8.824567596187787e-05
215_38,mp-999502,Mo2 Pt2,215,012,0.2499999999999999,24,0,na,"(42, 78)",1.0,8.825346394845998e-05
754_19,mp-30846,Sn6 Pt4,754,101,0.5000000000000002,30,0,na,"(50, 78)",1.0,8.8261253309797e-05
359_4,mp-7498,Ti10 Te8,359,221,0.0938820456373934,72,0,na,"(22, 52)",1.0,8.826904404625298e-05
502_25,mp-20174,Ni6 Sn8,502,210,0.1126180430013548,42,0,na,"(28, 50)",1.0,8.827683615819209e-05
114_42,mp-1077503,Ti4 Si8,114,010,0.0809665331843801,12,0,na,"(14, 22)",1.0,8.828462964597864e-05
484_7,mp-351,Si4 Ni4,484,110,0.1644100164945092,32,0,na,"(14, 28)",1.0,8.829242450997704e-05
738_43,mp-1008505,Ba4 Pd4,738,012,0.0,48,0,na,"(46, 56)",1.0,8.830022075055188e-05
461_42,mp-11420,Y4 Ga4,461,012,0.0,48,0,na,"(31, 39)",1.0,8.830801836806782e-05
553_3,mp-818,Si4 Rh4,553,111,0.5,40,0,na,"(14, 45)",1.0,8.831581736288969e-05
177_53,mp-30379,Ga4 Au4,177,012,0.1150882099445969,32,0,na,"(31, 79)",1.0,8.832361773538245e-05
252_5,mp-1216323,V2 Mo2,252,210,0.125,32,0,na,"(23, 42)",1.0,8.833141948591114e-05
458_10,mp-13452,Be2 Pd4,458,101,0.5,24,0,na,"(4, 46)",1.0,8.833922261484099e-05
748_18,mp-677,Sr4 Cd8,748,201,0.0,72,0,na,"(38, 48)",1.0,8.885729518393461e-05
831_32,mp-978274,Mg6 Cd6,831,122,0.1526192293479945,72,0,na,"(12, 48)",1.0,8.88651915044877e-05
455_3,mp-1229092,Ag3 Au3,455,212,0.083333333333333,72,0,na,"(47, 79)",1.0,8.887308922858158e-05
130_34,mp-696,Si4 Pt4,130,120,0.25,48,0,na,"(14, 78)",1.0,8.888098835659053e-05
763_22,mp-19713,Sc6 In2,763,102,0.1245411978060981,48,0,na,"(21, 49)",1.0,8.888888888888889e-05
674_11,mp-1216231,V2 W2,674,120,0.1249999999999999,24,0,na,"(23, 74)",1.0,8.889679082585119e-05
461_43,mp-11420,Y4 Ga4,461,012,0.0540543383948044,48,0,na,"(31, 39)",1.0,8.890469416785207e-05
831_53,mp-978274,Mg6 Cd6,831,102,0.125,72,0,na,"(12, 48)",1.0,8.891259891526629e-05
183_12,mp-1066078,Bi2 Pt2,183,201,0.1458333333333333,24,0,na,"(78, 83)",1.0,8.892050506846879e-05
699_0,mp-2090,Fe1 Co1,699,111,0.25,14,0,na,"(26, 27)",1.0,8.89284126278346e-05
220_14,mp-19880,Fe2 Te4,220,101,0.5000000000000002,24,0,na,"(26, 52)",1.0,8.893632159373888e-05
48_2,mp-317,Sn4 Rh4,48,111,0.476303557411822,32,0,na,"(45, 50)",1.0,8.894423196655697e-05
244_12,mp-12651,Mg4 Pt4,244,110,0.0943150520458561,24,0,na,"(12, 78)",1.0,8.89521437466643e-05
665_15,mp-266,Zr4 Pd2,665,112,0.1566505222417333,30,0,na,"(40, 46)",1.0,8.954154727793696e-05
54_17,mp-2695,Sb4 Os2,54,100,0.2499999999999999,24,0,na,"(51, 76)",1.0,8.954956568460644e-05
416_21,mp-766,As4 Ru2,416,120,0.039466125644985,36,0,na,"(33, 44)",1.0,8.955758552749418e-05
727_13,mp-1399,Al4 Au4,727,212,0.2499999999999996,48,0,na,"(13, 79)",1.0,8.956560680698612e-05
157_7,mp-1220322,Nb2 Re2,157,121,0.1249999999999997,24,0,na,"(41, 75)",1.0,8.957362952346828e-05
224_16,mp-13683,Hf4 Ge8,224,210,0.0777584916732001,72,0,na,"(32, 72)",1.0,9.071940488070398e-05
743_44,mp-20619,Sb4 Rh4,743,021,0.1303689296079824,32,0,na,"(45, 51)",1.0,9.072763563781528e-05
423_39,mp-583,Co4 As4,423,011,0.2992093067241049,24,0,na,"(27, 33)",1.0,9.073586788857636e-05
485_16,mp-979115,Ti4 Ag2,485,112,0.4999999999999998,36,0,na,"(22, 47)",1.0,9.074410163339382e-05
298_63,mp-11675,Nb6 Te12,298,112,0.1381737899830124,72,0,na,"(41, 52)",1.0,9.075233687267448e-05
591_12,mp-12752,Zr4 Al3,591,101,0.0833333333333333,21,0,na,"(13, 40)",1.0,9.07605736068252e-05
177_6,mp-30379,Ga4 Au4,177,221,0.1845150636631668,64,0,na,"(31, 79)",1.0,9.076881183625306e-05
350_19,mp-30619,Zr12 Co4,350,101,0.1527996343066712,64,0,na,"(27, 40)",1.0,9.077705156136529e-05
481_60,mp-11697,Ta4 Sb8,481,12-2,0.1506353858976653,72,0,na,"(51, 73)",1.0,9.146620323790359e-05
214_14,mp-7192,Sc4 Sb2,214,210,0.125,36,0,na,"(21, 51)",1.0,9.147457006952067e-05
535_0,mp-16514,Al6 Ni10,535,111,0.1116089175309831,64,0,na,"(13, 28)",1.0,9.148293843198243e-05
143_12,mp-19856,Sn2 Pt2,143,201,0.1458333333333334,24,0,na,"(50, 78)",1.0,9.149130832570906e-05
682_38,mp-22240,Mn4 As4,682,102,0.125,48,0,na,"(25, 33)",1.0,9.149967975112087e-05
804_36,mp-974455,Re6 Ru2,804,012,0.0403044465596753,32,0,na,"(44, 75)",1.0,9.150805270863836e-05
177_35,mp-30379,Ga4 Au4,177,120,0.2500000000000001,48,0,na,"(31, 79)",1.0,9.151642719868216e-05
620_9,mp-862620,Ir2 Ru6,620,210,0.0,48,0,na,"(44, 77)",1.0,9.152480322167308e-05
631_3,mp-2698,Y4 Cu8,631,221,0.0,72,0,na,"(29, 39)",1.0,9.153318077803204e-05
56_21,mp-1220678,Nb8 Pd4,56,112,0.25,48,0,na,"(41, 46)",1.0,9.154155986818015e-05
408_26,mp-1444,Ca4 Cd8,408,121,0.2500000000000001,48,0,na,"(20, 48)",1.0,9.154994049253868e-05
168_3,mp-506,Mg1 Pd1,168,211,0.25,32,0,na,"(12, 46)",1.0,9.155832265152902e-05
81_25,mp-2123,Nb6 Au4,81,102,0.1500899886587419,40,0,na,"(41, 79)",1.0,9.156670634557275e-05
396_12,mp-1018124,Ti4 Rh2,396,201,0.040477519776962,48,0,na,"(22, 45)",1.0,9.157509157509158e-05
585_35,mp-985805,Al4 Ag8,585,120,0.0360246023098582,48,0,na,"(13, 47)",1.0,9.158347834050737e-05
625_2,mp-22498,Cr2 Sb4,625,111,0.4782406880042523,24,0,na,"(24, 51)",1.0,9.159186664224217e-05
599_9,mp-1220023,Os1 Ru1,599,101,0.2499999999999999,10,0,na,"(44, 76)",1.0,9.160025648071815e-05
458_5,mp-13452,Be2 Pd4,458,212,0.07173482474386,60,0,na,"(4, 46)",1.0,9.160864785635764e-05
821_10,mp-867264,Re6 Os2,821,210,0.1261163594189629,48,0,na,"(75, 76)",1.0,9.161704076958314e-05
174_23,mp-2059,Nb4 As4,174,102,0.1669999900000007,32,0,na,"(33, 41)",1.0,9.16254352208173e-05
737_13,mp-569426,Sr4 Zn8,737,210,0.0540905642728555,72,0,na,"(30, 38)",1.0,9.163383121048291e-05
145_46,mp-1364,Y4 Ni4,145,011,1.0,24,0,na,"(28, 39)",1.0,9.207255317189946e-05
888_25,mp-30572,Hf8 Ga4,888,001,0.125,24,0,na,"(31, 72)",1.0,9.208103130755064e-05
523_22,mp-971751,V4 Rh4,523,122,0.0689822083035363,64,0,na,"(23, 45)",1.0,9.208951100469657e-05
397_24,mp-1183425,Be6 Co2,397,001,0.0,24,0,na,"(4, 27)",1.0,9.209799226376865e-05
814_2,mp-434,Sr4 Au8,814,111,0.25,36,0,na,"(38, 79)",1.0,9.210647508519849e-05
865_3,mp-1620,Si4 W2,865,221,0.1249999999999999,60,0,na,"(14, 74)",1.0,9.304056568663938e-05
517_8,mp-2583,Ti1 Rh1,517,100,0.2499999999999999,8,0,na,"(22, 45)",1.0,9.381743127873159e-05
235_9,mp-30738,Li2 Ir6,235,110,0.7652153311839243,24,0,na,"(3, 77)",1.0,9.382623381497467e-05
151_24,mp-9971,Y4 Ge4,151,120,0.2500000000000002,24,0,na,"(32, 39)",1.0,9.38350380031904e-05
811_53,mp-7092,Ti4 Si4,811,012,0.0808041431737222,32,0,na,"(14, 22)",1.0,9.384384384384384e-05
487_1,mp-999143,Sr4 Pd4,487,111,0.1448501424535422,32,0,na,"(38, 46)",1.0,9.445546424860678e-05
790_19,mp-1099,Ni4 Ge4,790,101,0.3015278940505114,32,0,na,"(28, 32)",1.0,9.446438692612885e-05
450_5,mp-2348,Zr4 Au2,450,212,0.0447830709862522,48,0,na,"(40, 79)",1.0,9.44733112895607e-05
392_4,mp-31205,Zr12 Fe4,392,111,0.5000000000000001,64,0,na,"(26, 40)",1.0,9.44822373393802e-05
633_43,mp-1424,Ge4 Pd4,633,011,0.5,24,0,na,"(32, 46)",1.0,9.44911650760654e-05
83_17,mp-11482,Mo2 Ir6,83,100,0.0,24,0,na,"(42, 77)",1.0,9.572125969177755e-05
670_4,mp-570113,Bi8 Au16,670,110,0.125,48,0,na,"(79, 83)",1.0,9.573042312847023e-05
154_15,mp-1018103,Zr2 Au4,154,112,0.1682963062591014,30,0,na,"(40, 79)",1.0,9.573958831977022e-05
96_9,mp-569250,V4 Ir4,96,212,0.0768619011371578,80,0,na,"(23, 77)",1.0,9.602458229306702e-05
340_8,mp-1207193,Cu1 Te2,340,211,0.25,48,0,na,"(29, 52)",1.0,9.603380389897244e-05
74_15,mp-1278,Zr8 Si4,74,101,0.204030014370968,36,0,na,"(14, 40)",1.0,9.604302727621975e-05
873_4,mp-1078957,Ta6 Be4,873,221,0.190536757970733,60,0,na,"(4, 73)",1.0,9.605225242531937e-05
404_9,mp-510437,In3 Pd2,404,211,0.1346000646847335,80,0,na,"(46, 49)",1.0,9.606147934678194e-05
851_12,mp-1183214,Ag6 Au2,851,102,0.125,32,0,na,"(47, 79)",1.0,9.607070804111827e-05
837_5,mp-20971,Sn1 Pt3,837,100,0.25,12,0,na,"(50, 78)",1.0,9.607993850883935e-05
428_34,mp-11272,Be4 Nb6,428,102,0.125,80,0,na,"(4, 41)",1.0,9.608917075045643e-05
202_2,mp-30849,Ta4 Pt8,202,111,0.3379258720867713,48,0,na,"(73, 78)",1.0,9.644131545954287e-05
258_0,mp-9939,Hf8 Ge4,258,111,0.094595697272183,36,0,na,"(32, 72)",1.0,9.728572818367545e-05
506_3,mp-945077,Y4 Te12,506,111,0.5,64,0,na,"(39, 52)",1.0,9.72951936174353e-05
291_1,mp-1206794,Li1 Au1,291,221,0.125,20,0,na,"(3, 79)",1.0,9.730466089325679e-05
394_5,mp-1188062,Zr6 Sc2,394,212,0.25,64,0,na,"(21, 40)",1.0,9.826078412105728e-05
815_21,mp-13156,Hf2 Ag2,815,102,0.1162616840581094,24,0,na,"(47, 72)",1.0,9.827044025157233e-05
585_7,mp-985805,Al4 Ag8,585,221,0.2499999999999999,72,0,na,"(13, 47)",1.0,9.828009828009828e-05
454_13,mp-862589,Re6 Pt2,454,101,0.0,32,0,na,"(75, 78)",1.0,9.9000099000099e-05
851_13,mp-1183214,Ag6 Au2,851,001,0.125,16,0,na,"(47, 79)",1.0,9.900990099009902e-05
96_33,mp-569250,V4 Ir4,96,112,0.4999999999999998,64,0,na,"(23, 77)",1.0,9.901970492127933e-05
215_35,mp-999502,Mo2 Pt2,215,021,0.25,24,0,na,"(42, 78)",1.0,9.902951079421667e-05
169_0,mp-1228001,Al2 V2,169,111,0.5,20,0,na,"(13, 23)",1.0,9.988014382740711e-05
429_35,mp-208,Ge4 Ir4,429,112,0.1373100011520895,48,0,na,"(32, 77)",1.0,9.989012086704625e-05
252_15,mp-1216323,V2 Mo2,252,021,0.125,24,0,na,"(23, 42)",1.0,9.99000999000999e-05
772_1,mp-30496,Sr1 Cd1,772,221,0.125,16,0,na,"(38, 48)",1.0,9.991008092716555e-05
523_39,mp-971751,V4 Rh4,523,021,0.4999999999999998,40,0,na,"(23, 45)",1.0,9.992006394884092e-05
361_22,mp-865611,Mg2 Rh6,361,121,0.3916783632774816,48,0,na,"(12, 45)",1.0,0.00010040160642570282
227_3,mp-21215,In1 Pd1,227,211,0.2500000000000001,32,0,na,"(46, 49)",1.0,0.00010041168792047395
325_35,mp-15681,Cr4 As8,325,100,0.0,24,0,na,"(24, 33)",1.0,0.0001004217714400482
298_81,mp-11675,Nb6 Te12,298,011,0.1556057234966061,54,0,na,"(41, 52)",1.0,0.00010043185698503566
332_14,mp-30835,Ta2 Pd4,332,100,0.25,24,0,na,"(46, 73)",1.0,0.0001004419445560466
130_28,mp-696,Si4 Pt4,130,122,0.2039628257915815,48,0,na,"(14, 78)",1.0,0.00010045203415369161
77_17,mp-12565,Mn2 Au8,77,210,0.125,40,0,na,"(25, 79)",1.0,0.00010145074566298062
345_0,mp-1018104,Zr4 Cd2,345,111,0.0845068782196029,30,0,na,"(40, 48)",1.0,0.00010146103896103897
472_6,mp-8937,Cr2 Si4,472,212,0.125,48,0,na,"(14, 24)",1.0,0.00010147133434804668
889_17,mp-399,Te2 Pt1,889,2-12,0.1231274610013535,24,0,na,"(52, 78)",1.0,0.00010222858311183807
650_28,mp-471,Cd4 As8,650,112,0.2499999999999999,72,0,na,"(33, 48)",1.0,0.00010223903486351089
149_17,mp-11454,Hf4 Pd2,149,102,0.091777145891271,24,0,na,"(46, 72)",1.0,0.00010224948875255624
53_9,mp-21296,Pt2 Pb8,53,110,0.3262297544476952,30,0,na,"(78, 82)",1.0,0.00010225994477962981
776_14,mp-811,Ba1 Pt5,776,100,0.4166666666666667,18,0,na,"(56, 78)",1.0,0.00010227040294538761
567_18,mp-11393,Nb6 Ga4,567,101,0.1508791605934903,40,0,na,"(31, 41)",1.0,0.00010228086325048584
778_7,mp-869,Ta2 Al6,778,101,0.125,24,0,na,"(13, 73)",1.0,0.00010315659170621003
437_53,mp-19940,V4 As4,437,012,0.1989718526623816,32,0,na,"(23, 33)",1.0,0.00010316723408645414
206_13,mp-7189,Al4 Pd4,206,110,0.25,24,0,na,"(13, 46)",1.0,0.0001031778786628147
406_11,mp-983509,Na6 Cd2,406,210,0.1267123652890553,48,0,na,"(11, 48)",1.0,0.00010340192327577293
882_3,mp-22239,Ge4 Rh4,882,111,0.5,32,0,na,"(32, 45)",1.0,0.00010341261633919338
520_8,mp-1070580,Al6 Ru4,520,212,0.1249999999999997,80,0,na,"(13, 44)",1.0,0.00010384215991692627
54_30,mp-2695,Sb4 Os2,54,011,0.0879364405446985,18,0,na,"(51, 76)",1.0,0.00010385294423096895
591_2,mp-12752,Zr4 Al3,591,221,0.0647848860244426,56,0,na,"(13, 40)",1.0,0.0001038637307852098
358_0,mp-1183641,Cd6 Pt2,358,111,0.125,32,0,na,"(48, 78)",1.0,0.00010387451958034694
830_1,mp-30491,Mg2 Cd6,830,221,0.2479561035125352,64,0,na,"(12, 48)",1.0,0.00010388531061707874
363_23,mp-30672,Ti6 Ga2,363,102,0.25,48,0,na,"(22, 31)",1.0,0.0001038961038961039
214_28,mp-7192,Sc4 Sb2,214,102,0.2651584065819818,24,0,na,"(21, 51)",1.0,0.00010462439840970915
520_16,mp-1070580,Al6 Ru4,520,201,0.026481164867679,80,0,na,"(13, 44)",1.0,0.00010463534581981794
493_48,mp-542640,Ge4 Pt4,493,021,0.1232965851706069,32,0,na,"(32, 78)",1.0,0.00010464629552113855
201_21,mp-1007758,Hf2 Cd2,201,102,0.2466572870120129,16,0,na,"(48, 72)",1.0,0.00010465724751439037
774_4,mp-9948,V10 Te8,774,221,0.0477576401040027,72,0,na,"(23, 52)",1.0,0.00010466820180029308
290_1,mp-1183995,Ga1 Cu3,290,221,0.125,40,0,na,"(29, 31)",1.0,0.00010467915837956663
204_1,mp-786,Mn2 Sb2,204,221,0.0625000000000001,40,0,na,"(25, 51)",1.0,0.00010469011725293132
206_6,mp-7189,Al4 Pd4,206,221,0.0942246666528845,64,0,na,"(13, 46)",1.0,0.00010470107842110774
635_3,mp-1207380,Zr1 In1,635,212,0.125,20,0,na,"(40, 49)",1.0,0.00010564124234100993
242_4,mp-11696,As12 W8,242,111,0.4273126939537341,80,0,na,"(33, 74)",1.0,0.00010565240359218173
392_22,mp-31205,Zr12 Fe4,392,100,0.2499999999999999,64,0,na,"(26, 40)",1.0,0.00010566356720202873
867_1,mp-1018156,Hf4 Cd2,867,111,0.2499999999999999,30,0,na,"(48, 72)",1.0,0.00010567473317129874
175_20,mp-11549,V2 Pd4,175,112,0.1621665615926204,36,0,na,"(23, 46)",1.0,0.0001056859015007398
437_45,mp-19940,V4 As4,437,021,0.057930777725554,32,0,na,"(23, 33)",1.0,0.00010623605651758207
887_5,mp-1018151,Nb2 Pd4,887,212,0.0418395402558715,48,0,na,"(41, 46)",1.0,0.00010763104079216446
522_13,mp-568069,Ti8 Bi4,522,101,0.4256645411113489,36,0,na,"(22, 83)",1.0,0.00010764262648008612
267_8,mp-862716,Li2 Ag6,267,101,0.375,24,0,na,"(3, 47)",1.0,0.00010765421466250404
882_32,mp-22239,Ge4 Rh4,882,121,0.2500000000000002,48,0,na,"(32, 45)",1.0,0.00010870746820306555
795_5,mp-1206704,Mo2 Pd4,795,212,0.0423820237804051,60,0,na,"(42, 46)",1.0,0.00010871928680147858
139_17,mp-1018128,Sc2 Ag4,139,102,0.0833697442133925,24,0,na,"(21, 47)",1.0,0.00010873110796999022
85_14,mp-1018125,Ti2 Re1,85,100,0.4999999999999999,9,0,na,"(22, 75)",1.0,0.00010874293170943889
727_42,mp-1399,Al4 Au4,727,112,0.0,48,0,na,"(13, 79)",1.0,0.0001087547580206634
219_5,mp-644311,Cu3 Pt3,219,210,0.0833333333333335,72,0,na,"(29, 78)",1.0,0.00010876658690450294
840_9,mp-2170,Li2 Pt1,840,101,0.0833333333333333,15,0,na,"(3, 78)",1.0,0.00010877841836179702
463_0,mp-861931,Li1 Pt3,463,111,0.5,20,0,na,"(3, 78)",1.0,0.00010879025239338555
819_31,mp-569683,In2 Au6,819,121,0.1270175832043101,48,0,na,"(49, 79)",1.0,0.0001088020890001088
715_2,mp-2212,Sc1 Co1,715,110,0.5,10,0,na,"(21, 27)",1.0,0.0001088139281828074
562_3,mp-611,Ag6 Sn2,562,111,0.372766726710939,32,0,na,"(47, 50)",1.0,0.00010882576994232234
728_22,mp-13010,Y4 Sn8,728,122,0.125,72,0,na,"(39, 50)",1.0,0.0001092896174863388
195_18,mp-30682,Zr8 Ga8,195,101,0.625,48,0,na,"(31, 40)",1.0,0.00010930156301235107
814_8,mp-434,Sr4 Au8,814,212,0.1250000000000001,72,0,na,"(38, 79)",1.0,0.00010931351114997814
835_18,mp-862259,Sc6 Al2,835,100,0.2522510376208112,16,0,na,"(13, 21)",1.0,0.00010932546190007652
396_16,mp-1018124,Ti4 Rh2,396,112,0.5,36,0,na,"(22, 45)",1.0,0.00011075423634954037
601_0,mp-771,Mn1 Al1,601,111,0.25,12,0,na,"(13, 25)",1.0,0.00011076650420912716
345_1,mp-1018104,Zr4 Cd2,345,111,0.2499999999999998,30,0,na,"(40, 48)",1.0,0.00011077877478675086
562_36,mp-611,Ag6 Sn2,562,120,0.3750000000000001,48,0,na,"(47, 50)",1.0,0.00011079104808331487
263_11,mp-11807,Li1 Pt1,263,201,0.2083333333333333,20,0,na,"(3, 78)",1.0,0.00011080332409972299
464_0,mp-1018129,Pt4 W2,464,111,0.0816012670876098,30,0,na,"(74, 78)",1.0,0.00011081560283687943
799_7,mp-1025402,Sr4 Cu4,799,212,0.231230758066849,64,0,na,"(29, 38)",1.0,0.0001108278842956888
343_4,mp-556,Zr4 Ni4,343,221,0.25,64,0,na,"(28, 40)",1.0,0.00011084016847705608
389_2,mp-1183837,Co6 Ni2,389,110,0.2478277706399883,40,0,na,"(27, 28)",1.0,0.00011085245538188671
682_10,mp-22240,Mn4 As4,682,212,0.1207299431541938,64,0,na,"(25, 33)",1.0,0.00011086474501108647
816_60,mp-1080443,Y4 Cu4,816,001,0.25,16,0,na,"(29, 39)",1.0,0.00011087703736556159
79_5,mp-321,Rh4 Pb8,79,110,0.3347491322524762,36,0,na,"(45, 82)",1.0,0.00011088933244621867
568_0,mp-22682,In8 Pt4,568,111,0.1250000000000002,36,0,na,"(49, 78)",1.0,0.00011090163025396473
744_24,mp-2157,Co6 W2,744,001,0.0,24,0,na,"(27, 74)",1.0,0.00011091393078970719
277_11,mp-1216229,V2 Re2,277,120,0.125,24,0,na,"(23, 75)",1.0,0.00011092623405435385
602_11,mp-2455,As4 Os2,602,210,0.125,48,0,na,"(33, 76)",1.0,0.00011093854004881296
148_62,mp-1048,Ti2 Ni2,148,10-2,0.2499999999999999,24,0,na,"(22, 28)",1.0,0.00011138338159946537
124_8,mp-1007692,Hf4 Pd4,124,110,0.4999999999999999,32,0,na,"(46, 72)",1.0,0.00011139578923916676
241_17,mp-30356,Sr4 Ag8,241,201,0.0,72,0,na,"(38, 47)",1.0,0.00011140819964349375
515_3,mp-1684,Zn1 Au1,515,211,0.25,32,0,na,"(30, 79)",1.0,0.00011142061281337047
651_35,mp-1064981,Hf4 Co4,651,010,0.1123184972536304,16,0,na,"(27, 72)",1.0,0.0001155802126675913
347_6,mp-12884,Hf10 Te8,347,110,0.0289230574739179,36,0,na,"(52, 72)",1.0,0.00011559357299734135
872_28,mp-20928,Sb4 Ru2,872,102,0.1074879506238344,30,0,na,"(44, 51)",1.0,0.00011560693641618497
559_8,mp-1220316,Nb2 W2,559,120,0.1249999999999999,24,0,na,"(41, 74)",1.0,0.00011562030292519366
351_18,mp-1775,Sn2 Au2,351,001,0.125,8,0,na,"(50, 79)",1.0,0.00011563367252543941
332_26,mp-30835,Ta2 Pd4,332,021,0.0412784563407324,36,0,na,"(46, 73)",1.0,0.00011656370206317752
819_25,mp-569683,In2 Au6,819,201,0.0622707608826917,48,0,na,"(49, 79)",1.0,0.00011657729074376311
783_12,mp-30745,Ir6 W2,783,101,0.0,32,0,na,"(74, 77)",1.0,0.00011659088259298122
331_52,mp-864941,Mg4 Sc8,331,012,0.0823842310921705,48,0,na,"(12, 21)",1.0,0.00011835720203574388
744_11,mp-2157,Co6 W2,744,210,0.2499999999999999,48,0,na,"(27, 74)",1.0,0.00011837121212121212
204_3,mp-786,Mn2 Sb2,204,212,0.0416666666666669,40,0,na,"(25, 51)",1.0,0.00011838522552385462
617_22,mp-1451,Nb2 Ni6,617,210,0.25,48,0,na,"(28, 41)",1.0,0.00011839924224484963
148_52,mp-1048,Ti2 Ni2,148,112,0.0,32,0,na,"(22, 28)",1.0,0.00011841326228537596
151_29,mp-9971,Y4 Ge4,151,011,0.1382778850439637,24,0,na,"(32, 39)",1.0,0.00011842728564661298
540_6,mp-973839,Pd2 Au6,540,210,0.125,48,0,na,"(46, 79)",1.0,0.00011844131232974062
299_15,mp-30852,Ti2 Pt16,299,201,0.2588791819397326,72,0,na,"(22, 78)",1.0,0.00011845534233593936
502_34,mp-20174,Ni6 Sn8,502,201,0.0776163808122052,42,0,na,"(28, 50)",1.0,0.00011846937566639024
372_1,mp-1079997,V2 Pt16,372,111,0.2500000000000001,72,0,na,"(23, 78)",1.0,0.00011848341232227489
366_5,mp-977434,Nb12 Ru4,366,210,0.0625,64,0,na,"(41, 44)",1.0,0.00011849745230477545
147_17,mp-485,Zr2 Ni6,147,201,0.0,48,0,na,"(28, 40)",1.0,0.00011851149561507466
505_22,mp-570896,Tl8 Pd4,505,101,0.2088604614248801,48,0,na,"(46, 81)",1.0,0.00011852554225435582
232_1,mp-1017579,In2 Au3,232,111,0.2567589801721333,25,0,na,"(49, 79)",1.0,0.00011853959222380275
300_5,mp-615,Y1 Mg1,300,100,0.25,6,0,na,"(12, 39)",1.0,0.00011990407673860912
704_0,mp-12108,V2 Pt4,704,111,0.0802365352805658,30,0,na,"(23, 78)",1.0,0.0001199184554502938
178_20,mp-782,Te2 Pd1,178,001,0.1308674244549727,6,0,na,"(46, 52)",1.0,0.00011993283761093787
141_0,mp-1129,Sc1 Ir1,141,111,0.25,12,0,na,"(21, 77)",1.0,0.00011994722322178242
845_0,mp-569671,Zr4 Sb4,845,111,0.0066735330788783,32,0,na,"(40, 51)",1.0,0.0001199616122840691
617_6,mp-1451,Nb2 Ni6,617,221,0.0667570903740821,64,0,na,"(28, 41)",1.0,0.0001199760047990402
589_41,mp-19724,Cu6 Ge2,589,011,0.131575245766914,24,0,na,"(29, 32)",1.0,0.00011999040076793856
651_22,mp-1064981,Hf4 Co4,651,120,0.1941019528625068,32,0,na,"(27, 72)",1.0,0.00012000480019200768
120_1,mp-867865,Re2 Rh6,120,221,0.25,64,0,na,"(45, 75)",1.0,0.00012001920307249159
242_93,mp-11696,As12 W8,242,011,0.25,80,0,na,"(33, 74)",1.0,0.00012003360941063497
151_21,mp-9971,Y4 Ge4,151,121,0.2500000000000002,32,0,na,"(32, 39)",1.0,0.00012004801920768308
713_11,mp-1973,Nb2 Ga6,713,112,0.5,40,0,na,"(31, 41)",1.0,0.00012006243246488174
724_1,mp-30481,Ca1 Pt5,724,221,0.1250000000000001,48,0,na,"(20, 78)",1.0,0.00012099213551119177
202_18,mp-30849,Ta4 Pt8,202,101,0.0,36,0,na,"(73, 78)",1.0,0.00012100677637947725
749_9,mp-542915,Ti2 Al6,749,201,0.0625,48,0,na,"(13, 22)",1.0,0.00012102142079148009
193_3,mp-1186974,Sc6 Tl2,193,212,0.0,64,0,na,"(21, 81)",1.0,0.00012149192078726765
808_2,mp-1018148,Sc2 Au4,808,221,0.0407408315617772,48,0,na,"(21, 79)",1.0,0.00012473493825620557
580_4,mp-600561,Li1 Rh1,580,212,0.4166666666666667,28,0,na,"(3, 45)",1.0,0.000124750499001996
666_16,mp-30494,Sc2 Cd6,666,201,0.4999226037380212,48,0,na,"(21, 48)",1.0,0.00012578616352201257
603_16,mp-971788,V2 Ru6,603,201,0.25,48,0,na,"(23, 44)",1.0,0.0001266624445851805
580_7,mp-600561,Li1 Rh1,580,210,0.0833333333333332,24,0,na,"(3, 45)",1.0,0.00012976901116013495
531_1,mp-1008626,V1 Te2,531,111,0.5000000000000001,18,0,na,"(23, 52)",1.0,0.00012978585334198572
229_8,mp-1217358,Te3 Au1,229,211,0.1764363966207618,64,0,na,"(52, 79)",1.0,0.00012980269989615784
429_30,mp-208,Ge4 Ir4,429,121,0.25,48,0,na,"(32, 77)",1.0,0.00012981955082435416
703_23,mp-865193,Co6 Pt2,703,102,0.1272443196625035,48,0,na,"(27, 78)",1.0,0.00012983640612827837
329_16,mp-30811,Ni8 W2,329,210,0.0756845030599269,40,0,na,"(28, 74)",1.0,0.0001298532658096351
152_32,mp-11693,Te6 Pt6,152,10-2,2.220446049250313e-16,48,0,na,"(52, 78)",1.0,0.00012987012987012987
343_28,mp-556,Zr4 Ni4,343,011,0.0,24,0,na,"(28, 40)",1.0,0.000129886998311469
248_8,mp-189,Si4 Ru4,248,221,0.464448703630989,64,0,na,"(14, 44)",1.0,0.00013107877834578582
643_0,mp-1699,Al2 Cr4,643,111,0.0923440705143185,30,0,na,"(13, 24)",1.0,0.00013109596224436288
347_0,mp-12884,Hf10 Te8,347,111,0.0289230574739179,54,0,na,"(52, 72)",1.0,0.0001311131506490101
215_33,mp-999502,Mo2 Pt2,215,021,0.0,24,0,na,"(42, 78)",1.0,0.00013113034356150013
815_18,mp-13156,Hf2 Ag2,815,100,0.25,12,0,na,"(47, 72)",1.0,0.00013114754098360657
385_13,mp-862630,Re2 Ru6,385,101,0.2510057966246499,32,0,na,"(44, 75)",1.0,0.00013236267372600927
560_25,mp-31144,Rb6 Au14,560,122,0.1062600643918968,80,0,na,"(37, 79)",1.0,0.00013238019592268997
643_5,mp-1699,Al2 Cr4,643,212,0.0326559294856814,48,0,na,"(13, 24)",1.0,0.00013239772275916854
408_22,mp-1444,Ca4 Cd8,408,122,0.0849169901982342,72,0,na,"(20, 48)",1.0,0.00013241525423728814
325_61,mp-15681,Cr4 As8,325,112,0.9999999999999996,60,0,na,"(24, 33)",1.0,0.00013243279035889287
527_21,mp-862604,Re6 Ni2,527,102,0.0,48,0,na,"(28, 75)",1.0,0.00013245033112582781
677_6,mp-193,Zr4 Cu2,677,212,0.125,48,0,na,"(29, 40)",1.0,0.00013246787653993907
93_5,mp-19895,Ni2 Sb4,93,221,0.2300452886774825,48,0,na,"(28, 51)",1.0,0.00013248542660307367
711_8,mp-10905,Al3 Pt2,711,212,0.2500000000000002,50,0,na,"(13, 78)",1.0,0.00013273161667109106
412_23,mp-976128,Hf5 Sc1,412,201,0.2053748201263197,36,0,na,"(21, 72)",1.0,0.00013274923669188903
389_13,mp-1183837,Co6 Ni2,389,101,0.2492759235466627,32,0,na,"(27, 28)",1.0,0.00013340448239060833
660_10,mp-867780,Al6 Cr2,660,100,0.2499999999999999,24,0,na,"(13, 24)",1.0,0.00013526308670363857
795_2,mp-1206704,Mo2 Pd4,795,221,0.0413089881097974,60,0,na,"(42, 46)",1.0,0.00013528138528138528
127_6,mp-1963,Nb1 Rh1,127,101,0.5000000000000002,10,0,na,"(41, 45)",1.0,0.00013529968881071573
487_30,mp-999143,Sr4 Pd4,487,112,0.0,48,0,na,"(38, 46)",1.0,0.00013531799729364006
348_21,mp-11398,Ga6 Ni10,348,121,0.1438228387049882,80,0,na,"(28, 31)",1.0,0.00013533631073216944
402_14,mp-30875,Ti4 Sn2,402,201,0.125,36,0,na,"(22, 50)",1.0,0.0001353546291283162
190_0,mp-2762,Y8 Ir16,190,111,0.0625,72,0,na,"(39, 77)",1.0,0.00013631406761177754
275_7,mp-1412,Ti6 Sb2,275,210,0.1875,48,0,na,"(22, 51)",1.0,0.000136332651670075
313_4,mp-1867,Ta8 Ni4,313,110,0.0913220671009681,36,0,na,"(28, 73)",1.0,0.00013635124079629124
173_11,mp-862586,Re6 Pd2,173,210,0.1341974887604727,48,0,na,"(46, 75)",1.0,0.00013636983499249966
452_23,mp-7558,Ta3 Ge6,452,201,0.0,54,0,na,"(32, 73)",1.0,0.00013638843426077467
557_21,mp-538,Ca4 Ag4,557,122,0.0,48,0,na,"(20, 47)",1.0,0.00013640703860319192
282_39,mp-1066136,Y4 Pd4,282,012,0.0556650399318356,48,0,na,"(39, 46)",1.0,0.00013810247203424942
557_18,mp-538,Ca4 Ag4,557,101,0.0,32,0,na,"(20, 47)",1.0,0.00013812154696132598
92_2,mp-1260,Sr1 Pd5,92,110,0.25,24,0,na,"(38, 46)",1.0,0.00013987970345502866
373_17,mp-30501,Ti4 Cd2,373,102,0.0725392878252295,24,0,na,"(22, 48)",1.0,0.0001398992725237829
325_15,mp-15681,Cr4 As8,325,11-1,0.5,48,0,na,"(24, 33)",1.0,0.00014074595355383532
484_41,mp-351,Si4 Ni4,484,011,0.3207481930883744,24,0,na,"(14, 28)",1.0,0.00014076576576576576
764_12,mp-1216394,V2 Cr2,764,112,0.125,32,0,na,"(23, 24)",1.0,0.00014078558355624384
608_54,mp-2349,Y4 Cd12,608,001,0.0,48,0,na,"(39, 48)",1.0,0.000140805406927626
728_15,mp-13010,Y4 Sn8,728,210,0.0,72,0,na,"(39, 50)",1.0,0.0001422475106685633
69_0,mp-867343,Li12 Cd4,69,111,0.125,48,0,na,"(3, 48)",1.0,0.0001422677479015507
870_29,mp-12104,Nb3 Si6,870,2-12,0.2614794098719084,54,0,na,"(14, 41)",1.0,0.0001422879908935686
196_2,mp-862658,Li2 Cu6,196,110,0.2499999999999999,32,0,na,"(3, 29)",1.0,0.00014230823964707557
382_16,mp-862260,Sc2 Zn6,382,201,0.0,48,0,na,"(21, 30)",1.0,0.00014232849416453175
641_3,mp-10026,Sc2 Te2,641,212,0.0416666666666667,32,0,na,"(21, 52)",1.0,0.00014234875444839857
785_0,mp-2302,As4 Rh8,785,111,0.125,48,0,na,"(33, 45)",1.0,0.00014236902050113895
641_0,mp-10026,Sc2 Te2,641,111,0.1250000000000001,24,0,na,"(21, 52)",1.0,0.00014238929232521716
627_10,mp-1001787,Li2 Rh6,627,210,0.0491919327073339,64,0,na,"(3, 45)",1.0,0.00014240956992309884
653_6,mp-1502,Al8 Pt4,653,100,0.125,24,0,na,"(13, 78)",1.0,0.0001424298532972511
873_29,mp-1078957,Ta6 Be4,873,112,0.1931881817639187,80,0,na,"(4, 73)",1.0,0.00014245014245014244
502_26,mp-20174,Ni6 Sn8,502,210,0.2500000000000001,42,0,na,"(28, 50)",1.0,0.00014247043738424277
654_9,mp-11416,Ta2 Ga6,654,201,0.0625,48,0,na,"(31, 73)",1.0,0.00014688601645123384
663_2,mp-1780,Sc1 Rh1,663,110,0.5,10,0,na,"(21, 45)",1.0,0.00014690759512266783
658_0,mp-1664,V6 Pd2,658,111,0.125,32,0,na,"(23, 46)",1.0,0.00014692918013517486
261_24,mp-979980,V2 Pd6,261,001,0.0,24,0,na,"(23, 46)",1.0,0.00014812620352540364
283_4,mp-11239,Zr2 Ag2,283,221,0.1322965135878656,40,0,na,"(40, 47)",1.0,0.00014814814814814815
795_30,mp-1206704,Mo2 Pd4,795,012,0.25,24,0,na,"(42, 46)",1.0,0.0001481700992739665
789_18,mp-1079810,Hf3 Sn6,789,210,0.1243324549185284,54,0,na,"(50, 72)",1.0,0.0001498576352465158
730_15,mp-10904,Al4 Pt4,730,110,0.75,24,0,na,"(13, 78)",1.0,0.00014988009592326138
845_15,mp-569671,Zr4 Sb4,845,110,0.75,24,0,na,"(40, 51)",1.0,0.00015103458692040478
220_33,mp-19880,Fe2 Te4,220,021,0.2267878151585307,36,0,na,"(26, 52)",1.0,0.00015172204521316947
319_23,mp-9969,Sc4 Si4,319,120,0.0,32,0,na,"(14, 21)",1.0,0.00015174506828528073
595_18,mp-864735,Mn6 Ir2,595,201,0.25,48,0,na,"(25, 77)",1.0,0.00015413070283600493
229_9,mp-1217358,Te3 Au1,229,210,0.2499999999999999,32,0,na,"(52, 79)",1.0,0.00015415446277169725
105_10,mp-1014229,Ti4 Zn2,105,101,0.1677833141690548,24,0,na,"(22, 30)",1.0,0.0001541782300339192
856_26,mp-2294,Al6 Ir2,856,102,0.1687159762013915,32,0,na,"(13, 77)",1.0,0.0001549426712116517
721_5,mp-1025551,Ga4 Pt4,721,221,0.0808259961930768,64,0,na,"(31, 78)",1.0,0.0001549666821633349
380_58,mp-1077791,Zr4 Sc8,380,112,0.32649146576132,60,0,na,"(21, 40)",1.0,0.00015499070055796651
731_16,mp-1823,Ti6 Al2,731,201,0.4999999999999999,48,0,na,"(13, 22)",1.0,0.0001550147263990079
603_22,mp-971788,V2 Ru6,603,102,0.1231452119401064,48,0,na,"(23, 44)",1.0,0.00015664160401002505
605_7,mp-568992,Zr8 Ir8,605,110,0.1123576181280084,48,0,na,"(40, 77)",1.0,0.00015666614444618518
79_1,mp-321,Rh4 Pb8,79,111,0.209749132252476,36,0,na,"(45, 82)",1.0,0.00015669069257286117
506_0,mp-945077,Y4 Te12,506,111,0.0,64,0,na,"(39, 52)",1.0,0.0001567152483936687
628_21,mp-21294,Y4 In2,628,001,0.125,12,0,na,"(39, 49)",1.0,0.00015673981191222572
818_18,mp-1331,Y1 Cd2,818,001,0.25,9,0,na,"(39, 48)",1.0,0.00015676438313215238
884_1,mp-6938,Zn1 Rh1,884,221,0.125,20,0,na,"(30, 45)",1.0,0.00015678896205707118
468_6,mp-30744,Ir2 W2,468,212,0.0,40,0,na,"(74, 77)",1.0,0.00015681354869060687
235_8,mp-30738,Li2 Ir6,235,110,0.5232981962199297,24,0,na,"(3, 77)",1.0,0.00015683814303638644
259_8,mp-1072399,Be20 Pt4,259,110,0.124416237296863,72,0,na,"(4, 78)",1.0,0.00015686274509803922
301_18,mp-1380,Zn12 Ru4,301,112,0.1171236730036535,64,0,na,"(30, 44)",1.0,0.00015688735487919673
332_25,mp-30835,Ta2 Pd4,332,011,0.5,18,0,na,"(46, 73)",1.0,0.00015691197238349287
718_2,mp-1007691,Hf4 Pt4,718,111,0.5000000000000001,32,0,na,"(72, 78)",1.0,0.00015693659761456373
454_22,mp-862589,Re6 Pt2,454,102,0.0,48,0,na,"(75, 78)",1.0,0.0001569612305760477
212_30,mp-11531,V2 Ni4,212,012,0.2499999999999999,24,0,na,"(23, 28)",1.0,0.00015698587127158556
874_4,mp-1841,Si4 Ir12,874,110,0.3157358812498075,48,0,na,"(14, 77)",1.0,0.0001570105197048202
764_15,mp-1216394,V2 Cr2,764,021,0.125,24,0,na,"(23, 24)",1.0,0.000157035175879397
777_21,mp-866184,Ti6 Pb2,777,102,0.0,48,0,na,"(22, 82)",1.0,0.00015822784810126583
425_11,mp-11506,Ni6 Mo2,425,110,0.5026805862428816,32,0,na,"(28, 42)",1.0,0.0001582528881152081
564_28,mp-16756,Ta6 Ga4,564,112,0.1868974613930339,80,0,na,"(31, 73)",1.0,0.00015827793605571383
241_1,mp-30356,Sr4 Ag8,241,111,0.1623497259852229,36,0,na,"(38, 47)",1.0,0.00016007683688170322
504_13,mp-1822,Ti4 As4,504,101,0.1837049347526083,32,0,na,"(22, 33)",1.0,0.00016231131309852296
641_6,mp-10026,Sc2 Te2,641,211,0.2291666666666667,64,0,na,"(21, 52)",1.0,0.00016490765171503957
84_20,mp-1128,Si4 Ir4,84,101,0.3214706908954952,32,0,na,"(14, 77)",1.0,0.00016493485073396007
441_14,mp-11359,Ga2 Cu1,441,112,0.2170292516871086,21,0,na,"(29, 31)",1.0,0.0001649620587264929
142_29,mp-1218044,Ta6 Ru4,142,112,0.0977100229135962,50,0,na,"(44, 73)",1.0,0.00016498927569707968
62_23,mp-16240,Ag6 Sb2,62,101,0.1257804055716213,24,0,na,"(47, 51)",1.0,0.00016589250165892502
246_12,mp-1078464,Mn4 Ge4,246,110,0.5928756442232482,24,0,na,"(25, 32)",1.0,0.00016719612104999163
405_23,mp-866108,Hf2 Zn6,405,102,0.1304229251639991,48,0,na,"(30, 72)",1.0,0.00016722408026755852
509_19,mp-865022,Mn2 Ir6,509,100,0.5,24,0,na,"(25, 77)",1.0,0.00016725204883759825
520_12,mp-1070580,Al6 Ru4,520,210,0.125,80,0,na,"(13, 44)",1.0,0.00016728002676480428
189_21,mp-13495,Zr4 Pd4,189,120,0.197655089666501,32,0,na,"(40, 46)",1.0,0.00016730801405387318
839_18,mp-810,Ni2 Sb2,839,001,0.125,8,0,na,"(28, 51)",1.0,0.0001707941929974381
85_9,mp-1018125,Ti2 Re1,85,210,0.2500000000000001,24,0,na,"(22, 75)",1.0,0.00017214666896195557
387_9,mp-1001836,Mn1 Ga1,387,112,0.2499999999999999,16,0,na,"(25, 31)",1.0,0.0001721763085399449
493_20,mp-542640,Ge4 Pt4,493,101,0.5000000000000001,32,0,na,"(32, 78)",1.0,0.00017220595832615808
646_23,mp-871,Fe4 Si4,646,100,0.1479666773011582,24,0,na,"(14, 26)",1.0,0.0001743071291615827
120_5,mp-867865,Re2 Rh6,120,212,0.25,64,0,na,"(45, 75)",1.0,0.00017433751743375174
784_21,mp-1025223,Hf4 Al3,784,102,0.0833333333333332,42,0,na,"(13, 72)",1.0,0.00017482517482517483
472_0,mp-8937,Cr2 Si4,472,111,0.0815627107498535,30,0,na,"(14, 24)",1.0,0.00017708517797060386
733_15,mp-975799,Li2 Zn6,733,201,0.2484348971217183,48,0,na,"(3, 30)",1.0,0.00017711654268508679
415_13,mp-568718,Hf4 Al12,415,101,0.312611221115592,48,0,na,"(13, 72)",1.0,0.0001771479185119575
419_1,mp-922,Co1 Pt3,419,221,0.1250000000000001,32,0,na,"(27, 78)",1.0,0.0001820498816675769
692_8,mp-21237,Co8 Ge8,692,110,0.5,48,0,na,"(27, 32)",1.0,0.0001820830298616169
331_16,mp-864941,Mg4 Sc8,331,210,0.0566068961634834,72,0,na,"(12, 21)",1.0,0.00018211619012930248
442_1,mp-899,In1 Rh1,442,221,0.125,20,0,na,"(45, 49)",1.0,0.00018214936247723133
296_7,mp-11283,Zr1 Be5,296,210,0.0833333333333333,48,0,na,"(4, 40)",1.0,0.00018355359765051394
71_5,mp-865430,Y1 Te1,71,211,0.125,32,0,na,"(39, 52)",1.0,0.00018358729575913347
108_11,mp-1018149,Sc2 Cu4,108,101,0.5,24,0,na,"(21, 29)",1.0,0.0001836210062431142
377_2,mp-11385,Y1 Fe5,377,110,0.25,24,0,na,"(26, 39)",1.0,0.00018365472910927456
692_38,mp-21237,Co8 Ge8,692,20-1,0.0332491482244208,48,0,na,"(27, 32)",1.0,0.0001836884643644379
112_16,mp-30581,Hf4 Cu2,112,112,0.5,30,0,na,"(29, 72)",1.0,0.00018372221201543268
530_1,mp-1298,K1 Au5,530,221,0.1250000000000003,48,0,na,"(19, 79)",1.0,0.00018375597206909226
848_17,mp-22795,Pb8 Au4,848,201,0.25,48,0,na,"(79, 82)",1.0,0.0001837897445322551
429_40,mp-208,Ge4 Ir4,429,102,0.125,48,0,na,"(32, 77)",1.0,0.0001838235294117647
824_33,mp-578,Ga3 Ag6,824,201,0.1114635756653437,45,0,na,"(31, 47)",1.0,0.00018385732671446958
739_18,mp-7188,Al4 Os2,739,102,0.25,24,0,na,"(13, 76)",1.0,0.00018389113644722325
412_11,mp-976128,Hf5 Sc1,412,211,0.2053748201263197,72,0,na,"(21, 72)",1.0,0.0001839249586168843
241_46,mp-30356,Sr4 Ag8,241,012,0.0977116130753223,48,0,na,"(38, 47)",1.0,0.0001839587932303164
469_27,mp-12595,Mo2 Rh2,469,102,0.0,24,0,na,"(42, 45)",1.0,0.0001839926402943882
389_4,mp-1183837,Co6 Ni2,389,212,0.1253620382266687,64,0,na,"(27, 28)",1.0,0.0001840264998159735
299_14,mp-30852,Ti2 Pt16,299,201,0.0881346053187355,72,0,na,"(22, 78)",1.0,0.00018406037180195104
557_10,mp-538,Ca4 Ag4,557,212,0.0542325098856201,64,0,na,"(20, 47)",1.0,0.0001840942562592047
464_14,mp-1018129,Pt4 W2,464,100,0.2499999999999999,24,0,na,"(74, 78)",1.0,0.00018412815319462345
357_1,mp-865355,Zn6 Pt2,357,221,0.0625,64,0,na,"(30, 78)",1.0,0.00018875047187617969
390_23,mp-1079914,Hf4 Sb4,390,210,0.0,32,0,na,"(51, 72)",1.0,0.00019116803670426305
113_1,mp-11256,Sc1 Au1,113,221,0.125,20,0,na,"(21, 79)",1.0,0.00019190174630589137
469_26,mp-12595,Mo2 Rh2,469,112,0.25,24,0,na,"(42, 45)",1.0,0.00019193857965451057
880_20,mp-567889,Ti8 Ge16,880,100,0.125,48,0,na,"(22, 32)",1.0,0.0001919754271453254
397_4,mp-1183425,Be6 Co2,397,212,0.1250931742497429,80,0,na,"(4, 27)",1.0,0.00019201228878648233
183_9,mp-1066078,Bi2 Pt2,183,101,0.2083333333333333,16,0,na,"(78, 83)",1.0,0.00019204916458613405
104_2,mp-1953,Ti1 Al1,104,110,0.5,12,0,na,"(13, 22)",1.0,0.0001920860545524395
562_24,mp-611,Ag6 Sn2,562,101,0.375491981287997,24,0,na,"(47, 50)",1.0,0.00019212295869356388
276_23,mp-569833,Zr8 Ga4,276,102,0.0383928468985033,48,0,na,"(31, 40)",1.0,0.0001921598770176787
301_12,mp-1380,Zn12 Ru4,301,101,0.1835618365018266,48,0,na,"(30, 44)",1.0,0.00019219680953296174
212_26,mp-11531,V2 Ni4,212,021,0.0419423464993151,36,0,na,"(23, 28)",1.0,0.00019223375624759708
321_2,mp-1014230,Ti1 Zn1,321,110,0.5,10,0,na,"(22, 30)",1.0,0.00019227071716977504
602_31,mp-2455,As4 Os2,602,021,0.1982247755329479,24,0,na,"(33, 76)",1.0,0.00019447685725398678
841_30,mp-30428,Ba4 Cu4,841,102,0.2928090080460082,24,0,na,"(29, 56)",1.0,0.00019451468585878233
205_5,mp-265,Ta1 Ir3,205,100,0.25,12,0,na,"(73, 77)",1.0,0.0001945525291828794
378_21,mp-865373,Y6 Co6,378,20-1,0.1448694233949967,72,0,na,"(27, 39)",1.0,0.0001945903872348706
626_5,mp-30883,V8 Zn10,626,110,0.5000000000000001,36,0,na,"(23, 30)",1.0,0.00019462826002335538
692_7,mp-21237,Co8 Ge8,692,110,0.3067411078644966,48,0,na,"(27, 32)",1.0,0.00019466614755693986
443_12,mp-568,Ti4 Sb8,443,210,0.0103893400982579,48,0,na,"(22, 51)",1.0,0.00019470404984423675
564_15,mp-16756,Ta6 Ga4,564,210,0.1384623210556057,40,0,na,"(31, 73)",1.0,0.00019474196689386563
538_10,mp-1220327,Nb2 Mo2,538,121,0.125,24,0,na,"(41, 42)",1.0,0.00019557989438685703
181_15,mp-13208,Mg8 Pt4,181,101,0.2160887470678536,36,0,na,"(12, 78)",1.0,0.00019561815336463224
696_2,mp-11277,Sc1 Be5,696,110,0.25,30,0,na,"(4, 21)",1.0,0.00019790223629527012
789_29,mp-1079810,Hf3 Sn6,789,2-12,0.2499999999999999,54,0,na,"(50, 72)",1.0,0.0001979414093428345
718_33,mp-1007691,Hf4 Pt4,718,021,0.4999999999999999,32,0,na,"(72, 78)",1.0,0.00019798059790140566
671_3,mp-214,Zr1 Ru1,671,211,0.25,32,0,na,"(40, 44)",1.0,0.00019801980198019803
282_17,mp-1066136,Y4 Pd4,282,122,0.0,48,0,na,"(39, 46)",1.0,0.00019805902158843335
51_3,mp-985296,Ag6 Pd2,51,212,0.1250000000000001,48,0,na,"(46, 47)",1.0,0.00019809825673534074
404_20,mp-510437,In3 Pd2,404,2-12,0.2499999999999999,30,0,na,"(46, 49)",1.0,0.00019813750743015652
275_1,mp-1412,Ti6 Sb2,275,221,0.0625,48,0,na,"(22, 51)",1.0,0.00019817677368212446
100_1,mp-865362,Zn6 Ir2,100,221,0.0625,64,0,na,"(30, 77)",1.0,0.0002034587995930824
112_17,mp-30581,Hf4 Cu2,112,102,0.0933889384077559,24,0,na,"(29, 72)",1.0,0.0002035002035002035
420_24,mp-10711,V3 Si6,420,201,0.3333333333333333,54,0,na,"(14, 23)",1.0,0.0002035416242621616
427_33,mp-865527,Y2 Al6,427,102,0.0,48,0,na,"(13, 39)",1.0,0.00020729684908789387
575_8,mp-865168,Be6 Ni2,575,101,0.375,32,0,na,"(4, 28)",1.0,0.0002089864158829676
260_17,mp-2851,V4 Sb8,260,201,0.2499999999999999,48,0,na,"(23, 51)",1.0,0.00021190930281839374
240_0,mp-1174,Mg1 Sc1,240,111,0.25,10,0,na,"(12, 21)",1.0,0.000211954217888936
428_28,mp-11272,Be4 Nb6,428,100,0.2499999999999999,20,0,na,"(4, 41)",1.0,0.00021199915200339198
357_13,mp-865355,Zn6 Pt2,357,001,0.1249999999999999,16,0,na,"(30, 78)",1.0,0.00021204410517387616
327_5,mp-1187695,V12 Cr4,327,210,0.0625,64,0,na,"(23, 24)",1.0,0.00021408691928923143
371_0,mp-1186902,Re3 Ir1,371,111,0.5,20,0,na,"(75, 77)",1.0,0.00021500752526338422
454_21,mp-862589,Re6 Pt2,454,2-12,0.1309517577765984,48,0,na,"(75, 78)",1.0,0.00021505376344086021
527_9,mp-862604,Re6 Ni2,527,210,0.0,48,0,na,"(28, 75)",1.0,0.00021510002151000216
162_5,mp-1682,Zr4 As4,162,212,0.0416666666666667,80,0,na,"(33, 40)",1.0,0.0002151462994836489
584_6,mp-1078895,Mn6 Pd10,584,110,0.2491966953242653,32,0,na,"(25, 46)",1.0,0.00021519259737465033
184_2,mp-1184119,Cu2 Pd6,184,110,0.25,32,0,na,"(29, 46)",1.0,0.00021523891519586742
593_5,mp-894,Zn1 Pt1,593,210,0.125,16,0,na,"(30, 78)",1.0,0.00021528525296017224
277_6,mp-1216229,V2 Re2,277,101,0.25,20,0,na,"(23, 75)",1.0,0.0002153316106804479
616_1,mp-10909,Al2 Re4,616,111,0.25,30,0,na,"(13, 75)",1.0,0.00021537798836958864
267_1,mp-862716,Li2 Ag6,267,221,0.0625,64,0,na,"(3, 47)",1.0,0.00021542438604049978
388_20,mp-998949,Ti2 Pt2,388,122,0.25,32,0,na,"(22, 78)",1.0,0.00021547080370609782
475_29,mp-1018056,Hf4 Ni4,475,011,0.1380922374573039,24,0,na,"(28, 72)",1.0,0.00021551724137931034
800_4,mp-1328,Sr8 Rh16,800,110,0.125,48,0,na,"(38, 45)",1.0,0.0002155636990730761
495_9,mp-945,Ni1 Pt1,495,112,0.25,16,0,na,"(28, 78)",1.0,0.00021561017680034498
312_29,mp-1229032,Ag3 Pt12,312,10-2,0.5000000000000001,75,0,na,"(47, 78)",1.0,0.00021565667457407807
416_15,mp-766,As4 Ru2,416,201,0.125,48,0,na,"(33, 44)",1.0,0.00021570319240724764
128_23,mp-1078526,Ga4 Pd4,128,210,0.25,48,0,na,"(31, 46)",1.0,0.0002157497303128371
62_6,mp-16240,Ag6 Sb2,62,221,0.0537988256270853,48,0,na,"(47, 51)",1.0,0.00022381378692927484
736_0,mp-2647,Al8 Au4,736,111,0.1250000000000002,36,0,na,"(13, 79)",1.0,0.00022386389075442132
271_2,mp-1079460,Ti12 Sn4,271,111,0.5,48,0,na,"(22, 50)",1.0,0.0002239140170174653
295_3,mp-1219908,Pd3 Pt3,295,212,0.083333333333333,72,0,na,"(46, 78)",1.0,0.0002257336343115124
718_39,mp-1007691,Hf4 Pt4,718,012,0.1250000000000001,48,0,na,"(72, 78)",1.0,0.00022578460149017836
271_21,mp-1079460,Ti12 Sn4,271,100,0.25,32,0,na,"(22, 50)",1.0,0.00022925263640531865
108_0,mp-1018149,Sc2 Cu4,108,111,0.0868615486108724,30,0,na,"(21, 29)",1.0,0.00023386342376052386
846_20,mp-755328,Zr8 Sn16,846,100,0.125,48,0,na,"(40, 50)",1.0,0.00023668639053254438
48_11,mp-317,Sn4 Rh4,48,110,0.0897696967246193,24,0,na,"(45, 50)",1.0,0.00023674242424242425
501_4,mp-862655,Ru6 W2,501,212,0.1250367061623645,64,0,na,"(44, 74)",1.0,0.00023679848448969926
590_9,mp-975834,Mo2 Ru6,590,210,0.0,48,0,na,"(42, 44)",1.0,0.00023685457129322596
319_26,mp-9969,Sc4 Si4,319,112,0.0,64,0,na,"(14, 21)",1.0,0.00023691068467187872
333_44,mp-9972,Y4 Si4,333,012,0.125,48,0,na,"(14, 39)",1.0,0.00023696682464454977
246_4,mp-1078464,Mn4 Ge4,246,221,0.0414754935664731,64,0,na,"(25, 32)",1.0,0.00023702299123014932
824_36,mp-578,Ga3 Ag6,824,201,0.4450353058313506,45,0,na,"(31, 47)",1.0,0.0002370791844476055
328_0,mp-570632,Sc4 Bi4,328,111,0.25,24,0,na,"(21, 83)",1.0,0.00023713540431586437
416_29,mp-766,As4 Ru2,416,011,0.4999999999999999,18,0,na,"(33, 44)",1.0,0.00023719165085388995
81_13,mp-2123,Nb6 Au4,81,210,0.1249999999999999,80,0,na,"(41, 79)",1.0,0.00023724792408066428
235_43,mp-30738,Li2 Ir6,235,11-2,0.1306949549269005,64,0,na,"(3, 77)",1.0,0.00023730422401518748
464_12,mp-1018129,Pt4 W2,464,201,0.0408006335438049,48,0,na,"(74, 78)",1.0,0.00023736055067647758
561_3,mp-2025,Hf1 Be5,561,212,0.0833333333333333,60,0,na,"(4, 72)",1.0,0.00023741690408357076
777_20,mp-866184,Ti6 Pb2,777,2-12,0.1291017050674678,48,0,na,"(22, 82)",1.0,0.00023747328425552126
329_31,mp-30811,Ni8 W2,329,102,0.0747097165077033,60,0,na,"(28, 74)",1.0,0.00023752969121140142
852_21,mp-11220,Sc4 Al2,852,001,0.125,12,0,na,"(13, 21)",1.0,0.00023758612497030174
296_0,mp-11283,Zr1 Be5,296,111,0.25,36,0,na,"(4, 40)",1.0,0.0002376425855513308
434_2,mp-2426,Li1 Ag1,434,110,0.5,10,0,na,"(3, 47)",1.0,0.0002376990729736154
478_9,mp-1359,Nb1 Ir1,478,112,0.25,16,0,na,"(41, 77)",1.0,0.00023775558725630053
666_18,mp-30494,Sc2 Cd6,666,100,0.2499226037380212,16,0,na,"(21, 48)",1.0,0.00023781212841854935
571_17,mp-1606,Nb1 Au2,571,102,0.2500000000000001,24,0,na,"(41, 79)",1.0,0.0002378686964795433
348_15,mp-11398,Ga6 Ni10,348,201,0.1374000070807106,64,0,na,"(28, 31)",1.0,0.00023792529145848205
596_23,mp-574,Ta8 Co4,596,001,0.125,36,0,na,"(27, 73)",1.0,0.00024044241404183698
525_0,mp-1235,Ti1 Ir1,525,111,0.2499999999999999,12,0,na,"(22, 77)",1.0,0.0002405002405002405
291_0,mp-1206794,Li1 Au1,291,111,0.25,12,0,na,"(3, 79)",1.0,0.00024055809477988935
785_1,mp-2302,As4 Rh8,785,111,0.5,48,0,na,"(33, 45)",1.0,0.00024061597690086623
162_15,mp-1682,Zr4 As4,162,101,0.3663272093278067,32,0,na,"(33, 40)",1.0,0.00024067388688327315
637_20,mp-31138,Mn4 Pd12,637,102,0.125407391713118,48,0,na,"(25, 46)",1.0,0.000243842965130456
334_4,mp-8700,K4 Au6,334,110,0.1236783399519408,30,0,na,"(19, 79)",1.0,0.00024390243902439024
576_7,mp-1670,Mn1 Pt1,576,201,0.125,16,0,na,"(25, 78)",1.0,0.00024396194193705782
84_36,mp-1128,Si4 Ir4,84,112,0.0,48,0,na,"(14, 77)",1.0,0.00024703557312252963
425_13,mp-11506,Ni6 Mo2,425,212,0.0,64,0,na,"(28, 42)",1.0,0.00024709661477637757
465_1,mp-2213,Fe1 Ni1,465,221,0.125,24,0,na,"(26, 28)",1.0,0.00024715768660405336
587_5,mp-442,Rh3 Pb3,587,211,0.0416666666666667,72,0,na,"(45, 82)",1.0,0.00024721878862793575
383_8,mp-1545,Nb6 Rh2,383,100,0.125,16,0,na,"(41, 45)",1.0,0.0002472799208704253
589_25,mp-19724,Cu6 Ge2,589,201,0.062900425138082,48,0,na,"(29, 32)",1.0,0.0002473410833539451
745_2,mp-2845,Sb2 Pt2,745,110,0.5,20,0,na,"(51, 78)",1.0,0.00024740227610094015
197_4,mp-29665,Sb6 Au2,197,210,0.125,32,0,na,"(51, 79)",1.0,0.00024919013207077
870_28,mp-12104,Nb3 Si6,870,2-12,0.0474063716026208,54,0,na,"(14, 41)",1.0,0.00025265285497726126
522_20,mp-568069,Ti8 Bi4,522,102,0.25,36,0,na,"(22, 83)",1.0,0.0002542588354945334
106_23,mp-972042,Zn6 Cu2,106,102,0.5,48,0,na,"(29, 30)",1.0,0.000254323499491353
248_9,mp-189,Si4 Ru4,248,110,0.0876089738633609,24,0,na,"(14, 44)",1.0,0.0002586652871184687
399_4,mp-1184368,Fe2 Rh6,399,212,0.1262404093303599,64,0,na,"(26, 45)",1.0,0.0002591344908007256
436_4,mp-747,Ba8 Pt16,436,110,0.125,48,0,na,"(56, 78)",1.0,0.0002627430373095113
217_25,mp-30571,Tl8 Au4,217,001,0.125,24,0,na,"(79, 81)",1.0,0.00026281208935611036
776_1,mp-811,Ba1 Pt5,776,221,0.1250000000000001,48,0,na,"(56, 78)",1.0,0.00026469031233456857
584_7,mp-1078895,Mn6 Pd10,584,110,0.3877941796710686,32,0,na,"(25, 46)",1.0,0.00026476039184537993
589_0,mp-19724,Cu6 Ge2,589,111,2.220446049250313e-16,32,0,na,"(29, 32)",1.0,0.00026752273943285177
767_12,mp-570578,Zr2 In6,767,102,0.2499999999999997,32,0,na,"(40, 49)",1.0,0.0002675943270002676
412_30,mp-976128,Hf5 Sc1,412,001,0.25,12,0,na,"(21, 72)",1.0,0.0002676659528907923
628_5,mp-21294,Y4 In2,628,211,0.0208333333333332,72,0,na,"(39, 49)",1.0,0.0002677376171352075
835_1,mp-862259,Sc6 Al2,835,221,4.440892098500626e-16,64,0,na,"(13, 21)",1.0,0.0002678093197643278
516_9,mp-865342,Zn6 Rh2,516,201,0.0625,48,0,na,"(30, 45)",1.0,0.0002678810608090008
735_0,mp-865077,Na4 Cd12,735,111,0.125,48,0,na,"(11, 48)",1.0,0.0002679528403001072
326_5,mp-215,Y4 Sb4,326,100,0.25,16,0,na,"(39, 51)",1.0,0.0002680246582685607
614_17,mp-2221,Zr4 Ag2,614,102,0.0863507682875663,24,0,na,"(40, 47)",1.0,0.00026809651474530834
742_7,mp-28246,Ag3 Te9,742,21-2,0.131461533038537,72,0,na,"(47, 52)",1.0,0.0002681684097613301
323_18,mp-1217895,Ta2 Mo2,323,001,0.2499999999999999,12,0,na,"(42, 73)",1.0,0.0002725538293813028
427_22,mp-865527,Y2 Al6,427,101,0.2399841360038023,24,0,na,"(13, 39)",1.0,0.00027631942525559546
588_0,mp-608,Ti1 Co3,588,111,0.5000000000000002,20,0,na,"(22, 27)",1.0,0.0002763957987838585
760_17,mp-20033,Sn2 Ir2,760,102,0.2499999999999999,24,0,na,"(50, 77)",1.0,0.0002764722145424385
872_27,mp-20928,Sb4 Ru2,872,112,0.5,30,0,na,"(44, 51)",1.0,0.00028050490883590464
115_22,mp-864934,Mg2 Ag6,115,102,0.1251352503632627,48,0,na,"(12, 47)",1.0,0.0002805836139169473
306_8,mp-429,Zn1 Ni1,306,100,0.25,8,0,na,"(28, 30)",1.0,0.000280662363177098
424_23,mp-1363,Na8 Au4,424,102,0.125,48,0,na,"(11, 79)",1.0,0.00028074115665356543
697_0,mp-1418,Fe1 Ni3,697,111,0.5,20,0,na,"(26, 28)",1.0,0.0002808199943836001
373_11,mp-30501,Ti4 Cd2,373,101,0.5000000000000002,24,0,na,"(22, 48)",1.0,0.0002808988764044944
283_16,mp-11239,Zr2 Ag2,283,201,0.1322965135878657,24,0,na,"(40, 47)",1.0,0.0002809778027535825
406_21,mp-983509,Na6 Cd2,406,2-12,0.1198629041328342,48,0,na,"(11, 48)",1.0,0.0002810567734682406
516_1,mp-865342,Zn6 Rh2,516,221,0.0625,64,0,na,"(30, 45)",1.0,0.00028563267637817766
746_19,mp-20599,Pd4 Pb8,746,112,0.0,48,0,na,"(46, 82)",1.0,0.00028571428571428574
115_10,mp-864934,Mg2 Ag6,115,210,0.2499999999999999,48,0,na,"(12, 47)",1.0,0.0002933411557641537
282_5,mp-1066136,Y4 Pd4,282,110,0.0,24,0,na,"(39, 46)",1.0,0.00029342723004694836
887_15,mp-1018151,Nb2 Pd4,887,122,0.0418395402558715,48,0,na,"(41, 46)",1.0,0.000293513354857646
132_9,mp-865985,Cd2 Pd6,132,201,0.0625,48,0,na,"(46, 48)",1.0,0.0002935995302407516
329_19,mp-30811,Ni8 W2,329,101,0.2997921278493329,40,0,na,"(28, 74)",1.0,0.0002936857562408223
295_11,mp-1219908,Pd3 Pt3,295,20-1,0.1249999999999999,60,0,na,"(46, 78)",1.0,0.0002937720329024677
809_12,mp-22478,Fe3 Ge3,809,201,0.2499999999999999,36,0,na,"(26, 32)",1.0,0.0002975304968759298
856_14,mp-2294,Al6 Ir2,856,101,0.3353826428680583,24,0,na,"(13, 77)",1.0,0.00029761904761904765
759_4,mp-11826,Ca1 Pd5,759,212,0.2083333333333333,48,0,na,"(20, 46)",1.0,0.00029895366218236175
599_11,mp-1220023,Os1 Ru1,599,201,0.125,20,0,na,"(44, 76)",1.0,0.0002990430622009569
422_18,mp-1072429,Ga16 Ru8,422,101,0.2499999999999999,72,0,na,"(31, 44)",1.0,0.0002991325157044571
603_5,mp-971788,V2 Ru6,603,212,0.25,64,0,na,"(23, 44)",1.0,0.0002992220227408737
475_30,mp-1018056,Hf4 Ni4,475,011,0.25,24,0,na,"(28, 72)",1.0,0.000299311583358276
248_2,mp-189,Si4 Ru4,248,111,0.4504808566239831,32,0,na,"(14, 44)",1.0,0.0002994011976047904
413_0,mp-833,Ca8 Pd16,413,111,0.0625,72,0,na,"(20, 46)",1.0,0.0002994908655286014
203_8,mp-363,Nb3 Ge6,203,212,0.2896997148275207,72,0,na,"(32, 41)",1.0,0.0002995805871779509
390_0,mp-1079914,Hf4 Sb4,390,111,0.0060043901316788,32,0,na,"(51, 72)",1.0,0.00029967036260113877
770_5,mp-9954,Hf4 As4,770,212,0.0416666666666667,80,0,na,"(33, 72)",1.0,0.0003040437823046519
246_10,mp-1078464,Mn4 Ge4,246,110,0.1127249584038523,24,0,na,"(25, 32)",1.0,0.0003079765937788728
377_15,mp-11385,Y1 Fe5,377,2-12,0.125,48,0,na,"(26, 39)",1.0,0.00030807147258163895
420_4,mp-10711,V3 Si6,420,110,0.2558628500045703,45,0,na,"(14, 23)",1.0,0.0003096934035305048
219_8,mp-644311,Cu3 Pt3,219,101,0.2499999999999997,30,0,na,"(29, 78)",1.0,0.0003097893432465923
746_11,mp-20599,Pd4 Pb8,746,210,0.043579540002451,48,0,na,"(46, 82)",1.0,0.0003098853424233034
825_10,mp-21260,Fe3 Sn3,825,101,0.3333333333333333,24,0,na,"(26, 50)",1.0,0.00030998140111593303
373_5,mp-30501,Ti4 Cd2,373,212,0.0362696439126148,48,0,na,"(22, 48)",1.0,0.000315955766192733
504_5,mp-1822,Ti4 As4,504,212,0.0416666666666666,80,0,na,"(22, 33)",1.0,0.0003160556257901391
715_3,mp-2212,Sc1 Co1,715,211,0.25,32,0,na,"(21, 27)",1.0,0.0003204101249599487
119_8,mp-1217811,Ta2 W2,119,100,0.25,16,0,na,"(73, 74)",1.0,0.0003205128205128205
390_7,mp-1079914,Hf4 Sb4,390,221,0.1436240254822678,48,0,na,"(51, 72)",1.0,0.0003206155819172812
319_28,mp-9969,Sc4 Si4,319,112,0.2500000000000001,64,0,na,"(14, 21)",1.0,0.00032071840923669016
313_2,mp-1867,Ta8 Ni4,313,221,0.0336779328990317,72,0,na,"(28, 73)",1.0,0.0003208213025344883
312_24,mp-1229032,Ag3 Pt12,312,102,0.0327537704190941,75,0,na,"(47, 78)",1.0,0.00032092426187419767
848_20,mp-22795,Pb8 Au4,848,112,0.0,48,0,na,"(79, 82)",1.0,0.00032102728731942215
196_12,mp-862658,Li2 Cu6,196,102,0.25,32,0,na,"(3, 29)",1.0,0.0003211303789338471
395_6,mp-544,Ti6 Ir2,395,210,0.0625,48,0,na,"(22, 77)",1.0,0.00032123353678124
634_11,mp-865960,Co2 Re6,634,210,0.4999999999999999,48,0,na,"(27, 75)",1.0,0.0003247807729782397
358_9,mp-1183641,Cd6 Pt2,358,201,0.0625,48,0,na,"(48, 78)",1.0,0.00033025099075297226
708_1,mp-19876,In3 Ni3,708,221,0.1250000000000001,48,0,na,"(28, 49)",1.0,0.0003325573661456601
382_11,mp-862260,Sc2 Zn6,382,210,0.1312055098877618,48,0,na,"(21, 30)",1.0,0.00033433634236041456
222_20,mp-636614,Y4 Pb8,222,121,0.1852011835931857,48,0,na,"(39, 82)",1.0,0.00033444816053511704
746_4,mp-20599,Pd4 Pb8,746,110,0.087159080004902,36,0,na,"(46, 82)",1.0,0.00033456005352960856
426_0,mp-481,Sc1 Pt3,426,111,0.5,20,0,na,"(21, 78)",1.0,0.00033467202141900936
465_3,mp-2213,Fe1 Ni1,465,212,0.125,24,0,na,"(26, 28)",1.0,0.00033478406427854036
344_0,mp-865562,Be6 Ru2,344,111,0.125,40,0,na,"(4, 44)",1.0,0.0003348961821835231
656_7,mp-1229012,Ag3 Pd3,656,21-2,0.2500000000000002,72,0,na,"(46, 47)",1.0,0.00033500837520938025
51_10,mp-985296,Ag6 Pd2,51,100,0.25,24,0,na,"(46, 47)",1.0,0.0003351206434316354
398_19,mp-864889,Zr2 Zn6,398,100,0.0,16,0,na,"(30, 40)",1.0,0.00033523298692591353
137_2,mp-823,Ti1 Co1,137,110,0.5,10,0,na,"(22, 27)",1.0,0.00034083162917518747
575_11,mp-865168,Be6 Ni2,575,112,0.5,48,0,na,"(4, 28)",1.0,0.00034094783498124785
848_12,mp-22795,Pb8 Au4,848,210,0.0401978414797135,48,0,na,"(79, 82)",1.0,0.00034340659340659343
829_1,mp-13155,Hf4 Ag2,829,111,0.25,30,0,na,"(47, 72)",1.0,0.0003466204506065858
547_3,mp-867792,Re2 Ir6,547,212,0.1255807133202421,64,0,na,"(75, 77)",1.0,0.00034674063800277393
760_12,mp-20033,Sn2 Ir2,760,201,0.1458333333333333,24,0,na,"(50, 77)",1.0,0.0003551136363636364
480_2,mp-1194,Cd1 Pt1,480,110,0.5,10,0,na,"(48, 78)",1.0,0.00035523978685612787
634_20,mp-865960,Co2 Re6,634,2-12,0.125183257932914,48,0,na,"(27, 75)",1.0,0.00035536602700781805
640_2,mp-1186231,Nb2 Ir6,640,110,0.2536301283833034,32,0,na,"(41, 77)",1.0,0.00035549235691432633
321_3,mp-1014230,Ti1 Zn1,321,211,0.25,32,0,na,"(22, 30)",1.0,0.00035855145213338117
229_5,mp-1217358,Te3 Au1,229,212,0.1028727932415236,32,0,na,"(52, 79)",1.0,0.0003586800573888092
291_3,mp-1206794,Li1 Au1,291,211,0.2500000000000001,32,0,na,"(3, 79)",1.0,0.0003588087549336204
448_0,mp-522,Cu1 Au1,448,111,0.25,12,0,na,"(29, 79)",1.0,0.0003589375448671931
252_7,mp-1216323,V2 Mo2,252,201,0.1249999999999999,32,0,na,"(23, 42)",1.0,0.0003590664272890485
581_0,mp-1186060,Mn2 Os6,581,111,0.0,40,0,na,"(25, 76)",1.0,0.0003633720930232558
590_0,mp-975834,Mo2 Ru6,590,111,0.4999414432514689,40,0,na,"(42, 44)",1.0,0.0003635041802980734
205_3,mp-265,Ta1 Ir3,205,211,0.125,64,0,na,"(73, 77)",1.0,0.0003679175864606328
720_8,mp-1458,Nb6 Ir2,720,100,0.125,16,0,na,"(41, 77)",1.0,0.000368052999631947
54_3,mp-2695,Sb4 Os2,54,221,0.0696852262015443,48,0,na,"(51, 76)",1.0,0.00037397157816005983
183_15,mp-1066078,Bi2 Pt2,183,2-12,0.1249999999999999,24,0,na,"(78, 83)",1.0,0.00037979491074819596
787_22,mp-1185970,Mn6 Co2,787,102,0.1260876843610698,48,0,na,"(25, 27)",1.0,0.00037993920972644377
164_36,mp-267,Te4 Ru2,164,010,0.25,12,0,na,"(44, 52)",1.0,0.0003800836183960471
788_3,mp-1825,Cu4 Sb2,788,221,0.2499999999999997,48,0,na,"(29, 51)",1.0,0.0003872966692486445
78_5,mp-2677,Sc1 Pd3,78,100,0.25,12,0,na,"(21, 46)",1.0,0.0003874467260751647
449_13,mp-1219533,Re1 Ir1,449,100,0.1666666666666666,10,0,na,"(75, 77)",1.0,0.00039984006397441024
778_8,mp-869,Ta2 Al6,778,101,0.375,24,0,na,"(13, 73)",1.0,0.0004
602_19,mp-2455,As4 Os2,602,121,0.0732247755329479,36,0,na,"(33, 76)",1.0,0.00040290088638195
809_13,mp-22478,Fe3 Ge3,809,100,0.1666666666666667,18,0,na,"(26, 32)",1.0,0.00040306328093510683
581_20,mp-1186060,Mn2 Os6,581,2-12,0.1220224518878989,48,0,na,"(25, 76)",1.0,0.0004032258064516129
297_13,mp-865357,Zn6 Pd2,297,001,0.1249999999999999,16,0,na,"(30, 46)",1.0,0.0004033884630899556
184_3,mp-1184119,Cu2 Pd6,184,212,0.125,64,0,na,"(29, 46)",1.0,0.0004035512510088781
495_6,mp-945,Ni1 Pt1,495,101,0.5,10,0,na,"(28, 78)",1.0,0.0004037141703673799
762_4,mp-2696,Mg1 Ag1,762,210,0.125,16,0,na,"(12, 47)",1.0,0.0004038772213247173
646_13,mp-871,Fe4 Si4,646,110,0.75,32,0,na,"(14, 26)",1.0,0.00040404040404040404
78_4,mp-2677,Sc1 Pd3,78,210,0.1249999999999999,24,0,na,"(21, 46)",1.0,0.00040766408479412964
164_35,mp-267,Te4 Ru2,164,010,0.11090379311144,12,0,na,"(44, 52)",1.0,0.0004098360655737705
460_0,mp-866046,Ti6 In2,460,111,0.0,32,0,na,"(22, 49)",1.0,0.00041425020712510354
675_5,mp-977585,Zr3 Tl1,675,100,0.25,12,0,na,"(40, 81)",1.0,0.00042069835927639884
540_3,mp-973839,Pd2 Au6,540,212,0.125,48,0,na,"(46, 79)",1.0,0.000425531914893617
398_22,mp-864889,Zr2 Zn6,398,2-12,0.1314963148488655,48,0,na,"(30, 40)",1.0,0.0004278990158322636
448_4,mp-522,Cu1 Au1,448,211,0.2499999999999999,40,0,na,"(29, 79)",1.0,0.0004306632213608958
477_11,mp-1431,Mn4 Si4,477,110,0.25,32,0,na,"(14, 25)",1.0,0.00043084877208099956
328_4,mp-570632,Sc4 Bi4,328,210,0.125,32,0,na,"(21, 83)",1.0,0.0004310344827586207
102_10,mp-1187844,Zr6 Pb2,102,100,0.25,24,0,na,"(40, 82)",1.0,0.00043122035360068997
238_0,mp-977426,Nb2 Co6,238,111,0.4733352793734617,40,0,na,"(27, 41)",1.0,0.0004314063848144953
801_1,mp-1139,Co6 Mo2,801,221,0.0,80,0,na,"(27, 42)",1.0,0.00043159257660768235
765_5,mp-1009641,Co1 Te2,765,212,0.0489574515753037,30,0,na,"(27, 52)",1.0,0.0004317789291882556
865_12,mp-1620,Si4 W2,865,201,0.0414175440367277,48,0,na,"(14, 74)",1.0,0.00043196544276457883
538_12,mp-1220327,Nb2 Mo2,538,112,0.125,24,0,na,"(41, 42)",1.0,0.000432152117545376
868_3,mp-10598,Cu2 Sn2,868,212,0.0416666666666667,40,0,na,"(29, 50)",1.0,0.00043840420868040335
60_3,mp-649,Fe1 Pt3,60,211,0.125,64,0,na,"(26, 78)",1.0,0.0004385964912280702
128_13,mp-1078526,Ga4 Pd4,128,110,0.75,24,0,na,"(31, 46)",1.0,0.00043878894251864854
418_8,mp-20714,Fe2 Sb4,418,212,0.1482120093735207,48,0,na,"(26, 51)",1.0,0.0004389815627743635
442_3,mp-899,In1 Rh1,442,211,0.25,32,0,na,"(45, 49)",1.0,0.0004391743522178305
868_12,mp-10598,Cu2 Sn2,868,201,0.1458333333333333,24,0,na,"(29, 50)",1.0,0.0004393673110720562
392_28,mp-31205,Zr12 Fe4,392,121,0.1267744626757085,64,0,na,"(26, 40)",1.0,0.00043956043956043956
228_12,mp-1186374,Os6 W2,228,101,0.0,32,0,na,"(74, 76)",1.0,0.00043975373790677223
162_26,mp-1682,Zr4 As4,162,102,0.3003394573388601,32,0,na,"(33, 40)",1.0,0.0004399472063352398
745_5,mp-2845,Sb2 Pt2,745,211,0.1041666666666666,64,0,na,"(51, 78)",1.0,0.00044014084507042255
214_18,mp-7192,Sc4 Sb2,214,101,0.75,18,0,na,"(21, 51)",1.0,0.00044033465433729633
758_14,mp-1228815,Al2 Re2,758,101,0.75,16,0,na,"(13, 75)",1.0,0.0004405286343612335
228_1,mp-1186374,Os6 W2,228,221,4.440892098500626e-16,64,0,na,"(74, 76)",1.0,0.00044072278536800354
590_10,mp-975834,Mo2 Ru6,590,210,0.1250878351227964,48,0,na,"(42, 44)",1.0,0.0004409171075837742
420_21,mp-10711,V3 Si6,420,101,0.4147123833318099,27,0,na,"(14, 23)",1.0,0.0004411116012351125
49_9,mp-11192,Ta3 Si6,49,212,0.3769956446235764,72,0,na,"(14, 73)",1.0,0.0004450378282153983
239_3,mp-592,Ti1 Ru1,239,211,0.25,32,0,na,"(22, 44)",1.0,0.0004452359750667854
106_11,mp-972042,Zn6 Cu2,106,210,0.2499999999999998,48,0,na,"(29, 30)",1.0,0.00044662795891022776
311_6,mp-865385,V12 Re4,311,100,0.125,32,0,na,"(23, 75)",1.0,0.00044682752457551384
605_28,mp-568992,Zr8 Ir8,605,120,2.220446049250313e-16,64,0,na,"(40, 77)",1.0,0.00045330915684496827
323_10,mp-1217895,Ta2 Mo2,323,121,0.1249999999999998,24,0,na,"(42, 73)",1.0,0.00046948356807511736
470_4,mp-2322,Y8 Al16,470,110,0.125,48,0,na,"(13, 39)",1.0,0.0004697040864255519
858_6,mp-2379,Co4 Si8,858,100,0.125,24,0,na,"(14, 27)",1.0,0.00046992481203007516
228_20,mp-1186374,Os6 W2,228,2-12,0.1252962965397452,48,0,na,"(74, 76)",1.0,0.0004807692307692308
382_12,mp-862260,Sc2 Zn6,382,210,0.25,48,0,na,"(21, 30)",1.0,0.000481000481000481
476_8,mp-7577,Co4 Si4,476,221,0.3457929985300279,64,0,na,"(14, 27)",1.0,0.0004833252779120348
333_24,mp-9972,Y4 Si4,333,121,0.0644901919694261,32,0,na,"(14, 39)",1.0,0.00048355899419729207
881_3,mp-2260,Fe1 Pt1,881,212,0.125,20,0,na,"(26, 78)",1.0,0.0004837929366231253
193_18,mp-1186974,Sc6 Tl2,193,100,0.2506533978563705,16,0,na,"(21, 81)",1.0,0.0004868549172346641
674_5,mp-1216231,V2 W2,674,210,0.125,32,0,na,"(23, 74)",1.0,0.0004870920603994155
460_2,mp-866046,Ti6 In2,460,110,0.2529810559619516,32,0,na,"(22, 49)",1.0,0.0004873294346978557
853_19,mp-2592,Si4 Mo2,853,001,0.0824072635699124,12,0,na,"(14, 42)",1.0,0.0004918839153959665
49_30,mp-11192,Ta3 Si6,49,102,0.0356797327959372,36,0,na,"(14, 73)",1.0,0.0004921259842519685
599_0,mp-1220023,Os1 Ru1,599,111,0.25,16,0,na,"(44, 76)",1.0,0.0004923682914820286
59_9,mp-2644,Co2 Sb2,59,101,0.2083333333333333,16,0,na,"(27, 51)",1.0,0.0004926108374384236
693_3,mp-864794,Zn1 Ag3,693,211,0.1250000000000002,48,0,na,"(30, 47)",1.0,0.0004928536224741252
378_25,mp-865373,Y6 Co6,378,2-12,0.0389156255910876,72,0,na,"(27, 39)",1.0,0.0004930966469428008
349_3,mp-1064554,Bi2 Rh2,349,212,0.0416666666666665,40,0,na,"(45, 83)",1.0,0.000493339911198816
351_16,mp-1775,Sn2 Au2,351,102,0.0416666666666665,24,0,na,"(50, 79)",1.0,0.0004935834155972359
164_29,mp-267,Te4 Ru2,164,011,0.0723568538577196,18,0,na,"(44, 52)",1.0,0.0004938271604938272
249_2,mp-30867,Sc1 Ru1,249,110,0.5,10,0,na,"(21, 44)",1.0,0.0004940711462450593
611_12,mp-1229015,Ag3 Pt3,611,10-1,0.0833333333333332,30,0,na,"(47, 78)",1.0,0.0004943153732081067
868_18,mp-10598,Cu2 Sn2,868,001,0.125,8,0,na,"(29, 50)",1.0,0.0004945598417408506
217_4,mp-30571,Tl8 Au4,217,110,0.095508434655244,24,0,na,"(79, 81)",1.0,0.0005081300813008131
212_19,mp-11531,V2 Ni4,212,120,0.125,48,0,na,"(23, 28)",1.0,0.0005083884087442806
59_0,mp-2644,Co2 Sb2,59,111,0.125,24,0,na,"(27, 51)",1.0,0.000508646998982706
575_0,mp-865168,Be6 Ni2,575,111,0.125,40,0,na,"(4, 28)",1.0,0.0005089058524173028
100_2,mp-865362,Zn6 Ir2,100,110,0.25,32,0,na,"(30, 77)",1.0,0.0005091649694501018
418_34,mp-20714,Fe2 Sb4,418,021,0.1766923925587036,24,0,na,"(26, 51)",1.0,0.0005094243504839531
655_22,mp-864894,Be6 Rh2,655,102,0.1267113902853054,48,0,na,"(4, 45)",1.0,0.0005096839959225281
787_12,mp-1185970,Mn6 Co2,787,101,0.0,32,0,na,"(25, 27)",1.0,0.0005099439061703213
770_21,mp-9954,Hf4 As4,770,100,0.5000000000000001,32,0,na,"(33, 72)",1.0,0.0005102040816326531
424_2,mp-1363,Na8 Au4,424,221,0.0478384687421834,72,0,na,"(11, 79)",1.0,0.000513347022587269
48_5,mp-317,Sn4 Rh4,48,221,0.0567330696563986,48,0,na,"(45, 50)",1.0,0.0005136106831022085
137_1,mp-823,Ti1 Co1,137,221,0.125,24,0,na,"(22, 27)",1.0,0.0005138746145940391
646_5,mp-871,Fe4 Si4,646,221,0.0733722300387147,64,0,na,"(14, 26)",1.0,0.0005141388174807198
59_10,mp-2644,Co2 Sb2,59,101,0.4583333333333333,16,0,na,"(27, 51)",1.0,0.0005235602094240838
801_12,mp-1139,Co6 Mo2,801,101,0.0,32,0,na,"(27, 42)",1.0,0.0005238344683080147
629_2,mp-1184336,Fe2 Ir6,629,110,0.2499999999999999,32,0,na,"(26, 77)",1.0,0.0005241090146750524
693_4,mp-864794,Zn1 Ag3,693,210,0.1249999999999999,24,0,na,"(30, 47)",1.0,0.0005268703898840885
673_5,mp-11388,Ga1 Ir1,673,100,0.25,8,0,na,"(31, 77)",1.0,0.0005271481286241434
477_8,mp-1431,Mn4 Si4,477,221,0.345136337114603,64,0,na,"(14, 25)",1.0,0.0005274261603375527
561_18,mp-2025,Hf1 Be5,561,001,0.25,18,0,na,"(4, 72)",1.0,0.0005319148936170213
825_9,mp-21260,Fe3 Sn3,825,101,0.0833333333333333,24,0,na,"(26, 50)",1.0,0.000536480686695279
476_10,mp-7577,Co4 Si4,476,221,0.4562332013652597,64,0,na,"(14, 27)",1.0,0.0005367686527106817
787_2,mp-1185970,Mn6 Co2,787,110,0.2565261061664188,40,0,na,"(25, 27)",1.0,0.0005370569280343716
733_20,mp-975799,Li2 Zn6,733,2-12,0.1257825514391408,48,0,na,"(3, 30)",1.0,0.0005452562704471102
399_16,mp-1184368,Fe2 Rh6,399,201,0.25,48,0,na,"(26, 45)",1.0,0.000547645125958379
197_5,mp-29665,Sb6 Au2,197,100,0.25,16,0,na,"(51, 79)",1.0,0.000547945205479452
856_4,mp-2294,Al6 Ir2,856,110,0.4999999999999998,40,0,na,"(13, 77)",1.0,0.0005482456140350877
418_16,mp-20714,Fe2 Sb4,418,201,0.0363944556169224,48,0,na,"(26, 51)",1.0,0.0005685048322910744
322_17,mp-999544,Y2 Ag4,322,102,0.0799512816007528,24,0,na,"(39, 47)",1.0,0.0005733944954128441
788_6,mp-1825,Cu4 Sb2,788,212,0.1249999999999998,48,0,na,"(29, 51)",1.0,0.0005737234652897303
422_1,mp-1072429,Ga16 Ru8,422,111,0.2096344379490275,72,0,na,"(31, 44)",1.0,0.0005834305717619603
677_2,mp-193,Zr4 Cu2,677,221,0.0385649756006092,60,0,na,"(29, 40)",1.0,0.0005837711617046118
527_13,mp-862604,Re6 Ni2,527,101,0.2497675388548851,32,0,na,"(28, 75)",1.0,0.0005841121495327102
495_0,mp-945,Ni1 Pt1,495,111,0.25,12,0,na,"(28, 78)",1.0,0.0005844535359438924
349_9,mp-1064554,Bi2 Rh2,349,101,0.2083333333333332,16,0,na,"(45, 83)",1.0,0.0005847953216374269
801_0,mp-1139,Co6 Mo2,801,111,0.0,40,0,na,"(27, 42)",1.0,0.0005851375073142189
268_4,mp-568430,Ba8 Rh16,268,110,0.125,48,0,na,"(45, 56)",1.0,0.000585480093676815
760_18,mp-20033,Sn2 Ir2,760,001,0.125,8,0,na,"(50, 77)",1.0,0.0005889281507656066
475_28,mp-1018056,Hf4 Ni4,475,011,0.0,24,0,na,"(28, 72)",1.0,0.0005892751915144372
334_27,mp-8700,K4 Au6,334,011,0.1263216600480591,30,0,na,"(19, 79)",1.0,0.0005896226415094339
806_11,mp-1184772,Hf6 Pb2,806,112,0.4999999999999998,32,0,na,"(72, 82)",1.0,0.0005899705014749262
170_8,mp-1932,Nb6 Os2,170,100,0.125,16,0,na,"(41, 76)",1.0,0.0005920663114268798
844_11,mp-1216825,Ti1 In1,844,001,0.25,6,0,na,"(22, 49)",1.0,0.0005924170616113745
297_1,mp-865357,Zn6 Pd2,297,221,0.0625,64,0,na,"(30, 46)",1.0,0.0005927682276229994
187_2,mp-432,Nb1 Ru1,187,110,0.5,10,0,na,"(41, 44)",1.0,0.0005931198102016608
351_12,mp-1775,Sn2 Au2,351,201,0.1458333333333333,24,0,na,"(50, 79)",1.0,0.0006101281269066504
132_8,mp-865985,Cd2 Pd6,132,101,0.375,24,0,na,"(46, 48)",1.0,0.0006188118811881188
846_40,mp-755328,Zr8 Sn16,846,001,0.125,24,0,na,"(40, 50)",1.0,0.0006191950464396285
745_8,mp-2845,Sb2 Pt2,745,210,0.25,32,0,na,"(51, 78)",1.0,0.0006361323155216285
714_2,mp-11575,Y1 Tl1,714,110,0.5,8,0,na,"(39, 81)",1.0,0.0006414368184733803
841_31,mp-30428,Ba4 Cu4,841,102,0.4594756747126747,24,0,na,"(29, 56)",1.0,0.0006527415143603133
545_3,mp-1696,Cd1 Pd1,545,212,0.1250000000000001,20,0,na,"(46, 48)",1.0,0.0006587615283267457
314_4,mp-30343,In1 Ag3,314,210,0.125,24,0,na,"(47, 49)",1.0,0.0006798096532970768
340_0,mp-1207193,Cu1 Te2,340,111,0.1369116348222155,18,0,na,"(29, 52)",1.0,0.0006802721088435374
47_16,mp-1882,Ca1 Cu5,47,102,0.0833333333333332,36,0,na,"(20, 29)",1.0,0.0006807351940095302
203_18,mp-363,Nb3 Ge6,203,210,0.1309008555174369,72,0,na,"(32, 41)",1.0,0.0006811989100817438
525_5,mp-1235,Ti1 Ir1,525,210,0.125,16,0,na,"(22, 77)",1.0,0.0006816632583503749
265_4,mp-12086,Cu3 Pt1,265,210,0.125,24,0,na,"(29, 78)",1.0,0.0006821282401091405
809_10,mp-22478,Fe3 Ge3,809,101,0.3333333333333332,24,0,na,"(26, 32)",1.0,0.0006882312456985547
655_20,mp-864894,Be6 Rh2,655,2-12,0.130134170855916,64,0,na,"(4, 45)",1.0,0.0006887052341597796
833_5,mp-1070544,Cr2 Ga8,833,100,0.125,20,0,na,"(24, 31)",1.0,0.0006891798759476223
629_1,mp-1184336,Fe2 Ir6,629,221,0.0625,64,0,na,"(26, 77)",1.0,0.0006963788300835655
559_1,mp-1220316,Nb2 W2,559,221,0.125,32,0,na,"(41, 74)",1.0,0.0007112375533428165
581_12,mp-1186060,Mn2 Os6,581,101,0.0,32,0,na,"(25, 76)",1.0,0.0007293946024799417
433_4,mp-1187243,Ta1 Os3,433,210,0.125,24,0,na,"(73, 76)",1.0,0.000744047619047619
128_11,mp-1078526,Ga4 Pd4,128,110,0.25,24,0,na,"(31, 46)",1.0,0.0007575757575757576
237_14,mp-1017983,Ti2 Mo6,237,120,0.125,48,0,na,"(22, 42)",1.0,0.0007733952049497294
538_9,mp-1220327,Nb2 Mo2,538,122,0.125,32,0,na,"(41, 42)",1.0,0.0007739938080495357
