slab_id,mp_id,formula,crystal_id,miller_index,shift,num_atom,test,energy,chem_system
0_0,mp-72,Ti3,0,111,0.25,18,0,na,"(22,)"
0_0_1,mp-72,Ti3,0,111,0.25,21,1,na,"(22,)"
0_0_2,mp-72,Ti3,0,111,0.25,24,1,na,"(22,)"
0_1,mp-72,Ti3,0,221,0.125,30,0,na,"(22,)"
0_1_1,mp-72,Ti3,0,221,0.125,36,1,na,"(22,)"
0_1_2,mp-72,Ti3,0,221,0.125,42,1,na,"(22,)"
0_2,mp-72,Ti3,0,110,0.5,15,0,na,"(22,)"
0_2_1,mp-72,Ti3,0,110,0.5,18,1,na,"(22,)"
0_2_2,mp-72,Ti3,0,110,0.5,21,1,na,"(22,)"
0_3,mp-72,Ti3,0,212,0.0833333333333339,30,0,na,"(22,)"
0_3_1,mp-72,Ti3,0,212,0.0833333333333339,36,1,na,"(22,)"
0_3_2,mp-72,Ti3,0,212,0.0833333333333339,42,1,na,"(22,)"
0_4,mp-72,Ti3,0,212,0.25,30,0,na,"(22,)"
0_4_1,mp-72,Ti3,0,212,0.25,36,1,na,"(22,)"
0_4_2,mp-72,Ti3,0,212,0.25,42,1,na,"(22,)"
0_5,mp-72,Ti3,0,211,0.041666666666666,48,0,na,"(22,)"
0_6,mp-72,Ti3,0,211,0.2500000000000001,48,0,na,"(22,)"
0_7,mp-72,Ti3,0,210,0.0833333333333338,24,0,na,"(22,)"
0_7_1,mp-72,Ti3,0,210,0.0833333333333338,30,1,na,"(22,)"
0_7_2,mp-72,Ti3,0,210,0.0833333333333338,36,1,na,"(22,)"
0_8,mp-72,Ti3,0,210,0.2499999999999999,24,0,na,"(22,)"
0_8_1,mp-72,Ti3,0,210,0.2499999999999999,30,1,na,"(22,)"
0_8_2,mp-72,Ti3,0,210,0.2499999999999999,36,1,na,"(22,)"
0_9,mp-72,Ti3,0,101,0.0833333333333321,15,0,na,"(22,)"
0_9_1,mp-72,Ti3,0,101,0.0833333333333321,18,1,na,"(22,)"
0_9_2,mp-72,Ti3,0,101,0.0833333333333321,21,1,na,"(22,)"
0_10,mp-72,Ti3,0,101,0.5,15,0,na,"(22,)"
0_10_1,mp-72,Ti3,0,101,0.5,18,1,na,"(22,)"
0_10_2,mp-72,Ti3,0,101,0.5,21,1,na,"(22,)"
0_11,mp-72,Ti3,0,201,0.0416666666666678,24,0,na,"(22,)"
0_11_1,mp-72,Ti3,0,201,0.0416666666666678,30,1,na,"(22,)"
0_11_2,mp-72,Ti3,0,201,0.0416666666666678,36,1,na,"(22,)"
0_12,mp-72,Ti3,0,201,0.25,24,0,na,"(22,)"
0_12_1,mp-72,Ti3,0,201,0.25,30,1,na,"(22,)"
0_12_2,mp-72,Ti3,0,201,0.25,36,1,na,"(22,)"
0_13,mp-72,Ti3,0,100,0.1666666666666678,9,0,na,"(22,)"
0_13_1,mp-72,Ti3,0,100,0.1666666666666678,12,1,na,"(22,)"
0_13_2,mp-72,Ti3,0,100,0.1666666666666678,15,1,na,"(22,)"
0_14,mp-72,Ti3,0,100,0.5,9,0,na,"(22,)"
0_14_1,mp-72,Ti3,0,100,0.5,12,1,na,"(22,)"
0_14_2,mp-72,Ti3,0,100,0.5,15,1,na,"(22,)"
0_15,mp-72,Ti3,0,2-12,0.2500000000000035,30,0,na,"(22,)"
0_15_1,mp-72,Ti3,0,2-12,0.2500000000000035,36,1,na,"(22,)"
0_15_2,mp-72,Ti3,0,2-12,0.2500000000000035,42,1,na,"(22,)"
0_16,mp-72,Ti3,0,102,0.0833333333333338,24,0,na,"(22,)"
0_16_1,mp-72,Ti3,0,102,0.0833333333333338,30,1,na,"(22,)"
0_16_2,mp-72,Ti3,0,102,0.0833333333333338,36,1,na,"(22,)"
0_17,mp-72,Ti3,0,102,0.2499999999999997,24,0,na,"(22,)"
0_17_1,mp-72,Ti3,0,102,0.2499999999999997,30,1,na,"(22,)"
0_17_2,mp-72,Ti3,0,102,0.2499999999999997,36,1,na,"(22,)"
0_18,mp-72,Ti3,0,001,0.25,12,0,na,"(22,)"
0_18_1,mp-72,Ti3,0,001,0.25,15,1,na,"(22,)"
0_18_2,mp-72,Ti3,0,001,0.25,18,1,na,"(22,)"
1_0,mp-91,W2,1,111,0.25,12,0,na,"(74,)"
1_0_1,mp-91,W2,1,111,0.25,14,1,na,"(74,)"
1_0_2,mp-91,W2,1,111,0.25,16,1,na,"(74,)"
1_1,mp-91,W2,1,221,0.125,20,0,na,"(74,)"
1_1_1,mp-91,W2,1,221,0.125,24,1,na,"(74,)"
1_1_2,mp-91,W2,1,221,0.125,28,1,na,"(74,)"
1_2,mp-91,W2,1,110,0.5,10,0,na,"(74,)"
1_2_1,mp-91,W2,1,110,0.5,12,1,na,"(74,)"
1_2_2,mp-91,W2,1,110,0.5,14,1,na,"(74,)"
1_3,mp-91,W2,1,211,0.25,32,0,na,"(74,)"
1_4,mp-91,W2,1,210,0.125,16,0,na,"(74,)"
1_4_1,mp-91,W2,1,210,0.125,20,1,na,"(74,)"
1_4_2,mp-91,W2,1,210,0.125,24,1,na,"(74,)"
1_5,mp-91,W2,1,100,0.25,8,0,na,"(74,)"
1_5_1,mp-91,W2,1,100,0.25,10,1,na,"(74,)"
1_5_2,mp-91,W2,1,100,0.25,12,1,na,"(74,)"
2_0,mp-81,Au4,2,111,0.5,20,0,na,"(79,)"
2_0_1,mp-81,Au4,2,111,0.5,24,1,na,"(79,)"
2_0_2,mp-81,Au4,2,111,0.5,28,1,na,"(79,)"
2_1,mp-81,Au4,2,221,0.1249999999999998,32,0,na,"(79,)"
2_2,mp-81,Au4,2,110,0.25,16,0,na,"(79,)"
2_2_1,mp-81,Au4,2,110,0.25,20,1,na,"(79,)"
2_2_2,mp-81,Au4,2,110,0.25,24,1,na,"(79,)"
2_3,mp-81,Au4,2,211,0.125,48,0,na,"(79,)"
2_4,mp-81,Au4,2,210,0.125,24,0,na,"(79,)"
2_5,mp-81,Au4,2,100,0.25,12,0,na,"(79,)"
2_5_1,mp-81,Au4,2,100,0.25,16,1,na,"(79,)"
2_5_2,mp-81,Au4,2,100,0.25,20,1,na,"(79,)"
3_0,mp-117,Sn8,3,111,0.3749999999999999,24,0,na,"(50,)"
3_1,mp-117,Sn8,3,111,0.8749999999999999,24,0,na,"(50,)"
3_2,mp-117,Sn8,3,221,0.0625000000000002,48,0,na,"(50,)"
3_3,mp-117,Sn8,3,221,0.1875000000000002,48,0,na,"(50,)"
3_4,mp-117,Sn8,3,110,0.2500000000000002,24,0,na,"(50,)"
3_5,mp-117,Sn8,3,211,0.1250000000000001,64,0,na,"(50,)"
3_6,mp-117,Sn8,3,210,0.0625,32,0,na,"(50,)"
3_7,mp-117,Sn8,3,100,0.1249999999999999,16,0,na,"(50,)"
4_0,mp-45,Ca4,4,111,0.5,16,0,na,"(20,)"
4_0_1,mp-45,Ca4,4,111,0.5,20,1,na,"(20,)"
4_0_2,mp-45,Ca4,4,111,0.5,24,1,na,"(20,)"
4_1,mp-45,Ca4,4,221,0.125,24,0,na,"(20,)"
4_2,mp-45,Ca4,4,110,0.25,12,0,na,"(20,)"
4_2_1,mp-45,Ca4,4,110,0.25,16,1,na,"(20,)"
4_2_2,mp-45,Ca4,4,110,0.25,20,1,na,"(20,)"
4_3,mp-45,Ca4,4,211,0.125,48,0,na,"(20,)"
4_4,mp-45,Ca4,4,210,0.125,24,0,na,"(20,)"
4_5,mp-45,Ca4,4,100,0.2499999999999999,8,0,na,"(20,)"
4_5_1,mp-45,Ca4,4,100,0.2499999999999999,12,1,na,"(20,)"
4_5_2,mp-45,Ca4,4,100,0.2499999999999999,16,1,na,"(20,)"
5_0,mp-142,Ga8,5,111,0.0,32,0,na,"(31,)"
5_1,mp-142,Ga8,5,111,0.1555185945961948,32,0,na,"(31,)"
5_2,mp-142,Ga8,5,111,0.5,32,0,na,"(31,)"
5_3,mp-142,Ga8,5,221,0.0,48,0,na,"(31,)"
5_4,mp-142,Ga8,5,221,0.0847170208845596,48,0,na,"(31,)"
5_5,mp-142,Ga8,5,221,0.2499999999999999,48,0,na,"(31,)"
5_6,mp-142,Ga8,5,110,0.0,24,0,na,"(31,)"
5_7,mp-142,Ga8,5,110,0.25,24,0,na,"(31,)"
5_8,mp-142,Ga8,5,212,0.0472407027019023,64,0,na,"(31,)"
5_9,mp-142,Ga8,5,212,0.1249999999999998,64,0,na,"(31,)"
5_10,mp-142,Ga8,5,211,0.0777592972980975,96,0,na,"(31,)"
5_11,mp-142,Ga8,5,211,0.2499999999999999,96,0,na,"(31,)"
5_12,mp-142,Ga8,5,210,0.0,48,0,na,"(31,)"
5_13,mp-142,Ga8,5,210,0.125,48,0,na,"(31,)"
5_14,mp-142,Ga8,5,101,0.0,32,0,na,"(31,)"
5_15,mp-142,Ga8,5,101,0.2499999999999999,32,0,na,"(31,)"
5_16,mp-142,Ga8,5,201,0.0,48,0,na,"(31,)"
5_17,mp-142,Ga8,5,201,0.1249999999999999,48,0,na,"(31,)"
5_18,mp-142,Ga8,5,100,0.25,24,0,na,"(31,)"
5_19,mp-142,Ga8,5,122,0.0444340417691191,48,0,na,"(31,)"
5_20,mp-142,Ga8,5,122,0.1249999999999997,48,0,na,"(31,)"
5_21,mp-142,Ga8,5,122,0.2499999999999999,48,0,na,"(31,)"
5_22,mp-142,Ga8,5,121,2.220446049250313e-16,48,0,na,"(31,)"
5_23,mp-142,Ga8,5,121,0.0847170208845599,48,0,na,"(31,)"
5_24,mp-142,Ga8,5,120,0.0,32,0,na,"(31,)"
5_25,mp-142,Ga8,5,120,0.125,32,0,na,"(31,)"
5_26,mp-142,Ga8,5,112,0.0472407027019025,48,0,na,"(31,)"
5_27,mp-142,Ga8,5,112,0.25,48,0,na,"(31,)"
5_28,mp-142,Ga8,5,102,0.0,48,0,na,"(31,)"
5_29,mp-142,Ga8,5,102,0.1249999999999998,48,0,na,"(31,)"
5_30,mp-142,Ga8,5,011,2.220446049250313e-16,24,0,na,"(31,)"
5_31,mp-142,Ga8,5,011,0.1555185945961951,24,0,na,"(31,)"
5_32,mp-142,Ga8,5,011,0.25,24,0,na,"(31,)"
5_33,mp-142,Ga8,5,021,0.0,32,0,na,"(31,)"
5_34,mp-142,Ga8,5,021,0.0847170208845598,32,0,na,"(31,)"
5_35,mp-142,Ga8,5,021,0.2500000000000001,32,0,na,"(31,)"
5_36,mp-142,Ga8,5,010,2.220446049250313e-16,16,0,na,"(31,)"
5_37,mp-142,Ga8,5,010,0.25,16,0,na,"(31,)"
5_38,mp-142,Ga8,5,012,0.0444340417691195,48,0,na,"(31,)"
5_39,mp-142,Ga8,5,012,0.125,48,0,na,"(31,)"
5_40,mp-142,Ga8,5,001,0.0,24,0,na,"(31,)"
5_41,mp-142,Ga8,5,001,0.2499999999999999,24,0,na,"(31,)"
6_0,mp-1179656,Rb16,6,111,0.2415057808060507,32,0,na,"(37,)"
6_1,mp-1179656,Rb16,6,111,0.3749230505878811,32,0,na,"(37,)"
6_2,mp-1179656,Rb16,6,221,3.552713678800501e-15,64,0,na,"(37,)"
6_3,mp-1179656,Rb16,6,110,0.1284295711006606,32,0,na,"(37,)"
6_4,mp-1179656,Rb16,6,22-1,0.0547885422911383,64,0,na,"(37,)"
6_5,mp-1179656,Rb16,6,11-1,0.0087471202288822,32,0,na,"(37,)"
6_6,mp-1179656,Rb16,6,212,0.1250000000000068,64,0,na,"(37,)"
6_7,mp-1179656,Rb16,6,211,0.1160827874341381,96,0,na,"(37,)"
6_8,mp-1179656,Rb16,6,211,0.1869999511556841,96,0,na,"(37,)"
6_9,mp-1179656,Rb16,6,210,0.0043451118669215,32,0,na,"(37,)"
6_10,mp-1179656,Rb16,6,21-1,0.0613076511155314,64,0,na,"(37,)"
6_11,mp-1179656,Rb16,6,21-1,0.1322252390782138,64,0,na,"(37,)"
6_12,mp-1179656,Rb16,6,21-2,0.0046482820591311,64,0,na,"(37,)"
6_13,mp-1179656,Rb16,6,101,0.0,32,0,na,"(37,)"
6_14,mp-1179656,Rb16,6,201,0.1257195362263666,32,0,na,"(37,)"
6_15,mp-1179656,Rb16,6,100,0.125422993371906,16,0,na,"(37,)"
6_16,mp-1179656,Rb16,6,20-1,0.1259724372612785,32,0,na,"(37,)"
6_17,mp-1179656,Rb16,6,10-1,0.2499999999999929,32,0,na,"(37,)"
6_18,mp-1179656,Rb16,6,122,0.0311153996960276,64,0,na,"(37,)"
6_19,mp-1179656,Rb16,6,122,0.06643761064108,64,0,na,"(37,)"
6_20,mp-1179656,Rb16,6,121,0.1166540522332739,64,0,na,"(37,)"
6_21,mp-1179656,Rb16,6,120,0.0043451118669182,64,0,na,"(37,)"
6_22,mp-1179656,Rb16,6,120,0.0939615497160878,64,0,na,"(37,)"
6_23,mp-1179656,Rb16,6,12-1,0.1250000000000035,64,0,na,"(37,)"
6_24,mp-1179656,Rb16,6,12-2,0.0043451118669182,64,0,na,"(37,)"
6_25,mp-1179656,Rb16,6,12-2,0.0931923002638262,64,0,na,"(37,)"
6_26,mp-1179656,Rb16,6,112,7.549516567451064e-15,64,0,na,"(37,)"
6_27,mp-1179656,Rb16,6,11-2,7.105427357601002e-15,64,0,na,"(37,)"
6_28,mp-1179656,Rb16,6,102,1.0880185641326534e-14,64,0,na,"(37,)"
6_29,mp-1179656,Rb16,6,10-2,0.0621620527965765,64,0,na,"(37,)"
6_30,mp-1179656,Rb16,6,010,0.0081976763395026,32,0,na,"(37,)"
6_31,mp-1179656,Rb16,6,012,0.0021725559334608,64,0,na,"(37,)"
7_0,mp-50,Ta2,7,111,0.25,12,0,na,"(73,)"
7_0_1,mp-50,Ta2,7,111,0.25,14,1,na,"(73,)"
7_0_2,mp-50,Ta2,7,111,0.25,16,1,na,"(73,)"
7_1,mp-50,Ta2,7,221,0.125,20,0,na,"(73,)"
7_1_1,mp-50,Ta2,7,221,0.125,24,1,na,"(73,)"
7_1_2,mp-50,Ta2,7,221,0.125,28,1,na,"(73,)"
7_2,mp-50,Ta2,7,110,0.5,10,0,na,"(73,)"
7_2_1,mp-50,Ta2,7,110,0.5,12,1,na,"(73,)"
7_2_2,mp-50,Ta2,7,110,0.5,14,1,na,"(73,)"
7_3,mp-50,Ta2,7,211,0.25,32,0,na,"(73,)"
7_4,mp-50,Ta2,7,210,0.125,16,0,na,"(73,)"
7_4_1,mp-50,Ta2,7,210,0.125,20,1,na,"(73,)"
7_4_2,mp-50,Ta2,7,210,0.125,24,1,na,"(73,)"
7_5,mp-50,Ta2,7,100,0.2499999999999999,8,0,na,"(73,)"
7_5_1,mp-50,Ta2,7,100,0.2499999999999999,10,1,na,"(73,)"
7_5_2,mp-50,Ta2,7,100,0.2499999999999999,12,1,na,"(73,)"
8_0,mp-2,Pd4,8,111,0.5,20,0,na,"(46,)"
8_0_1,mp-2,Pd4,8,111,0.5,24,1,na,"(46,)"
8_0_2,mp-2,Pd4,8,111,0.5,28,1,na,"(46,)"
8_1,mp-2,Pd4,8,221,0.125,32,0,na,"(46,)"
8_2,mp-2,Pd4,8,110,0.25,16,0,na,"(46,)"
8_2_1,mp-2,Pd4,8,110,0.25,20,1,na,"(46,)"
8_2_2,mp-2,Pd4,8,110,0.25,24,1,na,"(46,)"
8_3,mp-2,Pd4,8,211,0.125,64,0,na,"(46,)"
8_4,mp-2,Pd4,8,210,0.125,24,0,na,"(46,)"
8_5,mp-2,Pd4,8,100,0.25,12,0,na,"(46,)"
8_5_1,mp-2,Pd4,8,100,0.25,16,1,na,"(46,)"
8_5_2,mp-2,Pd4,8,100,0.25,20,1,na,"(46,)"
9_0,mp-13,Fe2,9,111,0.25,14,0,na,"(26,)"
9_0_1,mp-13,Fe2,9,111,0.25,16,1,na,"(26,)"
9_0_2,mp-13,Fe2,9,111,0.25,18,1,na,"(26,)"
9_1,mp-13,Fe2,9,221,0.125,24,0,na,"(26,)"
9_1_1,mp-13,Fe2,9,221,0.125,28,1,na,"(26,)"
9_1_2,mp-13,Fe2,9,221,0.125,32,1,na,"(26,)"
9_2,mp-13,Fe2,9,110,0.5,10,0,na,"(26,)"
9_2_1,mp-13,Fe2,9,110,0.5,12,1,na,"(26,)"
9_2_2,mp-13,Fe2,9,110,0.5,14,1,na,"(26,)"
9_3,mp-13,Fe2,9,211,0.25,40,0,na,"(26,)"
9_4,mp-13,Fe2,9,210,0.125,16,0,na,"(26,)"
9_4_1,mp-13,Fe2,9,210,0.125,20,1,na,"(26,)"
9_4_2,mp-13,Fe2,9,210,0.125,24,1,na,"(26,)"
9_5,mp-13,Fe2,9,100,0.25,8,0,na,"(26,)"
9_5_1,mp-13,Fe2,9,100,0.25,10,1,na,"(26,)"
9_5_2,mp-13,Fe2,9,100,0.25,12,1,na,"(26,)"
10_0,mp-103,Hf2,10,111,0.0,14,0,na,"(72,)"
10_0_1,mp-103,Hf2,10,111,0.0,16,1,na,"(72,)"
10_0_2,mp-103,Hf2,10,111,0.0,18,1,na,"(72,)"
10_1,mp-103,Hf2,10,221,0.0,28,0,na,"(72,)"
10_1_1,mp-103,Hf2,10,221,0.0,32,1,na,"(72,)"
10_1_2,mp-103,Hf2,10,221,0.0,36,1,na,"(72,)"
10_2,mp-103,Hf2,10,110,0.5,14,0,na,"(72,)"
10_2_1,mp-103,Hf2,10,110,0.5,16,1,na,"(72,)"
10_2_2,mp-103,Hf2,10,110,0.5,18,1,na,"(72,)"
10_3,mp-103,Hf2,10,212,0.0,24,0,na,"(72,)"
10_3_1,mp-103,Hf2,10,212,0.0,28,1,na,"(72,)"
10_3_2,mp-103,Hf2,10,212,0.0,32,1,na,"(72,)"
10_4,mp-103,Hf2,10,212,0.25,24,0,na,"(72,)"
10_4_1,mp-103,Hf2,10,212,0.25,28,1,na,"(72,)"
10_4_2,mp-103,Hf2,10,212,0.25,32,1,na,"(72,)"
10_5,mp-103,Hf2,10,211,0.0,40,0,na,"(72,)"
10_6,mp-103,Hf2,10,211,0.25,40,0,na,"(72,)"
10_7,mp-103,Hf2,10,210,0.0,20,0,na,"(72,)"
10_7_1,mp-103,Hf2,10,210,0.0,24,1,na,"(72,)"
10_7_2,mp-103,Hf2,10,210,0.0,28,1,na,"(72,)"
10_8,mp-103,Hf2,10,210,0.25,20,0,na,"(72,)"
10_8_1,mp-103,Hf2,10,210,0.25,24,1,na,"(72,)"
10_8_2,mp-103,Hf2,10,210,0.25,28,1,na,"(72,)"
10_9,mp-103,Hf2,10,101,0.0,10,0,na,"(72,)"
10_9_1,mp-103,Hf2,10,101,0.0,12,1,na,"(72,)"
10_9_2,mp-103,Hf2,10,101,0.0,14,1,na,"(72,)"
10_10,mp-103,Hf2,10,101,0.5,10,0,na,"(72,)"
10_10_1,mp-103,Hf2,10,101,0.5,12,1,na,"(72,)"
10_10_2,mp-103,Hf2,10,101,0.5,14,1,na,"(72,)"
10_11,mp-103,Hf2,10,201,0.0,16,0,na,"(72,)"
10_11_1,mp-103,Hf2,10,201,0.0,20,1,na,"(72,)"
10_11_2,mp-103,Hf2,10,201,0.0,24,1,na,"(72,)"
10_12,mp-103,Hf2,10,201,0.25,16,0,na,"(72,)"
10_12_1,mp-103,Hf2,10,201,0.25,20,1,na,"(72,)"
10_12_2,mp-103,Hf2,10,201,0.25,24,1,na,"(72,)"
10_13,mp-103,Hf2,10,100,0.0,8,0,na,"(72,)"
10_13_1,mp-103,Hf2,10,100,0.0,10,1,na,"(72,)"
10_13_2,mp-103,Hf2,10,100,0.0,12,1,na,"(72,)"
10_14,mp-103,Hf2,10,100,0.5,8,0,na,"(72,)"
10_14_1,mp-103,Hf2,10,100,0.5,10,1,na,"(72,)"
10_14_2,mp-103,Hf2,10,100,0.5,12,1,na,"(72,)"
10_15,mp-103,Hf2,10,2-12,3.552713678800501e-15,16,0,na,"(72,)"
10_15_1,mp-103,Hf2,10,2-12,3.552713678800501e-15,20,1,na,"(72,)"
10_15_2,mp-103,Hf2,10,2-12,3.552713678800501e-15,24,1,na,"(72,)"
10_16,mp-103,Hf2,10,102,0.0,12,0,na,"(72,)"
10_16_1,mp-103,Hf2,10,102,0.0,16,1,na,"(72,)"
10_16_2,mp-103,Hf2,10,102,0.0,20,1,na,"(72,)"
10_17,mp-103,Hf2,10,102,0.25,12,0,na,"(72,)"
10_17_1,mp-103,Hf2,10,102,0.25,16,1,na,"(72,)"
10_17_2,mp-103,Hf2,10,102,0.25,20,1,na,"(72,)"
10_18,mp-103,Hf2,10,001,0.0,4,0,na,"(72,)"
10_18_1,mp-103,Hf2,10,001,0.0,6,1,na,"(72,)"
10_18_2,mp-103,Hf2,10,001,0.0,8,1,na,"(72,)"
11_0,mp-972351,Tl9,11,111,0.0562159558584623,54,0,na,"(81,)"
11_1,mp-972351,Tl9,11,111,0.1666666666666677,54,0,na,"(81,)"
11_2,mp-972351,Tl9,11,221,0.0281079779292311,108,0,na,"(81,)"
11_3,mp-972351,Tl9,11,110,0.5,54,0,na,"(81,)"
11_4,mp-972351,Tl9,11,212,0.0271173774748714,90,0,na,"(81,)"
11_5,mp-972351,Tl9,11,212,0.0833333333333357,90,0,na,"(81,)"
11_6,mp-972351,Tl9,11,211,0.0552253554041007,180,0,na,"(81,)"
11_7,mp-972351,Tl9,11,211,0.2499999999999999,180,0,na,"(81,)"
11_8,mp-972351,Tl9,11,210,0.0833333333333339,90,0,na,"(81,)"
11_9,mp-972351,Tl9,11,21-1,0.0281079779292312,180,0,na,"(81,)"
11_10,mp-972351,Tl9,11,21-1,0.0833333333333339,180,0,na,"(81,)"
11_11,mp-972351,Tl9,11,21-2,0.1104507108082017,90,0,na,"(81,)"
11_12,mp-972351,Tl9,11,21-2,0.25,90,0,na,"(81,)"
11_13,mp-972351,Tl9,11,101,0.1104507108082017,36,0,na,"(81,)"
11_14,mp-972351,Tl9,11,101,0.5,36,0,na,"(81,)"
11_15,mp-972351,Tl9,11,201,0.028107977929233,72,0,na,"(81,)"
11_16,mp-972351,Tl9,11,201,0.0833333333333357,72,0,na,"(81,)"
11_17,mp-972351,Tl9,11,100,0.1666666666666678,36,0,na,"(81,)"
11_18,mp-972351,Tl9,11,20-1,0.0552253554041045,72,0,na,"(81,)"
11_19,mp-972351,Tl9,11,20-1,0.25,72,0,na,"(81,)"
11_20,mp-972351,Tl9,11,10-1,0.0562159558584625,36,0,na,"(81,)"
11_21,mp-972351,Tl9,11,10-1,0.1666666666666678,36,0,na,"(81,)"
11_22,mp-972351,Tl9,11,2-12,0.0271173774748678,54,0,na,"(81,)"
11_23,mp-972351,Tl9,11,2-12,0.0833333333333286,54,0,na,"(81,)"
11_24,mp-972351,Tl9,11,102,0.0542347549497428,36,0,na,"(81,)"
11_25,mp-972351,Tl9,11,102,0.1666666666666714,36,0,na,"(81,)"
11_26,mp-972351,Tl9,11,10-2,0.2209014216164107,36,0,na,"(81,)"
11_27,mp-972351,Tl9,11,10-2,0.5000000000000001,36,0,na,"(81,)"
11_28,mp-972351,Tl9,11,001,0.0562159558584625,9,0,na,"(81,)"
11_29,mp-972351,Tl9,11,001,0.1666666666666678,9,0,na,"(81,)"
12_0,mp-67,Sc2,12,111,0.0,14,0,na,"(21,)"
12_0_1,mp-67,Sc2,12,111,0.0,16,1,na,"(21,)"
12_0_2,mp-67,Sc2,12,111,0.0,18,1,na,"(21,)"
12_1,mp-67,Sc2,12,221,0.0,28,0,na,"(21,)"
12_1_1,mp-67,Sc2,12,221,0.0,32,1,na,"(21,)"
12_1_2,mp-67,Sc2,12,221,0.0,36,1,na,"(21,)"
12_2,mp-67,Sc2,12,110,0.5,14,0,na,"(21,)"
12_2_1,mp-67,Sc2,12,110,0.5,16,1,na,"(21,)"
12_2_2,mp-67,Sc2,12,110,0.5,18,1,na,"(21,)"
12_3,mp-67,Sc2,12,212,0.0,20,0,na,"(21,)"
12_3_1,mp-67,Sc2,12,212,0.0,24,1,na,"(21,)"
12_3_2,mp-67,Sc2,12,212,0.0,28,1,na,"(21,)"
12_4,mp-67,Sc2,12,212,0.25,20,0,na,"(21,)"
12_4_1,mp-67,Sc2,12,212,0.25,24,1,na,"(21,)"
12_4_2,mp-67,Sc2,12,212,0.25,28,1,na,"(21,)"
12_5,mp-67,Sc2,12,211,0.0,40,0,na,"(21,)"
12_6,mp-67,Sc2,12,211,0.25,40,0,na,"(21,)"
12_7,mp-67,Sc2,12,210,0.0,20,0,na,"(21,)"
12_7_1,mp-67,Sc2,12,210,0.0,24,1,na,"(21,)"
12_7_2,mp-67,Sc2,12,210,0.0,28,1,na,"(21,)"
12_8,mp-67,Sc2,12,210,0.25,20,0,na,"(21,)"
12_8_1,mp-67,Sc2,12,210,0.25,24,1,na,"(21,)"
12_8_2,mp-67,Sc2,12,210,0.25,28,1,na,"(21,)"
12_9,mp-67,Sc2,12,101,0.0,8,0,na,"(21,)"
12_9_1,mp-67,Sc2,12,101,0.0,10,1,na,"(21,)"
12_9_2,mp-67,Sc2,12,101,0.0,12,1,na,"(21,)"
12_10,mp-67,Sc2,12,101,0.5,8,0,na,"(21,)"
12_10_1,mp-67,Sc2,12,101,0.5,10,1,na,"(21,)"
12_10_2,mp-67,Sc2,12,101,0.5,12,1,na,"(21,)"
12_11,mp-67,Sc2,12,201,0.0,16,0,na,"(21,)"
12_11_1,mp-67,Sc2,12,201,0.0,20,1,na,"(21,)"
12_11_2,mp-67,Sc2,12,201,0.0,24,1,na,"(21,)"
12_12,mp-67,Sc2,12,201,0.25,16,0,na,"(21,)"
12_12_1,mp-67,Sc2,12,201,0.25,20,1,na,"(21,)"
12_12_2,mp-67,Sc2,12,201,0.25,24,1,na,"(21,)"
12_13,mp-67,Sc2,12,100,0.0,8,0,na,"(21,)"
12_13_1,mp-67,Sc2,12,100,0.0,10,1,na,"(21,)"
12_13_2,mp-67,Sc2,12,100,0.0,12,1,na,"(21,)"
12_14,mp-67,Sc2,12,100,0.5,8,0,na,"(21,)"
12_14_1,mp-67,Sc2,12,100,0.5,10,1,na,"(21,)"
12_14_2,mp-67,Sc2,12,100,0.5,12,1,na,"(21,)"
12_15,mp-67,Sc2,12,2-12,3.552713678800501e-15,16,0,na,"(21,)"
12_15_1,mp-67,Sc2,12,2-12,3.552713678800501e-15,20,1,na,"(21,)"
12_15_2,mp-67,Sc2,12,2-12,3.552713678800501e-15,24,1,na,"(21,)"
12_16,mp-67,Sc2,12,102,0.0,12,0,na,"(21,)"
12_16_1,mp-67,Sc2,12,102,0.0,16,1,na,"(21,)"
12_16_2,mp-67,Sc2,12,102,0.0,20,1,na,"(21,)"
12_17,mp-67,Sc2,12,102,0.25,12,0,na,"(21,)"
12_17_1,mp-67,Sc2,12,102,0.25,16,1,na,"(21,)"
12_17_2,mp-67,Sc2,12,102,0.25,20,1,na,"(21,)"
12_18,mp-67,Sc2,12,001,0.0,4,0,na,"(21,)"
12_18_1,mp-67,Sc2,12,001,0.0,6,1,na,"(21,)"
12_18_2,mp-67,Sc2,12,001,0.0,8,1,na,"(21,)"
13_0,mp-149,Si8,13,111,0.375,32,0,na,"(14,)"
13_1,mp-149,Si8,13,111,0.875,32,0,na,"(14,)"
13_2,mp-149,Si8,13,221,0.0625,48,0,na,"(14,)"
13_3,mp-149,Si8,13,221,0.1875,48,0,na,"(14,)"
13_4,mp-149,Si8,13,110,0.25,24,0,na,"(14,)"
13_5,mp-149,Si8,13,211,0.125,96,0,na,"(14,)"
13_6,mp-149,Si8,13,210,0.0625,48,0,na,"(14,)"
13_7,mp-149,Si8,13,100,0.125,16,0,na,"(14,)"
14_0,mp-989737,Ag9,14,111,0.0555183665493963,63,0,na,"(47,)"
14_1,mp-989737,Ag9,14,111,0.1666666666666678,63,0,na,"(47,)"
14_2,mp-989737,Ag9,14,221,0.4444816334506036,126,0,na,"(47,)"
14_3,mp-989737,Ag9,14,110,0.5,63,0,na,"(47,)"
14_4,mp-989737,Ag9,14,212,0.0278149667839375,108,0,na,"(47,)"
14_5,mp-989737,Ag9,14,212,0.0833333333333357,108,0,na,"(47,)"
14_6,mp-989737,Ag9,14,211,0.0555741500586357,216,0,na,"(47,)"
14_7,mp-989737,Ag9,14,211,0.2499999999999999,216,0,na,"(47,)"
14_8,mp-989737,Ag9,14,210,0.0833333333333338,108,0,na,"(47,)"
14_9,mp-989737,Ag9,14,21-1,0.0277591832746981,216,0,na,"(47,)"
14_10,mp-989737,Ag9,14,21-1,0.0833333333333338,216,0,na,"(47,)"
14_11,mp-989737,Ag9,14,21-2,0.1111483001172679,108,0,na,"(47,)"
14_12,mp-989737,Ag9,14,21-2,0.2499999999999981,108,0,na,"(47,)"
14_13,mp-989737,Ag9,14,101,0.1111483001172715,36,0,na,"(47,)"
14_14,mp-989737,Ag9,14,101,0.4999999999999999,36,0,na,"(47,)"
14_15,mp-989737,Ag9,14,201,0.0277591832746999,72,0,na,"(47,)"
14_16,mp-989737,Ag9,14,201,0.0833333333333357,72,0,na,"(47,)"
14_17,mp-989737,Ag9,14,100,0.1666666666666678,36,0,na,"(47,)"
14_18,mp-989737,Ag9,14,20-1,0.0555741500586375,72,0,na,"(47,)"
14_19,mp-989737,Ag9,14,20-1,0.2500000000000018,72,0,na,"(47,)"
14_20,mp-989737,Ag9,14,10-1,0.0555183665493963,36,0,na,"(47,)"
14_21,mp-989737,Ag9,14,10-1,0.1666666666666679,36,0,na,"(47,)"
14_22,mp-989737,Ag9,14,2-12,0.027814966783934,72,0,na,"(47,)"
14_23,mp-989737,Ag9,14,2-12,0.0833333333333286,72,0,na,"(47,)"
14_24,mp-989737,Ag9,14,102,0.0556299335678751,45,0,na,"(47,)"
14_25,mp-989737,Ag9,14,102,0.1666666666666714,45,0,na,"(47,)"
14_26,mp-989737,Ag9,14,10-2,0.2222966002345467,45,0,na,"(47,)"
14_27,mp-989737,Ag9,14,10-2,0.5000000000000037,45,0,na,"(47,)"
14_28,mp-989737,Ag9,14,001,0.0555183665493963,9,0,na,"(47,)"
14_29,mp-989737,Ag9,14,001,0.1666666666666678,9,0,na,"(47,)"
15_0,mp-104,Sb6,15,111,0.0,30,0,na,"(51,)"
15_0_1,mp-104,Sb6,15,111,0.0,36,1,na,"(51,)"
15_0_2,mp-104,Sb6,15,111,0.0,42,1,na,"(51,)"
15_1,mp-104,Sb6,15,221,0.0,60,0,na,"(51,)"
15_2,mp-104,Sb6,15,110,0.5,30,0,na,"(51,)"
15_2_1,mp-104,Sb6,15,110,0.5,36,1,na,"(51,)"
15_2_2,mp-104,Sb6,15,110,0.5,42,1,na,"(51,)"
15_3,mp-104,Sb6,15,212,0.0166443336254431,48,0,na,"(51,)"
15_4,mp-104,Sb6,15,211,0.0,96,0,na,"(51,)"
15_5,mp-104,Sb6,15,210,0.0833333333333339,48,0,na,"(51,)"
15_6,mp-104,Sb6,15,21-1,5.3290705182007506e-15,96,0,na,"(51,)"
15_7,mp-104,Sb6,15,21-2,0.4833556663745568,48,0,na,"(51,)"
15_8,mp-104,Sb6,15,101,0.0,18,0,na,"(51,)"
15_8_1,mp-104,Sb6,15,101,0.0,24,1,na,"(51,)"
15_8_2,mp-104,Sb6,15,101,0.0,30,1,na,"(51,)"
15_9,mp-104,Sb6,15,201,5.3290705182007506e-15,36,0,na,"(51,)"
15_10,mp-104,Sb6,15,100,0.1666666666666678,18,0,na,"(51,)"
15_10_1,mp-104,Sb6,15,100,0.1666666666666678,24,1,na,"(51,)"
15_10_2,mp-104,Sb6,15,100,0.1666666666666678,30,1,na,"(51,)"
15_11,mp-104,Sb6,15,20-1,1.7763568394002505e-15,36,0,na,"(51,)"
15_12,mp-104,Sb6,15,10-1,0.1666666666666642,18,0,na,"(51,)"
15_12_1,mp-104,Sb6,15,10-1,0.1666666666666642,24,1,na,"(51,)"
15_12_2,mp-104,Sb6,15,10-1,0.1666666666666642,30,1,na,"(51,)"
15_13,mp-104,Sb6,15,2-12,0.0,36,0,na,"(51,)"
15_14,mp-104,Sb6,15,2-12,0.0833333333333214,36,0,na,"(51,)"
15_15,mp-104,Sb6,15,102,2.131628207280301e-14,24,0,na,"(51,)"
15_15_1,mp-104,Sb6,15,102,2.131628207280301e-14,30,1,na,"(51,)"
15_15_2,mp-104,Sb6,15,102,2.131628207280301e-14,36,1,na,"(51,)"
15_16,mp-104,Sb6,15,102,0.1666666666666857,24,0,na,"(51,)"
15_16_1,mp-104,Sb6,15,102,0.1666666666666857,30,1,na,"(51,)"
15_16_2,mp-104,Sb6,15,102,0.1666666666666857,36,1,na,"(51,)"
15_17,mp-104,Sb6,15,10-2,3.552713678800501e-15,24,0,na,"(51,)"
15_17_1,mp-104,Sb6,15,10-2,3.552713678800501e-15,30,1,na,"(51,)"
15_17_2,mp-104,Sb6,15,10-2,3.552713678800501e-15,36,1,na,"(51,)"
15_18,mp-104,Sb6,15,10-2,0.5000000000000036,24,0,na,"(51,)"
15_18_1,mp-104,Sb6,15,10-2,0.5000000000000036,30,1,na,"(51,)"
15_18_2,mp-104,Sb6,15,10-2,0.5000000000000036,36,1,na,"(51,)"
15_19,mp-104,Sb6,15,001,0.0,6,0,na,"(51,)"
15_19_1,mp-104,Sb6,15,001,0.0,12,1,na,"(51,)"
15_19_2,mp-104,Sb6,15,001,0.0,18,1,na,"(51,)"
16_0,mp-30,Cu4,16,111,0.5000000000000002,20,0,na,"(29,)"
16_0_1,mp-30,Cu4,16,111,0.5000000000000002,24,1,na,"(29,)"
16_0_2,mp-30,Cu4,16,111,0.5000000000000002,28,1,na,"(29,)"
16_1,mp-30,Cu4,16,221,0.1250000000000002,40,0,na,"(29,)"
16_2,mp-30,Cu4,16,110,0.25,16,0,na,"(29,)"
16_2_1,mp-30,Cu4,16,110,0.25,20,1,na,"(29,)"
16_2_2,mp-30,Cu4,16,110,0.25,24,1,na,"(29,)"
16_3,mp-30,Cu4,16,211,0.1250000000000002,64,0,na,"(29,)"
16_4,mp-30,Cu4,16,210,0.125,32,0,na,"(29,)"
16_5,mp-30,Cu4,16,100,0.25,12,0,na,"(29,)"
16_5_1,mp-30,Cu4,16,100,0.25,16,1,na,"(29,)"
16_5_2,mp-30,Cu4,16,100,0.25,20,1,na,"(29,)"
17_0,mp-1187739,Y9,17,111,0.055790776292774,54,0,na,"(39,)"
17_1,mp-1187739,Y9,17,111,0.1666666666666643,54,0,na,"(39,)"
17_2,mp-1187739,Y9,17,221,0.027895388146387,108,0,na,"(39,)"
17_3,mp-1187739,Y9,17,110,0.5,54,0,na,"(39,)"
17_4,mp-1187739,Y9,17,212,0.0275425570405598,90,0,na,"(39,)"
17_5,mp-1187739,Y9,17,212,0.0833333333333357,90,0,na,"(39,)"
17_6,mp-1187739,Y9,17,211,0.0554379451869451,180,0,na,"(39,)"
17_7,mp-1187739,Y9,17,211,0.25,180,0,na,"(39,)"
17_8,mp-1187739,Y9,17,210,0.0833333333333339,90,0,na,"(39,)"
17_9,mp-1187739,Y9,17,21-1,0.027895388146387,180,0,na,"(39,)"
17_10,mp-1187739,Y9,17,21-1,0.0833333333333321,180,0,na,"(39,)"
17_11,mp-1187739,Y9,17,21-2,0.1108758903738902,90,0,na,"(39,)"
17_12,mp-1187739,Y9,17,21-2,0.2499999999999999,90,0,na,"(39,)"
17_13,mp-1187739,Y9,17,101,0.1108758903738902,36,0,na,"(39,)"
17_14,mp-1187739,Y9,17,101,0.4999999999999999,36,0,na,"(39,)"
17_15,mp-1187739,Y9,17,201,0.0278953881463888,72,0,na,"(39,)"
17_16,mp-1187739,Y9,17,201,0.0833333333333339,72,0,na,"(39,)"
17_17,mp-1187739,Y9,17,100,0.1666666666666678,36,0,na,"(39,)"
17_18,mp-1187739,Y9,17,20-1,0.0554379451869486,72,0,na,"(39,)"
17_19,mp-1187739,Y9,17,20-1,0.25,72,0,na,"(39,)"
17_20,mp-1187739,Y9,17,10-1,0.055790776292774,36,0,na,"(39,)"
17_21,mp-1187739,Y9,17,10-1,0.1666666666666643,36,0,na,"(39,)"
17_22,mp-1187739,Y9,17,2-12,0.0275425570405563,54,0,na,"(39,)"
17_23,mp-1187739,Y9,17,2-12,0.0833333333333286,54,0,na,"(39,)"
17_24,mp-1187739,Y9,17,102,0.0550851140811197,36,0,na,"(39,)"
17_25,mp-1187739,Y9,17,102,0.1666666666666713,36,0,na,"(39,)"
17_26,mp-1187739,Y9,17,10-2,0.2217517807477876,36,0,na,"(39,)"
17_27,mp-1187739,Y9,17,10-2,0.5,36,0,na,"(39,)"
17_28,mp-1187739,Y9,17,001,0.055790776292774,9,0,na,"(39,)"
17_29,mp-1187739,Y9,17,001,0.1666666666666643,9,0,na,"(39,)"
18_0,mp-23,Ni4,18,111,0.5,20,0,na,"(28,)"
18_0_1,mp-23,Ni4,18,111,0.5,24,1,na,"(28,)"
18_0_2,mp-23,Ni4,18,111,0.5,28,1,na,"(28,)"
18_1,mp-23,Ni4,18,221,0.125,40,0,na,"(28,)"
18_2,mp-23,Ni4,18,110,0.25,20,0,na,"(28,)"
18_2_1,mp-23,Ni4,18,110,0.25,24,1,na,"(28,)"
18_2_2,mp-23,Ni4,18,110,0.25,28,1,na,"(28,)"
18_3,mp-23,Ni4,18,211,0.1249999999999997,64,0,na,"(28,)"
18_4,mp-23,Ni4,18,210,0.125,32,0,na,"(28,)"
18_5,mp-23,Ni4,18,100,0.2499999999999999,12,0,na,"(28,)"
18_5_1,mp-23,Ni4,18,100,0.2499999999999999,16,1,na,"(28,)"
18_5_2,mp-23,Ni4,18,100,0.2499999999999999,20,1,na,"(28,)"
19_0,mp-567597,Bi4,19,111,0.4999999999999998,16,0,na,"(83,)"
19_0_1,mp-567597,Bi4,19,111,0.4999999999999998,20,1,na,"(83,)"
19_0_2,mp-567597,Bi4,19,111,0.4999999999999998,24,1,na,"(83,)"
19_1,mp-567597,Bi4,19,221,0.2499999999999997,32,0,na,"(83,)"
19_2,mp-567597,Bi4,19,110,0.0020146876324744,16,0,na,"(83,)"
19_2_1,mp-567597,Bi4,19,110,0.0020146876324744,20,1,na,"(83,)"
19_2_2,mp-567597,Bi4,19,110,0.0020146876324744,24,1,na,"(83,)"
19_3,mp-567597,Bi4,19,212,0.2499999999999997,24,0,na,"(83,)"
19_4,mp-567597,Bi4,19,211,0.1245965150991743,48,0,na,"(83,)"
19_5,mp-567597,Bi4,19,210,0.0,24,0,na,"(83,)"
19_6,mp-567597,Bi4,19,101,0.2499008485047298,12,0,na,"(83,)"
19_6_1,mp-567597,Bi4,19,101,0.2499008485047298,16,1,na,"(83,)"
19_6_2,mp-567597,Bi4,19,101,0.2499008485047298,20,1,na,"(83,)"
19_7,mp-567597,Bi4,19,201,0.0,24,0,na,"(83,)"
19_8,mp-567597,Bi4,19,100,0.0,12,0,na,"(83,)"
19_8_1,mp-567597,Bi4,19,100,0.0,16,1,na,"(83,)"
19_8_2,mp-567597,Bi4,19,100,0.0,20,1,na,"(83,)"
19_9,mp-567597,Bi4,19,122,0.25,24,0,na,"(83,)"
19_10,mp-567597,Bi4,19,121,0.1249504242523646,24,0,na,"(83,)"
19_11,mp-567597,Bi4,19,120,0.0,24,0,na,"(83,)"
19_12,mp-567597,Bi4,19,112,0.2496174688798935,24,0,na,"(83,)"
19_13,mp-567597,Bi4,19,102,0.2499999999999997,16,0,na,"(83,)"
19_14,mp-567597,Bi4,19,011,0.2493913331888892,12,0,na,"(83,)"
19_14_1,mp-567597,Bi4,19,011,0.2493913331888892,16,1,na,"(83,)"
19_14_2,mp-567597,Bi4,19,011,0.2493913331888892,20,1,na,"(83,)"
19_15,mp-567597,Bi4,19,021,0.0,24,0,na,"(83,)"
19_16,mp-567597,Bi4,19,010,0.0,12,0,na,"(83,)"
19_16_1,mp-567597,Bi4,19,010,0.0,16,1,na,"(83,)"
19_16_2,mp-567597,Bi4,19,010,0.0,20,1,na,"(83,)"
19_17,mp-567597,Bi4,19,012,0.0,16,0,na,"(83,)"
19_18,mp-567597,Bi4,19,001,0.0,8,0,na,"(83,)"
19_18_1,mp-567597,Bi4,19,001,0.0,12,1,na,"(83,)"
19_18_2,mp-567597,Bi4,19,001,0.0,16,1,na,"(83,)"
20_0,mp-19,Te3,20,111,0.199116947397961,15,0,na,"(52,)"
20_0_1,mp-19,Te3,20,111,0.199116947397961,18,1,na,"(52,)"
20_0_2,mp-19,Te3,20,111,0.199116947397961,21,1,na,"(52,)"
20_1,mp-19,Te3,20,111,0.5324502807312967,15,0,na,"(52,)"
20_1_1,mp-19,Te3,20,111,0.5324502807312967,18,1,na,"(52,)"
20_1_2,mp-19,Te3,20,111,0.5324502807312967,21,1,na,"(52,)"
20_2,mp-19,Te3,20,111,0.7684327718707564,15,0,na,"(52,)"
20_2_1,mp-19,Te3,20,111,0.7684327718707564,18,1,na,"(52,)"
20_2_2,mp-19,Te3,20,111,0.7684327718707564,21,1,na,"(52,)"
20_3,mp-19,Te3,20,221,0.0324502807312949,30,0,na,"(52,)"
20_3_1,mp-19,Te3,20,221,0.0324502807312949,36,1,na,"(52,)"
20_3_2,mp-19,Te3,20,221,0.0324502807312949,42,1,na,"(52,)"
20_4,mp-19,Te3,20,221,0.2824502807312949,30,0,na,"(52,)"
20_4_1,mp-19,Te3,20,221,0.2824502807312949,36,1,na,"(52,)"
20_4_2,mp-19,Te3,20,221,0.2824502807312949,42,1,na,"(52,)"
20_5,mp-19,Te3,20,110,0.1342163859353711,15,0,na,"(52,)"
20_5_1,mp-19,Te3,20,110,0.1342163859353711,18,1,na,"(52,)"
20_5_2,mp-19,Te3,20,110,0.1342163859353711,21,1,na,"(52,)"
20_6,mp-19,Te3,20,110,0.6342163859353711,15,0,na,"(52,)"
20_6_1,mp-19,Te3,20,110,0.6342163859353711,18,1,na,"(52,)"
20_6_2,mp-19,Te3,20,110,0.6342163859353711,21,1,na,"(52,)"
20_7,mp-19,Te3,20,212,0.1991169473979593,24,0,na,"(52,)"
20_7_1,mp-19,Te3,20,212,0.1991169473979593,30,1,na,"(52,)"
20_7_2,mp-19,Te3,20,212,0.1991169473979593,36,1,na,"(52,)"
20_8,mp-19,Te3,20,212,0.4491169473979595,24,0,na,"(52,)"
20_8_1,mp-19,Te3,20,212,0.4491169473979595,30,1,na,"(52,)"
20_8_2,mp-19,Te3,20,212,0.4491169473979595,36,1,na,"(52,)"
20_9,mp-19,Te3,20,211,0.0324502807312931,48,0,na,"(52,)"
20_10,mp-19,Te3,20,211,0.2824502807312932,48,0,na,"(52,)"
20_11,mp-19,Te3,20,210,0.0671081929676837,24,0,na,"(52,)"
20_11_1,mp-19,Te3,20,210,0.0671081929676837,30,1,na,"(52,)"
20_11_2,mp-19,Te3,20,210,0.0671081929676837,36,1,na,"(52,)"
20_12,mp-19,Te3,20,210,0.2986754210969327,24,0,na,"(52,)"
20_12_1,mp-19,Te3,20,210,0.2986754210969327,30,1,na,"(52,)"
20_12_2,mp-19,Te3,20,210,0.2986754210969327,36,1,na,"(52,)"
20_13,mp-19,Te3,20,210,0.3842163859353728,24,0,na,"(52,)"
20_13_1,mp-19,Te3,20,210,0.3842163859353728,30,1,na,"(52,)"
20_13_2,mp-19,Te3,20,210,0.3842163859353728,36,1,na,"(52,)"
20_14,mp-19,Te3,20,101,0.1666666666666714,12,0,na,"(52,)"
20_14_1,mp-19,Te3,20,101,0.1666666666666714,15,1,na,"(52,)"
20_14_2,mp-19,Te3,20,101,0.1666666666666714,18,1,na,"(52,)"
20_15,mp-19,Te3,20,101,0.6342163859353782,12,0,na,"(52,)"
20_15_1,mp-19,Te3,20,101,0.6342163859353782,15,1,na,"(52,)"
20_15_2,mp-19,Te3,20,101,0.6342163859353782,18,1,na,"(52,)"
20_16,mp-19,Te3,20,201,0.0833333333333374,18,0,na,"(52,)"
20_16_1,mp-19,Te3,20,201,0.0833333333333374,24,1,na,"(52,)"
20_16_2,mp-19,Te3,20,201,0.0833333333333374,30,1,na,"(52,)"
20_17,mp-19,Te3,20,201,0.2824502807312914,18,0,na,"(52,)"
20_17_1,mp-19,Te3,20,201,0.2824502807312914,24,1,na,"(52,)"
20_17_2,mp-19,Te3,20,201,0.2824502807312914,30,1,na,"(52,)"
20_18,mp-19,Te3,20,100,0.1342163859353782,9,0,na,"(52,)"
20_18_1,mp-19,Te3,20,100,0.1342163859353782,12,1,na,"(52,)"
20_18_2,mp-19,Te3,20,100,0.1342163859353782,15,1,na,"(52,)"
20_19,mp-19,Te3,20,100,0.5000000000000036,9,0,na,"(52,)"
20_19_1,mp-19,Te3,20,100,0.5000000000000036,12,1,na,"(52,)"
20_19_2,mp-19,Te3,20,100,0.5000000000000036,15,1,na,"(52,)"
20_20,mp-19,Te3,20,2-12,0.0508830526020442,18,0,na,"(52,)"
20_20_1,mp-19,Te3,20,2-12,0.0508830526020442,24,1,na,"(52,)"
20_20_2,mp-19,Te3,20,2-12,0.0508830526020442,30,1,na,"(52,)"
20_21,mp-19,Te3,20,2-12,0.2662251403656412,18,0,na,"(52,)"
20_21_1,mp-19,Te3,20,2-12,0.2662251403656412,24,1,na,"(52,)"
20_21_2,mp-19,Te3,20,2-12,0.2662251403656412,30,1,na,"(52,)"
20_22,mp-19,Te3,20,2-12,0.4328918070323108,18,0,na,"(52,)"
20_22_1,mp-19,Te3,20,2-12,0.4328918070323108,24,1,na,"(52,)"
20_22_2,mp-19,Te3,20,2-12,0.4328918070323108,30,1,na,"(52,)"
20_23,mp-19,Te3,20,102,0.0671081929676891,18,0,na,"(52,)"
20_23_1,mp-19,Te3,20,102,0.0671081929676891,24,1,na,"(52,)"
20_23_2,mp-19,Te3,20,102,0.0671081929676891,30,1,na,"(52,)"
20_24,mp-19,Te3,20,102,0.4166666666666696,18,0,na,"(52,)"
20_24_1,mp-19,Te3,20,102,0.4166666666666696,24,1,na,"(52,)"
20_24_2,mp-19,Te3,20,102,0.4166666666666696,30,1,na,"(52,)"
20_25,mp-19,Te3,20,001,0.1666666666666678,6,0,na,"(52,)"
20_25_1,mp-19,Te3,20,001,0.1666666666666678,9,1,na,"(52,)"
20_25_2,mp-19,Te3,20,001,0.1666666666666678,12,1,na,"(52,)"
21_0,mp-129,Mo2,21,111,0.2499999999999999,12,0,na,"(42,)"
21_0_1,mp-129,Mo2,21,111,0.2499999999999999,14,1,na,"(42,)"
21_0_2,mp-129,Mo2,21,111,0.2499999999999999,16,1,na,"(42,)"
21_1,mp-129,Mo2,21,221,0.1250000000000001,20,0,na,"(42,)"
21_1_1,mp-129,Mo2,21,221,0.1250000000000001,24,1,na,"(42,)"
21_1_2,mp-129,Mo2,21,221,0.1250000000000001,28,1,na,"(42,)"
21_2,mp-129,Mo2,21,110,0.5,10,0,na,"(42,)"
21_2_1,mp-129,Mo2,21,110,0.5,12,1,na,"(42,)"
21_2_2,mp-129,Mo2,21,110,0.5,14,1,na,"(42,)"
21_3,mp-129,Mo2,21,211,0.2500000000000001,32,0,na,"(42,)"
21_4,mp-129,Mo2,21,210,0.125,16,0,na,"(42,)"
21_4_1,mp-129,Mo2,21,210,0.125,20,1,na,"(42,)"
21_4_2,mp-129,Mo2,21,210,0.125,24,1,na,"(42,)"
21_5,mp-129,Mo2,21,100,0.2499999999999999,8,0,na,"(42,)"
21_5_1,mp-129,Mo2,21,100,0.2499999999999999,10,1,na,"(42,)"
21_5_2,mp-129,Mo2,21,100,0.2499999999999999,12,1,na,"(42,)"
22_0,mp-20483,Pb4,22,111,0.5,16,0,na,"(82,)"
22_0_1,mp-20483,Pb4,22,111,0.5,20,1,na,"(82,)"
22_0_2,mp-20483,Pb4,22,111,0.5,24,1,na,"(82,)"
22_1,mp-20483,Pb4,22,221,0.125,24,0,na,"(82,)"
22_2,mp-20483,Pb4,22,110,0.25,12,0,na,"(82,)"
22_2_1,mp-20483,Pb4,22,110,0.25,16,1,na,"(82,)"
22_2_2,mp-20483,Pb4,22,110,0.25,20,1,na,"(82,)"
22_3,mp-20483,Pb4,22,211,0.125,48,0,na,"(82,)"
22_4,mp-20483,Pb4,22,210,0.125,24,0,na,"(82,)"
22_5,mp-20483,Pb4,22,100,0.25,8,0,na,"(82,)"
22_5_1,mp-20483,Pb4,22,100,0.25,12,1,na,"(82,)"
22_5_2,mp-20483,Pb4,22,100,0.25,16,1,na,"(82,)"
23_0,mp-11,As6,23,111,7.105427357601002e-15,36,0,na,"(33,)"
23_0_1,mp-11,As6,23,111,7.105427357601002e-15,42,1,na,"(33,)"
23_0_2,mp-11,As6,23,111,7.105427357601002e-15,48,1,na,"(33,)"
23_1,mp-11,As6,23,111,0.1666666666666642,36,0,na,"(33,)"
23_1_1,mp-11,As6,23,111,0.1666666666666642,42,1,na,"(33,)"
23_1_2,mp-11,As6,23,111,0.1666666666666642,48,1,na,"(33,)"
23_2,mp-11,As6,23,221,3.552713678800501e-15,72,0,na,"(33,)"
23_3,mp-11,As6,23,221,0.0833333333333321,72,0,na,"(33,)"
23_4,mp-11,As6,23,110,0.5,36,0,na,"(33,)"
23_4_1,mp-11,As6,23,110,0.5,42,1,na,"(33,)"
23_4_2,mp-11,As6,23,110,0.5,48,1,na,"(33,)"
23_5,mp-11,As6,23,212,7.105427357601002e-15,60,0,na,"(33,)"
23_6,mp-11,As6,23,212,0.0833333333333463,60,0,na,"(33,)"
23_7,mp-11,As6,23,211,1.5543122344752194e-15,120,0,na,"(33,)"
23_8,mp-11,As6,23,211,0.2500000000000016,120,0,na,"(33,)"
23_9,mp-11,As6,23,210,0.0833333333333339,48,0,na,"(33,)"
23_10,mp-11,As6,23,21-1,5.3290705182007506e-15,120,0,na,"(33,)"
23_11,mp-11,As6,23,21-1,0.0833333333333338,120,0,na,"(33,)"
23_12,mp-11,As6,23,21-2,1.7763568394002505e-15,60,0,na,"(33,)"
23_13,mp-11,As6,23,21-2,0.2500000000000016,60,0,na,"(33,)"
23_14,mp-11,As6,23,101,3.552713678800501e-15,24,0,na,"(33,)"
23_14_1,mp-11,As6,23,101,3.552713678800501e-15,30,1,na,"(33,)"
23_14_2,mp-11,As6,23,101,3.552713678800501e-15,36,1,na,"(33,)"
23_15,mp-11,As6,23,101,0.5000000000000036,24,0,na,"(33,)"
23_15_1,mp-11,As6,23,101,0.5000000000000036,30,1,na,"(33,)"
23_15_2,mp-11,As6,23,101,0.5000000000000036,36,1,na,"(33,)"
23_16,mp-11,As6,23,201,5.10702591327572e-15,48,0,na,"(33,)"
23_17,mp-11,As6,23,201,0.0833333333333355,48,0,na,"(33,)"
23_18,mp-11,As6,23,100,0.1666666666666678,24,0,na,"(33,)"
23_18_1,mp-11,As6,23,100,0.1666666666666678,30,1,na,"(33,)"
23_18_2,mp-11,As6,23,100,0.1666666666666678,36,1,na,"(33,)"
23_19,mp-11,As6,23,20-1,0.0,48,0,na,"(33,)"
23_20,mp-11,As6,23,20-1,0.25,48,0,na,"(33,)"
23_21,mp-11,As6,23,10-1,0.1666666666666643,24,0,na,"(33,)"
23_21_1,mp-11,As6,23,10-1,0.1666666666666643,30,1,na,"(33,)"
23_21_2,mp-11,As6,23,10-1,0.1666666666666643,36,1,na,"(33,)"
23_22,mp-11,As6,23,10-1,0.3333333333333322,24,0,na,"(33,)"
23_22_1,mp-11,As6,23,10-1,0.3333333333333322,30,1,na,"(33,)"
23_22_2,mp-11,As6,23,10-1,0.3333333333333322,36,1,na,"(33,)"
23_23,mp-11,As6,23,2-12,0.0833333333333179,36,0,na,"(33,)"
23_24,mp-11,As6,23,2-12,0.1666666666666625,36,0,na,"(33,)"
23_25,mp-11,As6,23,102,1.4210854715202004e-14,24,0,na,"(33,)"
23_25_1,mp-11,As6,23,102,1.4210854715202004e-14,30,1,na,"(33,)"
23_25_2,mp-11,As6,23,102,1.4210854715202004e-14,36,1,na,"(33,)"
23_26,mp-11,As6,23,102,0.1666666666666928,24,0,na,"(33,)"
23_26_1,mp-11,As6,23,102,0.1666666666666928,30,1,na,"(33,)"
23_26_2,mp-11,As6,23,102,0.1666666666666928,36,1,na,"(33,)"
23_27,mp-11,As6,23,10-2,0.4999999999999966,24,0,na,"(33,)"
23_27_1,mp-11,As6,23,10-2,0.4999999999999966,30,1,na,"(33,)"
23_27_2,mp-11,As6,23,10-2,0.4999999999999966,36,1,na,"(33,)"
23_28,mp-11,As6,23,10-2,0.9999999999999968,24,0,na,"(33,)"
23_28_1,mp-11,As6,23,10-2,0.9999999999999968,30,1,na,"(33,)"
23_28_2,mp-11,As6,23,10-2,0.9999999999999968,36,1,na,"(33,)"
23_29,mp-11,As6,23,001,7.105427357601002e-15,6,0,na,"(33,)"
23_29_1,mp-11,As6,23,001,7.105427357601002e-15,12,1,na,"(33,)"
23_29_2,mp-11,As6,23,001,7.105427357601002e-15,18,1,na,"(33,)"
23_30,mp-11,As6,23,001,0.1666666666666642,6,0,na,"(33,)"
23_30_1,mp-11,As6,23,001,0.1666666666666642,12,1,na,"(33,)"
23_30_2,mp-11,As6,23,001,0.1666666666666642,18,1,na,"(33,)"
24_0,mp-1096861,Cd4,24,111,0.5,16,0,na,"(48,)"
24_0_1,mp-1096861,Cd4,24,111,0.5,20,1,na,"(48,)"
24_0_2,mp-1096861,Cd4,24,111,0.5,24,1,na,"(48,)"
24_1,mp-1096861,Cd4,24,221,0.125,32,0,na,"(48,)"
24_2,mp-1096861,Cd4,24,110,0.25,16,0,na,"(48,)"
24_2_1,mp-1096861,Cd4,24,110,0.25,20,1,na,"(48,)"
24_2_2,mp-1096861,Cd4,24,110,0.25,24,1,na,"(48,)"
24_3,mp-1096861,Cd4,24,211,0.125,48,0,na,"(48,)"
24_4,mp-1096861,Cd4,24,210,0.125,24,0,na,"(48,)"
24_5,mp-1096861,Cd4,24,100,0.25,12,0,na,"(48,)"
24_5_1,mp-1096861,Cd4,24,100,0.25,16,1,na,"(48,)"
24_5_2,mp-1096861,Cd4,24,100,0.25,20,1,na,"(48,)"
25_0,mp-90,Cr2,25,111,0.25,14,0,na,"(24,)"
25_0_1,mp-90,Cr2,25,111,0.25,16,1,na,"(24,)"
25_0_2,mp-90,Cr2,25,111,0.25,18,1,na,"(24,)"
25_1,mp-90,Cr2,25,221,0.125,24,0,na,"(24,)"
25_1_1,mp-90,Cr2,25,221,0.125,28,1,na,"(24,)"
25_1_2,mp-90,Cr2,25,221,0.125,32,1,na,"(24,)"
25_2,mp-90,Cr2,25,110,0.5,10,0,na,"(24,)"
25_2_1,mp-90,Cr2,25,110,0.5,12,1,na,"(24,)"
25_2_2,mp-90,Cr2,25,110,0.5,14,1,na,"(24,)"
25_3,mp-90,Cr2,25,211,0.25,40,0,na,"(24,)"
25_4,mp-90,Cr2,25,210,0.125,16,0,na,"(24,)"
25_4_1,mp-90,Cr2,25,210,0.125,20,1,na,"(24,)"
25_4_2,mp-90,Cr2,25,210,0.125,24,1,na,"(24,)"
25_5,mp-90,Cr2,25,100,0.25,8,0,na,"(24,)"
25_5_1,mp-90,Cr2,25,100,0.25,10,1,na,"(24,)"
25_5_2,mp-90,Cr2,25,100,0.25,12,1,na,"(24,)"
26_0,mp-75,Nb2,26,111,0.25,12,0,na,"(41,)"
26_0_1,mp-75,Nb2,26,111,0.25,14,1,na,"(41,)"
26_0_2,mp-75,Nb2,26,111,0.25,16,1,na,"(41,)"
26_1,mp-75,Nb2,26,221,0.125,20,0,na,"(41,)"
26_1_1,mp-75,Nb2,26,221,0.125,24,1,na,"(41,)"
26_1_2,mp-75,Nb2,26,221,0.125,28,1,na,"(41,)"
26_2,mp-75,Nb2,26,110,0.5,10,0,na,"(41,)"
26_2_1,mp-75,Nb2,26,110,0.5,12,1,na,"(41,)"
26_2_2,mp-75,Nb2,26,110,0.5,14,1,na,"(41,)"
26_3,mp-75,Nb2,26,211,0.2500000000000002,32,0,na,"(41,)"
26_4,mp-75,Nb2,26,210,0.1249999999999999,16,0,na,"(41,)"
26_4_1,mp-75,Nb2,26,210,0.1249999999999999,20,1,na,"(41,)"
26_4_2,mp-75,Nb2,26,210,0.1249999999999999,24,1,na,"(41,)"
26_5,mp-75,Nb2,26,100,0.25,8,0,na,"(41,)"
26_5_1,mp-75,Nb2,26,100,0.25,10,1,na,"(41,)"
26_5_2,mp-75,Nb2,26,100,0.25,12,1,na,"(41,)"
27_0,mp-33,Ru2,27,111,0.0,16,0,na,"(44,)"
27_0_1,mp-33,Ru2,27,111,0.0,18,1,na,"(44,)"
27_0_2,mp-33,Ru2,27,111,0.0,20,1,na,"(44,)"
27_1,mp-33,Ru2,27,221,0.0,32,0,na,"(44,)"
27_1_1,mp-33,Ru2,27,221,0.0,36,1,na,"(44,)"
27_1_2,mp-33,Ru2,27,221,0.0,40,1,na,"(44,)"
27_2,mp-33,Ru2,27,110,0.5,16,0,na,"(44,)"
27_2_1,mp-33,Ru2,27,110,0.5,18,1,na,"(44,)"
27_2_2,mp-33,Ru2,27,110,0.5,20,1,na,"(44,)"
27_3,mp-33,Ru2,27,212,0.0,28,0,na,"(44,)"
27_3_1,mp-33,Ru2,27,212,0.0,32,1,na,"(44,)"
27_3_2,mp-33,Ru2,27,212,0.0,36,1,na,"(44,)"
27_4,mp-33,Ru2,27,212,0.25,28,0,na,"(44,)"
27_4_1,mp-33,Ru2,27,212,0.25,32,1,na,"(44,)"
27_4_2,mp-33,Ru2,27,212,0.25,36,1,na,"(44,)"
27_5,mp-33,Ru2,27,211,0.0,48,0,na,"(44,)"
27_6,mp-33,Ru2,27,211,0.25,48,0,na,"(44,)"
27_7,mp-33,Ru2,27,210,0.0,24,0,na,"(44,)"
27_7_1,mp-33,Ru2,27,210,0.0,28,1,na,"(44,)"
27_7_2,mp-33,Ru2,27,210,0.0,32,1,na,"(44,)"
27_8,mp-33,Ru2,27,210,0.25,24,0,na,"(44,)"
27_8_1,mp-33,Ru2,27,210,0.25,28,1,na,"(44,)"
27_8_2,mp-33,Ru2,27,210,0.25,32,1,na,"(44,)"
27_9,mp-33,Ru2,27,101,0.0,10,0,na,"(44,)"
27_9_1,mp-33,Ru2,27,101,0.0,12,1,na,"(44,)"
27_9_2,mp-33,Ru2,27,101,0.0,14,1,na,"(44,)"
27_10,mp-33,Ru2,27,101,0.5,10,0,na,"(44,)"
27_10_1,mp-33,Ru2,27,101,0.5,12,1,na,"(44,)"
27_10_2,mp-33,Ru2,27,101,0.5,14,1,na,"(44,)"
27_11,mp-33,Ru2,27,201,0.0,20,0,na,"(44,)"
27_11_1,mp-33,Ru2,27,201,0.0,24,1,na,"(44,)"
27_11_2,mp-33,Ru2,27,201,0.0,28,1,na,"(44,)"
27_12,mp-33,Ru2,27,201,0.25,20,0,na,"(44,)"
27_12_1,mp-33,Ru2,27,201,0.25,24,1,na,"(44,)"
27_12_2,mp-33,Ru2,27,201,0.25,28,1,na,"(44,)"
27_13,mp-33,Ru2,27,100,0.0,10,0,na,"(44,)"
27_13_1,mp-33,Ru2,27,100,0.0,12,1,na,"(44,)"
27_13_2,mp-33,Ru2,27,100,0.0,14,1,na,"(44,)"
27_14,mp-33,Ru2,27,100,0.5,10,0,na,"(44,)"
27_14_1,mp-33,Ru2,27,100,0.5,12,1,na,"(44,)"
27_14_2,mp-33,Ru2,27,100,0.5,14,1,na,"(44,)"
27_15,mp-33,Ru2,27,2-12,3.552713678800501e-15,20,0,na,"(44,)"
27_15_1,mp-33,Ru2,27,2-12,3.552713678800501e-15,24,1,na,"(44,)"
27_15_2,mp-33,Ru2,27,2-12,3.552713678800501e-15,28,1,na,"(44,)"
27_16,mp-33,Ru2,27,102,0.0,16,0,na,"(44,)"
27_16_1,mp-33,Ru2,27,102,0.0,20,1,na,"(44,)"
27_16_2,mp-33,Ru2,27,102,0.0,24,1,na,"(44,)"
27_17,mp-33,Ru2,27,102,0.25,16,0,na,"(44,)"
27_17_1,mp-33,Ru2,27,102,0.25,20,1,na,"(44,)"
27_17_2,mp-33,Ru2,27,102,0.25,24,1,na,"(44,)"
27_18,mp-33,Ru2,27,001,0.0,6,0,na,"(44,)"
27_18_1,mp-33,Ru2,27,001,0.0,8,1,na,"(44,)"
27_18_2,mp-33,Ru2,27,001,0.0,10,1,na,"(44,)"
28_0,mp-146,V2,28,111,0.25,12,0,na,"(23,)"
28_0_1,mp-146,V2,28,111,0.25,14,1,na,"(23,)"
28_0_2,mp-146,V2,28,111,0.25,16,1,na,"(23,)"
28_1,mp-146,V2,28,221,0.125,24,0,na,"(23,)"
28_1_1,mp-146,V2,28,221,0.125,28,1,na,"(23,)"
28_1_2,mp-146,V2,28,221,0.125,32,1,na,"(23,)"
28_2,mp-146,V2,28,110,0.5,10,0,na,"(23,)"
28_2_1,mp-146,V2,28,110,0.5,12,1,na,"(23,)"
28_2_2,mp-146,V2,28,110,0.5,14,1,na,"(23,)"
28_3,mp-146,V2,28,211,0.25,40,0,na,"(23,)"
28_4,mp-146,V2,28,210,0.125,16,0,na,"(23,)"
28_4_1,mp-146,V2,28,210,0.125,20,1,na,"(23,)"
28_4_2,mp-146,V2,28,210,0.125,24,1,na,"(23,)"
28_5,mp-146,V2,28,100,0.2499999999999999,8,0,na,"(23,)"
28_5_1,mp-146,V2,28,100,0.2499999999999999,10,1,na,"(23,)"
28_5_2,mp-146,V2,28,100,0.2499999999999999,12,1,na,"(23,)"
29_0,mp-1187073,Sr6,29,111,0.0555706874825645,18,0,na,"(38,)"
29_0_1,mp-1187073,Sr6,29,111,0.0555706874825645,24,1,na,"(38,)"
29_0_2,mp-1187073,Sr6,29,111,0.0555706874825645,30,1,na,"(38,)"
29_1,mp-1187073,Sr6,29,111,0.4999999999999999,18,0,na,"(38,)"
29_1_1,mp-1187073,Sr6,29,111,0.4999999999999999,24,1,na,"(38,)"
29_1_2,mp-1187073,Sr6,29,111,0.4999999999999999,30,1,na,"(38,)"
29_2,mp-1187073,Sr6,29,221,0.0277525658477788,36,0,na,"(38,)"
29_3,mp-1187073,Sr6,29,221,0.2500000000000001,36,0,na,"(38,)"
29_4,mp-1187073,Sr6,29,110,0.1110758191781222,18,0,na,"(38,)"
29_4_1,mp-1187073,Sr6,29,110,0.1110758191781222,24,1,na,"(38,)"
29_4_2,mp-1187073,Sr6,29,110,0.1110758191781222,30,1,na,"(38,)"
29_5,mp-1187073,Sr6,29,110,0.5,18,0,na,"(38,)"
29_5_1,mp-1187073,Sr6,29,110,0.5,24,1,na,"(38,)"
29_5_2,mp-1187073,Sr6,29,110,0.5,30,1,na,"(38,)"
29_6,mp-1187073,Sr6,29,212,0.0555706874825645,36,0,na,"(38,)"
29_7,mp-1187073,Sr6,29,212,0.125,36,0,na,"(38,)"
29_8,mp-1187073,Sr6,29,211,0.0277525658477788,48,0,na,"(38,)"
29_9,mp-1187073,Sr6,29,211,0.125,48,0,na,"(38,)"
29_10,mp-1187073,Sr6,29,210,0.0139241808218777,24,0,na,"(38,)"
29_11,mp-1187073,Sr6,29,210,0.125,24,0,na,"(38,)"
29_12,mp-1187073,Sr6,29,21-1,0.0556009274915343,48,0,na,"(38,)"
29_13,mp-1187073,Sr6,29,21-1,0.125,48,0,na,"(38,)"
29_14,mp-1187073,Sr6,29,21-2,0.027722325838809,24,0,na,"(38,)"
29_15,mp-1187073,Sr6,29,21-2,0.125,24,0,na,"(38,)"
29_16,mp-1187073,Sr6,29,101,0.0555706874825645,12,0,na,"(38,)"
29_16_1,mp-1187073,Sr6,29,101,0.0555706874825645,18,1,na,"(38,)"
29_16_2,mp-1187073,Sr6,29,101,0.0555706874825645,24,1,na,"(38,)"
29_17,mp-1187073,Sr6,29,101,0.25,12,0,na,"(38,)"
29_17_1,mp-1187073,Sr6,29,101,0.25,18,1,na,"(38,)"
29_17_2,mp-1187073,Sr6,29,101,0.25,24,1,na,"(38,)"
29_18,mp-1187073,Sr6,29,201,0.027752565847779,24,0,na,"(38,)"
29_19,mp-1187073,Sr6,29,201,0.2500000000000001,24,0,na,"(38,)"
29_20,mp-1187073,Sr6,29,100,0.1110758191781222,12,0,na,"(38,)"
29_20_1,mp-1187073,Sr6,29,100,0.1110758191781222,18,1,na,"(38,)"
29_20_2,mp-1187073,Sr6,29,100,0.1110758191781222,24,1,na,"(38,)"
29_21,mp-1187073,Sr6,29,100,0.2499999999999999,12,0,na,"(38,)"
29_21_1,mp-1187073,Sr6,29,100,0.2499999999999999,18,1,na,"(38,)"
29_21_2,mp-1187073,Sr6,29,100,0.2499999999999999,24,1,na,"(38,)"
29_22,mp-1187073,Sr6,29,20-1,0.0556009274915343,24,0,na,"(38,)"
29_23,mp-1187073,Sr6,29,20-1,0.2499999999999999,24,0,na,"(38,)"
29_24,mp-1187073,Sr6,29,10-1,0.0277223258388089,12,0,na,"(38,)"
29_24_1,mp-1187073,Sr6,29,10-1,0.0277223258388089,18,1,na,"(38,)"
29_24_2,mp-1187073,Sr6,29,10-1,0.0277223258388089,24,1,na,"(38,)"
29_25,mp-1187073,Sr6,29,10-1,0.2499999999999999,12,0,na,"(38,)"
29_25_1,mp-1187073,Sr6,29,10-1,0.2499999999999999,18,1,na,"(38,)"
29_25_2,mp-1187073,Sr6,29,10-1,0.2499999999999999,24,1,na,"(38,)"
29_26,mp-1187073,Sr6,29,2-12,0.0555706874825646,36,0,na,"(38,)"
29_27,mp-1187073,Sr6,29,2-12,0.125,36,0,na,"(38,)"
29_28,mp-1187073,Sr6,29,102,0.0138914029283744,24,0,na,"(38,)"
29_29,mp-1187073,Sr6,29,102,0.1250000000000002,24,0,na,"(38,)"
29_30,mp-1187073,Sr6,29,10-2,0.027815583750252,24,0,na,"(38,)"
29_31,mp-1187073,Sr6,29,10-2,0.1249999999999999,24,0,na,"(38,)"
29_32,mp-1187073,Sr6,29,001,0.1666465066606867,6,0,na,"(38,)"
29_32_1,mp-1187073,Sr6,29,001,0.1666465066606867,12,1,na,"(38,)"
29_32_2,mp-1187073,Sr6,29,001,0.1666465066606867,18,1,na,"(38,)"
29_33,mp-1187073,Sr6,29,001,0.4999999999999999,6,0,na,"(38,)"
29_33_1,mp-1187073,Sr6,29,001,0.4999999999999999,12,1,na,"(38,)"
29_33_2,mp-1187073,Sr6,29,001,0.4999999999999999,18,1,na,"(38,)"
30_0,mp-49,Os2,30,111,0.0,16,0,na,"(76,)"
30_0_1,mp-49,Os2,30,111,0.0,18,1,na,"(76,)"
30_0_2,mp-49,Os2,30,111,0.0,20,1,na,"(76,)"
30_1,mp-49,Os2,30,221,0.0,32,0,na,"(76,)"
30_1_1,mp-49,Os2,30,221,0.0,36,1,na,"(76,)"
30_1_2,mp-49,Os2,30,221,0.0,40,1,na,"(76,)"
30_2,mp-49,Os2,30,110,0.5,16,0,na,"(76,)"
30_2_1,mp-49,Os2,30,110,0.5,18,1,na,"(76,)"
30_2_2,mp-49,Os2,30,110,0.5,20,1,na,"(76,)"
30_3,mp-49,Os2,30,212,2.220446049250313e-16,28,0,na,"(76,)"
30_3_1,mp-49,Os2,30,212,2.220446049250313e-16,32,1,na,"(76,)"
30_3_2,mp-49,Os2,30,212,2.220446049250313e-16,36,1,na,"(76,)"
30_4,mp-49,Os2,30,212,0.2500000000000003,28,0,na,"(76,)"
30_4_1,mp-49,Os2,30,212,0.2500000000000003,32,1,na,"(76,)"
30_4_2,mp-49,Os2,30,212,0.2500000000000003,36,1,na,"(76,)"
30_5,mp-49,Os2,30,211,2.220446049250313e-16,48,0,na,"(76,)"
30_6,mp-49,Os2,30,211,0.2500000000000002,48,0,na,"(76,)"
30_7,mp-49,Os2,30,210,0.0,24,0,na,"(76,)"
30_7_1,mp-49,Os2,30,210,0.0,28,1,na,"(76,)"
30_7_2,mp-49,Os2,30,210,0.0,32,1,na,"(76,)"
30_8,mp-49,Os2,30,210,0.2499999999999999,24,0,na,"(76,)"
30_8_1,mp-49,Os2,30,210,0.2499999999999999,28,1,na,"(76,)"
30_8_2,mp-49,Os2,30,210,0.2499999999999999,32,1,na,"(76,)"
30_9,mp-49,Os2,30,101,0.0,10,0,na,"(76,)"
30_9_1,mp-49,Os2,30,101,0.0,12,1,na,"(76,)"
30_9_2,mp-49,Os2,30,101,0.0,14,1,na,"(76,)"
30_10,mp-49,Os2,30,101,0.5,10,0,na,"(76,)"
30_10_1,mp-49,Os2,30,101,0.5,12,1,na,"(76,)"
30_10_2,mp-49,Os2,30,101,0.5,14,1,na,"(76,)"
30_11,mp-49,Os2,30,201,0.0,20,0,na,"(76,)"
30_11_1,mp-49,Os2,30,201,0.0,24,1,na,"(76,)"
30_11_2,mp-49,Os2,30,201,0.0,28,1,na,"(76,)"
30_12,mp-49,Os2,30,201,0.25,20,0,na,"(76,)"
30_12_1,mp-49,Os2,30,201,0.25,24,1,na,"(76,)"
30_12_2,mp-49,Os2,30,201,0.25,28,1,na,"(76,)"
30_13,mp-49,Os2,30,100,0.0,10,0,na,"(76,)"
30_13_1,mp-49,Os2,30,100,0.0,12,1,na,"(76,)"
30_13_2,mp-49,Os2,30,100,0.0,14,1,na,"(76,)"
30_14,mp-49,Os2,30,100,0.5,10,0,na,"(76,)"
30_14_1,mp-49,Os2,30,100,0.5,12,1,na,"(76,)"
30_14_2,mp-49,Os2,30,100,0.5,14,1,na,"(76,)"
30_15,mp-49,Os2,30,2-12,3.552713678800501e-15,20,0,na,"(76,)"
30_15_1,mp-49,Os2,30,2-12,3.552713678800501e-15,24,1,na,"(76,)"
30_15_2,mp-49,Os2,30,2-12,3.552713678800501e-15,28,1,na,"(76,)"
30_16,mp-49,Os2,30,102,0.0,16,0,na,"(76,)"
30_16_1,mp-49,Os2,30,102,0.0,20,1,na,"(76,)"
30_16_2,mp-49,Os2,30,102,0.0,24,1,na,"(76,)"
30_17,mp-49,Os2,30,102,0.25,16,0,na,"(76,)"
30_17_1,mp-49,Os2,30,102,0.25,20,1,na,"(76,)"
30_17_2,mp-49,Os2,30,102,0.25,24,1,na,"(76,)"
30_18,mp-49,Os2,30,001,0.0,6,0,na,"(76,)"
30_18_1,mp-49,Os2,30,001,0.0,8,1,na,"(76,)"
30_18_2,mp-49,Os2,30,001,0.0,10,1,na,"(76,)"
31_0,mp-101,Ir4,31,111,0.5,20,0,na,"(77,)"
31_0_1,mp-101,Ir4,31,111,0.5,24,1,na,"(77,)"
31_0_2,mp-101,Ir4,31,111,0.5,28,1,na,"(77,)"
31_1,mp-101,Ir4,31,221,0.125,32,0,na,"(77,)"
31_2,mp-101,Ir4,31,110,0.25,16,0,na,"(77,)"
31_2_1,mp-101,Ir4,31,110,0.25,20,1,na,"(77,)"
31_2_2,mp-101,Ir4,31,110,0.25,24,1,na,"(77,)"
31_3,mp-101,Ir4,31,211,0.125,64,0,na,"(77,)"
31_4,mp-101,Ir4,31,210,0.125,24,0,na,"(77,)"
31_5,mp-101,Ir4,31,100,0.2499999999999999,12,0,na,"(77,)"
31_5_1,mp-101,Ir4,31,100,0.2499999999999999,16,1,na,"(77,)"
31_5_2,mp-101,Ir4,31,100,0.2499999999999999,20,1,na,"(77,)"
32_0,mp-1056702,Mg4,32,111,0.5,16,0,na,"(12,)"
32_0_1,mp-1056702,Mg4,32,111,0.5,20,1,na,"(12,)"
32_0_2,mp-1056702,Mg4,32,111,0.5,24,1,na,"(12,)"
32_1,mp-1056702,Mg4,32,221,0.125,32,0,na,"(12,)"
32_2,mp-1056702,Mg4,32,110,0.25,16,0,na,"(12,)"
32_2_1,mp-1056702,Mg4,32,110,0.25,20,1,na,"(12,)"
32_2_2,mp-1056702,Mg4,32,110,0.25,24,1,na,"(12,)"
32_3,mp-1056702,Mg4,32,211,0.125,48,0,na,"(12,)"
32_4,mp-1056702,Mg4,32,210,0.125,24,0,na,"(12,)"
32_5,mp-1056702,Mg4,32,100,0.25,12,0,na,"(12,)"
32_5_1,mp-1056702,Mg4,32,100,0.25,16,1,na,"(12,)"
32_5_2,mp-1056702,Mg4,32,100,0.25,20,1,na,"(12,)"
33_0,mp-131,Zr2,33,111,0.0,14,0,na,"(40,)"
33_0_1,mp-131,Zr2,33,111,0.0,16,1,na,"(40,)"
33_0_2,mp-131,Zr2,33,111,0.0,18,1,na,"(40,)"
33_1,mp-131,Zr2,33,221,0.0,28,0,na,"(40,)"
33_1_1,mp-131,Zr2,33,221,0.0,32,1,na,"(40,)"
33_1_2,mp-131,Zr2,33,221,0.0,36,1,na,"(40,)"
33_2,mp-131,Zr2,33,110,0.5,14,0,na,"(40,)"
33_2_1,mp-131,Zr2,33,110,0.5,16,1,na,"(40,)"
33_2_2,mp-131,Zr2,33,110,0.5,18,1,na,"(40,)"
33_3,mp-131,Zr2,33,212,0.0,24,0,na,"(40,)"
33_3_1,mp-131,Zr2,33,212,0.0,28,1,na,"(40,)"
33_3_2,mp-131,Zr2,33,212,0.0,32,1,na,"(40,)"
33_4,mp-131,Zr2,33,212,0.2499999999999999,24,0,na,"(40,)"
33_4_1,mp-131,Zr2,33,212,0.2499999999999999,28,1,na,"(40,)"
33_4_2,mp-131,Zr2,33,212,0.2499999999999999,32,1,na,"(40,)"
33_5,mp-131,Zr2,33,211,0.0,40,0,na,"(40,)"
33_6,mp-131,Zr2,33,211,0.2499999999999999,40,0,na,"(40,)"
33_7,mp-131,Zr2,33,210,0.0,20,0,na,"(40,)"
33_7_1,mp-131,Zr2,33,210,0.0,24,1,na,"(40,)"
33_7_2,mp-131,Zr2,33,210,0.0,28,1,na,"(40,)"
33_8,mp-131,Zr2,33,210,0.2500000000000001,20,0,na,"(40,)"
33_8_1,mp-131,Zr2,33,210,0.2500000000000001,24,1,na,"(40,)"
33_8_2,mp-131,Zr2,33,210,0.2500000000000001,28,1,na,"(40,)"
33_9,mp-131,Zr2,33,101,0.0,10,0,na,"(40,)"
33_9_1,mp-131,Zr2,33,101,0.0,12,1,na,"(40,)"
33_9_2,mp-131,Zr2,33,101,0.0,14,1,na,"(40,)"
33_10,mp-131,Zr2,33,101,0.4999999999999999,10,0,na,"(40,)"
33_10_1,mp-131,Zr2,33,101,0.4999999999999999,12,1,na,"(40,)"
33_10_2,mp-131,Zr2,33,101,0.4999999999999999,14,1,na,"(40,)"
33_11,mp-131,Zr2,33,201,0.0,16,0,na,"(40,)"
33_11_1,mp-131,Zr2,33,201,0.0,20,1,na,"(40,)"
33_11_2,mp-131,Zr2,33,201,0.0,24,1,na,"(40,)"
33_12,mp-131,Zr2,33,201,0.2499999999999999,16,0,na,"(40,)"
33_12_1,mp-131,Zr2,33,201,0.2499999999999999,20,1,na,"(40,)"
33_12_2,mp-131,Zr2,33,201,0.2499999999999999,24,1,na,"(40,)"
33_13,mp-131,Zr2,33,100,0.0,8,0,na,"(40,)"
33_13_1,mp-131,Zr2,33,100,0.0,10,1,na,"(40,)"
33_13_2,mp-131,Zr2,33,100,0.0,12,1,na,"(40,)"
33_14,mp-131,Zr2,33,100,0.5,8,0,na,"(40,)"
33_14_1,mp-131,Zr2,33,100,0.5,10,1,na,"(40,)"
33_14_2,mp-131,Zr2,33,100,0.5,12,1,na,"(40,)"
33_15,mp-131,Zr2,33,2-12,3.552713678800501e-15,16,0,na,"(40,)"
33_15_1,mp-131,Zr2,33,2-12,3.552713678800501e-15,20,1,na,"(40,)"
33_15_2,mp-131,Zr2,33,2-12,3.552713678800501e-15,24,1,na,"(40,)"
33_16,mp-131,Zr2,33,102,0.0,12,0,na,"(40,)"
33_16_1,mp-131,Zr2,33,102,0.0,16,1,na,"(40,)"
33_16_2,mp-131,Zr2,33,102,0.0,20,1,na,"(40,)"
33_17,mp-131,Zr2,33,102,0.25,12,0,na,"(40,)"
33_17_1,mp-131,Zr2,33,102,0.25,16,1,na,"(40,)"
33_17_2,mp-131,Zr2,33,102,0.25,20,1,na,"(40,)"
33_18,mp-131,Zr2,33,001,0.0,4,0,na,"(40,)"
33_18_1,mp-131,Zr2,33,001,0.0,6,1,na,"(40,)"
33_18_2,mp-131,Zr2,33,001,0.0,8,1,na,"(40,)"
34_0,mp-87,Be2,34,111,0.0,20,0,na,"(4,)"
34_0_1,mp-87,Be2,34,111,0.0,22,1,na,"(4,)"
34_0_2,mp-87,Be2,34,111,0.0,24,1,na,"(4,)"
34_1,mp-87,Be2,34,221,0.0,36,0,na,"(4,)"
34_1_1,mp-87,Be2,34,221,0.0,40,1,na,"(4,)"
34_1_2,mp-87,Be2,34,221,0.0,44,1,na,"(4,)"
34_2,mp-87,Be2,34,110,0.5,18,0,na,"(4,)"
34_2_1,mp-87,Be2,34,110,0.5,20,1,na,"(4,)"
34_2_2,mp-87,Be2,34,110,0.5,22,1,na,"(4,)"
34_3,mp-87,Be2,34,212,2.220446049250313e-16,32,0,na,"(4,)"
34_3_1,mp-87,Be2,34,212,2.220446049250313e-16,36,1,na,"(4,)"
34_3_2,mp-87,Be2,34,212,2.220446049250313e-16,40,1,na,"(4,)"
34_4,mp-87,Be2,34,212,0.2500000000000002,32,0,na,"(4,)"
34_4_1,mp-87,Be2,34,212,0.2500000000000002,36,1,na,"(4,)"
34_4_2,mp-87,Be2,34,212,0.2500000000000002,40,1,na,"(4,)"
34_5,mp-87,Be2,34,211,2.220446049250313e-16,56,0,na,"(4,)"
34_6,mp-87,Be2,34,211,0.2500000000000002,56,0,na,"(4,)"
34_7,mp-87,Be2,34,210,0.0,28,0,na,"(4,)"
34_7_1,mp-87,Be2,34,210,0.0,32,1,na,"(4,)"
34_7_2,mp-87,Be2,34,210,0.0,36,1,na,"(4,)"
34_8,mp-87,Be2,34,210,0.2499999999999999,28,0,na,"(4,)"
34_8_1,mp-87,Be2,34,210,0.2499999999999999,32,1,na,"(4,)"
34_8_2,mp-87,Be2,34,210,0.2499999999999999,36,1,na,"(4,)"
34_9,mp-87,Be2,34,101,0.0,12,0,na,"(4,)"
34_9_1,mp-87,Be2,34,101,0.0,14,1,na,"(4,)"
34_9_2,mp-87,Be2,34,101,0.0,16,1,na,"(4,)"
34_10,mp-87,Be2,34,101,0.5,12,0,na,"(4,)"
34_10_1,mp-87,Be2,34,101,0.5,14,1,na,"(4,)"
34_10_2,mp-87,Be2,34,101,0.5,16,1,na,"(4,)"
34_11,mp-87,Be2,34,201,0.0,24,0,na,"(4,)"
34_11_1,mp-87,Be2,34,201,0.0,28,1,na,"(4,)"
34_11_2,mp-87,Be2,34,201,0.0,32,1,na,"(4,)"
34_12,mp-87,Be2,34,201,0.25,24,0,na,"(4,)"
34_12_1,mp-87,Be2,34,201,0.25,28,1,na,"(4,)"
34_12_2,mp-87,Be2,34,201,0.25,32,1,na,"(4,)"
34_13,mp-87,Be2,34,100,0.0,12,0,na,"(4,)"
34_13_1,mp-87,Be2,34,100,0.0,14,1,na,"(4,)"
34_13_2,mp-87,Be2,34,100,0.0,16,1,na,"(4,)"
34_14,mp-87,Be2,34,100,0.5,12,0,na,"(4,)"
34_14_1,mp-87,Be2,34,100,0.5,14,1,na,"(4,)"
34_14_2,mp-87,Be2,34,100,0.5,16,1,na,"(4,)"
34_15,mp-87,Be2,34,2-12,3.552713678800501e-15,24,0,na,"(4,)"
34_15_1,mp-87,Be2,34,2-12,3.552713678800501e-15,28,1,na,"(4,)"
34_15_2,mp-87,Be2,34,2-12,3.552713678800501e-15,32,1,na,"(4,)"
34_16,mp-87,Be2,34,102,0.0,16,0,na,"(4,)"
34_16_1,mp-87,Be2,34,102,0.0,20,1,na,"(4,)"
34_16_2,mp-87,Be2,34,102,0.0,24,1,na,"(4,)"
34_17,mp-87,Be2,34,102,0.25,16,0,na,"(4,)"
34_17_1,mp-87,Be2,34,102,0.25,20,1,na,"(4,)"
34_17_2,mp-87,Be2,34,102,0.25,24,1,na,"(4,)"
34_18,mp-87,Be2,34,001,0.0,6,0,na,"(4,)"
34_18_1,mp-87,Be2,34,001,0.0,8,1,na,"(4,)"
34_18_2,mp-87,Be2,34,001,0.0,10,1,na,"(4,)"
35_0,mp-74,Rh4,35,111,0.5000000000000002,20,0,na,"(45,)"
35_0_1,mp-74,Rh4,35,111,0.5000000000000002,24,1,na,"(45,)"
35_0_2,mp-74,Rh4,35,111,0.5000000000000002,28,1,na,"(45,)"
35_1,mp-74,Rh4,35,221,0.1250000000000002,32,0,na,"(45,)"
35_2,mp-74,Rh4,35,110,0.25,16,0,na,"(45,)"
35_2_1,mp-74,Rh4,35,110,0.25,20,1,na,"(45,)"
35_2_2,mp-74,Rh4,35,110,0.25,24,1,na,"(45,)"
35_3,mp-74,Rh4,35,211,0.1250000000000002,64,0,na,"(45,)"
35_4,mp-74,Rh4,35,210,0.1249999999999999,24,0,na,"(45,)"
35_5,mp-74,Rh4,35,100,0.25,12,0,na,"(45,)"
35_5_1,mp-74,Rh4,35,100,0.25,16,1,na,"(45,)"
35_5_2,mp-74,Rh4,35,100,0.25,20,1,na,"(45,)"
36_0,mp-54,Co2,36,111,0.0,18,0,na,"(27,)"
36_0_1,mp-54,Co2,36,111,0.0,20,1,na,"(27,)"
36_0_2,mp-54,Co2,36,111,0.0,22,1,na,"(27,)"
36_1,mp-54,Co2,36,221,0.0,36,0,na,"(27,)"
36_1_1,mp-54,Co2,36,221,0.0,40,1,na,"(27,)"
36_1_2,mp-54,Co2,36,221,0.0,44,1,na,"(27,)"
36_2,mp-54,Co2,36,110,0.5,18,0,na,"(27,)"
36_2_1,mp-54,Co2,36,110,0.5,20,1,na,"(27,)"
36_2_2,mp-54,Co2,36,110,0.5,22,1,na,"(27,)"
36_3,mp-54,Co2,36,212,0.0,28,0,na,"(27,)"
36_3_1,mp-54,Co2,36,212,0.0,32,1,na,"(27,)"
36_3_2,mp-54,Co2,36,212,0.0,36,1,na,"(27,)"
36_4,mp-54,Co2,36,212,0.25,28,0,na,"(27,)"
36_4_1,mp-54,Co2,36,212,0.25,32,1,na,"(27,)"
36_4_2,mp-54,Co2,36,212,0.25,36,1,na,"(27,)"
36_5,mp-54,Co2,36,211,0.0,56,0,na,"(27,)"
36_6,mp-54,Co2,36,211,0.25,56,0,na,"(27,)"
36_7,mp-54,Co2,36,210,0.0,28,0,na,"(27,)"
36_7_1,mp-54,Co2,36,210,0.0,32,1,na,"(27,)"
36_7_2,mp-54,Co2,36,210,0.0,36,1,na,"(27,)"
36_8,mp-54,Co2,36,210,0.25,28,0,na,"(27,)"
36_8_1,mp-54,Co2,36,210,0.25,32,1,na,"(27,)"
36_8_2,mp-54,Co2,36,210,0.25,36,1,na,"(27,)"
36_9,mp-54,Co2,36,101,0.0,12,0,na,"(27,)"
36_9_1,mp-54,Co2,36,101,0.0,14,1,na,"(27,)"
36_9_2,mp-54,Co2,36,101,0.0,16,1,na,"(27,)"
36_10,mp-54,Co2,36,101,0.5,12,0,na,"(27,)"
36_10_1,mp-54,Co2,36,101,0.5,14,1,na,"(27,)"
36_10_2,mp-54,Co2,36,101,0.5,16,1,na,"(27,)"
36_11,mp-54,Co2,36,201,0.0,20,0,na,"(27,)"
36_11_1,mp-54,Co2,36,201,0.0,24,1,na,"(27,)"
36_11_2,mp-54,Co2,36,201,0.0,28,1,na,"(27,)"
36_12,mp-54,Co2,36,201,0.25,20,0,na,"(27,)"
36_12_1,mp-54,Co2,36,201,0.25,24,1,na,"(27,)"
36_12_2,mp-54,Co2,36,201,0.25,28,1,na,"(27,)"
36_13,mp-54,Co2,36,100,0.0,10,0,na,"(27,)"
36_13_1,mp-54,Co2,36,100,0.0,12,1,na,"(27,)"
36_13_2,mp-54,Co2,36,100,0.0,14,1,na,"(27,)"
36_14,mp-54,Co2,36,100,0.5,10,0,na,"(27,)"
36_14_1,mp-54,Co2,36,100,0.5,12,1,na,"(27,)"
36_14_2,mp-54,Co2,36,100,0.5,14,1,na,"(27,)"
36_15,mp-54,Co2,36,2-12,3.552713678800501e-15,20,0,na,"(27,)"
36_15_1,mp-54,Co2,36,2-12,3.552713678800501e-15,24,1,na,"(27,)"
36_15_2,mp-54,Co2,36,2-12,3.552713678800501e-15,28,1,na,"(27,)"
36_16,mp-54,Co2,36,102,0.0,16,0,na,"(27,)"
36_16_1,mp-54,Co2,36,102,0.0,20,1,na,"(27,)"
36_16_2,mp-54,Co2,36,102,0.0,24,1,na,"(27,)"
36_17,mp-54,Co2,36,102,0.25,16,0,na,"(27,)"
36_17_1,mp-54,Co2,36,102,0.25,20,1,na,"(27,)"
36_17_2,mp-54,Co2,36,102,0.25,24,1,na,"(27,)"
36_18,mp-54,Co2,36,001,0.0,6,0,na,"(27,)"
36_18_1,mp-54,Co2,36,001,0.0,8,1,na,"(27,)"
36_18_2,mp-54,Co2,36,001,0.0,10,1,na,"(27,)"
37_0,mp-32,Ge8,37,111,0.375,32,0,na,"(32,)"
37_1,mp-32,Ge8,37,111,0.875,32,0,na,"(32,)"
37_2,mp-32,Ge8,37,221,0.0625,48,0,na,"(32,)"
37_3,mp-32,Ge8,37,221,0.1875,48,0,na,"(32,)"
37_4,mp-32,Ge8,37,110,0.25,24,0,na,"(32,)"
37_5,mp-32,Ge8,37,211,0.125,96,0,na,"(32,)"
37_6,mp-32,Ge8,37,210,0.0625,32,0,na,"(32,)"
37_7,mp-32,Ge8,37,100,0.125,16,0,na,"(32,)"
38_0,mp-8,Re2,38,111,0.0,16,0,na,"(75,)"
38_0_1,mp-8,Re2,38,111,0.0,18,1,na,"(75,)"
38_0_2,mp-8,Re2,38,111,0.0,20,1,na,"(75,)"
38_1,mp-8,Re2,38,221,0.0,32,0,na,"(75,)"
38_1_1,mp-8,Re2,38,221,0.0,36,1,na,"(75,)"
38_1_2,mp-8,Re2,38,221,0.0,40,1,na,"(75,)"
38_2,mp-8,Re2,38,110,0.5,16,0,na,"(75,)"
38_2_1,mp-8,Re2,38,110,0.5,18,1,na,"(75,)"
38_2_2,mp-8,Re2,38,110,0.5,20,1,na,"(75,)"
38_3,mp-8,Re2,38,212,0.0,24,0,na,"(75,)"
38_3_1,mp-8,Re2,38,212,0.0,28,1,na,"(75,)"
38_3_2,mp-8,Re2,38,212,0.0,32,1,na,"(75,)"
38_4,mp-8,Re2,38,212,0.25,24,0,na,"(75,)"
38_4_1,mp-8,Re2,38,212,0.25,28,1,na,"(75,)"
38_4_2,mp-8,Re2,38,212,0.25,32,1,na,"(75,)"
38_5,mp-8,Re2,38,211,0.0,48,0,na,"(75,)"
38_6,mp-8,Re2,38,211,0.25,48,0,na,"(75,)"
38_7,mp-8,Re2,38,210,0.0,24,0,na,"(75,)"
38_7_1,mp-8,Re2,38,210,0.0,28,1,na,"(75,)"
38_7_2,mp-8,Re2,38,210,0.0,32,1,na,"(75,)"
38_8,mp-8,Re2,38,210,0.25,24,0,na,"(75,)"
38_8_1,mp-8,Re2,38,210,0.25,28,1,na,"(75,)"
38_8_2,mp-8,Re2,38,210,0.25,32,1,na,"(75,)"
38_9,mp-8,Re2,38,101,0.0,10,0,na,"(75,)"
38_9_1,mp-8,Re2,38,101,0.0,12,1,na,"(75,)"
38_9_2,mp-8,Re2,38,101,0.0,14,1,na,"(75,)"
38_10,mp-8,Re2,38,101,0.5,10,0,na,"(75,)"
38_10_1,mp-8,Re2,38,101,0.5,12,1,na,"(75,)"
38_10_2,mp-8,Re2,38,101,0.5,14,1,na,"(75,)"
38_11,mp-8,Re2,38,201,0.0,20,0,na,"(75,)"
38_11_1,mp-8,Re2,38,201,0.0,24,1,na,"(75,)"
38_11_2,mp-8,Re2,38,201,0.0,28,1,na,"(75,)"
38_12,mp-8,Re2,38,201,0.25,20,0,na,"(75,)"
38_12_1,mp-8,Re2,38,201,0.25,24,1,na,"(75,)"
38_12_2,mp-8,Re2,38,201,0.25,28,1,na,"(75,)"
38_13,mp-8,Re2,38,100,0.0,10,0,na,"(75,)"
38_13_1,mp-8,Re2,38,100,0.0,12,1,na,"(75,)"
38_13_2,mp-8,Re2,38,100,0.0,14,1,na,"(75,)"
38_14,mp-8,Re2,38,100,0.5,10,0,na,"(75,)"
38_14_1,mp-8,Re2,38,100,0.5,12,1,na,"(75,)"
38_14_2,mp-8,Re2,38,100,0.5,14,1,na,"(75,)"
38_15,mp-8,Re2,38,2-12,3.552713678800501e-15,20,0,na,"(75,)"
38_15_1,mp-8,Re2,38,2-12,3.552713678800501e-15,24,1,na,"(75,)"
38_15_2,mp-8,Re2,38,2-12,3.552713678800501e-15,28,1,na,"(75,)"
38_16,mp-8,Re2,38,102,0.0,16,0,na,"(75,)"
38_16_1,mp-8,Re2,38,102,0.0,20,1,na,"(75,)"
38_16_2,mp-8,Re2,38,102,0.0,24,1,na,"(75,)"
38_17,mp-8,Re2,38,102,0.25,16,0,na,"(75,)"
38_17_1,mp-8,Re2,38,102,0.25,20,1,na,"(75,)"
38_17_2,mp-8,Re2,38,102,0.25,24,1,na,"(75,)"
38_18,mp-8,Re2,38,001,0.0,6,0,na,"(75,)"
38_18_1,mp-8,Re2,38,001,0.0,8,1,na,"(75,)"
38_18_2,mp-8,Re2,38,001,0.0,10,1,na,"(75,)"
39_0,mp-1018134,Li9,39,111,0.055263409340359,63,0,na,"(3,)"
39_1,mp-1018134,Li9,39,111,0.1666666666666643,63,0,na,"(3,)"
39_2,mp-1018134,Li9,39,221,0.3333333333333321,126,0,na,"(3,)"
39_3,mp-1018134,Li9,39,110,0.5,63,0,na,"(3,)"
39_4,mp-1018134,Li9,39,212,0.0280699239929749,90,0,na,"(3,)"
39_5,mp-1018134,Li9,39,212,0.0833333333333357,90,0,na,"(3,)"
39_6,mp-1018134,Li9,39,211,0.0557016286631544,180,0,na,"(3,)"
39_7,mp-1018134,Li9,39,211,0.2500000000000018,180,0,na,"(3,)"
39_8,mp-1018134,Li9,39,210,0.0833333333333339,90,0,na,"(3,)"
39_9,mp-1018134,Li9,39,21-1,0.0276317046701795,180,0,na,"(3,)"
39_10,mp-1018134,Li9,39,21-1,0.0833333333333321,180,0,na,"(3,)"
39_11,mp-1018134,Li9,39,21-2,0.1114032573263053,90,0,na,"(3,)"
39_12,mp-1018134,Li9,39,21-2,0.2500000000000017,90,0,na,"(3,)"
39_13,mp-1018134,Li9,39,101,0.1114032573263088,36,0,na,"(3,)"
39_14,mp-1018134,Li9,39,101,0.5000000000000036,36,0,na,"(3,)"
39_15,mp-1018134,Li9,39,201,0.0276317046701812,72,0,na,"(3,)"
39_16,mp-1018134,Li9,39,201,0.0833333333333339,72,0,na,"(3,)"
39_17,mp-1018134,Li9,39,100,0.1666666666666678,36,0,na,"(3,)"
39_18,mp-1018134,Li9,39,20-1,0.0557016286631544,72,0,na,"(3,)"
39_19,mp-1018134,Li9,39,20-1,0.25,72,0,na,"(3,)"
39_20,mp-1018134,Li9,39,10-1,0.055263409340359,36,0,na,"(3,)"
39_21,mp-1018134,Li9,39,10-1,0.1666666666666643,36,0,na,"(3,)"
39_22,mp-1018134,Li9,39,2-12,0.0280699239929713,72,0,na,"(3,)"
39_23,mp-1018134,Li9,39,2-12,0.0833333333333285,72,0,na,"(3,)"
39_24,mp-1018134,Li9,39,102,0.0561398479859498,36,0,na,"(3,)"
39_25,mp-1018134,Li9,39,102,0.1666666666666714,36,0,na,"(3,)"
39_26,mp-1018134,Li9,39,10-2,0.2228065146526141,36,0,na,"(3,)"
39_27,mp-1018134,Li9,39,10-2,0.4999999999999964,36,0,na,"(3,)"
39_28,mp-1018134,Li9,39,001,0.055263409340359,9,0,na,"(3,)"
39_29,mp-1018134,Li9,39,001,0.1666666666666643,9,0,na,"(3,)"
40_0,mp-1184502,In9,40,111,0.0556849006506929,54,0,na,"(49,)"
40_1,mp-1184502,In9,40,111,0.1666666666666607,54,0,na,"(49,)"
40_2,mp-1184502,In9,40,221,0.4443150993493105,108,0,na,"(49,)"
40_3,mp-1184502,In9,40,110,0.4999999999999998,54,0,na,"(49,)"
40_4,mp-1184502,In9,40,212,0.0276484326826442,90,0,na,"(49,)"
40_5,mp-1184502,In9,40,212,0.0833333333333602,90,0,na,"(49,)"
40_6,mp-1184502,In9,40,211,0.0554908830079892,180,0,na,"(49,)"
40_7,mp-1184502,In9,40,211,0.2500000000000018,180,0,na,"(49,)"
40_8,mp-1184502,In9,40,210,0.0833333333333339,90,0,na,"(49,)"
40_9,mp-1184502,In9,40,21-1,0.0278424503253571,180,0,na,"(49,)"
40_10,mp-1184502,In9,40,21-1,0.0833333333333409,180,0,na,"(49,)"
40_11,mp-1184502,In9,40,21-2,0.110981766015975,90,0,na,"(49,)"
40_12,mp-1184502,In9,40,21-2,0.2500000000000018,90,0,na,"(49,)"
40_13,mp-1184502,In9,40,101,0.1109817660159785,36,0,na,"(49,)"
40_14,mp-1184502,In9,40,101,0.5000000000000038,36,0,na,"(49,)"
40_15,mp-1184502,In9,40,201,0.027842450325359,72,0,na,"(49,)"
40_16,mp-1184502,In9,40,201,0.0833333333333429,72,0,na,"(49,)"
40_17,mp-1184502,In9,40,100,0.1666666666666679,36,0,na,"(49,)"
40_18,mp-1184502,In9,40,20-1,0.0554908830079892,72,0,na,"(49,)"
40_19,mp-1184502,In9,40,20-1,0.2500000000000001,72,0,na,"(49,)"
40_20,mp-1184502,In9,40,10-1,0.0556849006506893,36,0,na,"(49,)"
40_21,mp-1184502,In9,40,10-1,0.1666666666666642,36,0,na,"(49,)"
40_22,mp-1184502,In9,40,2-12,0.027648432682616,54,0,na,"(49,)"
40_23,mp-1184502,In9,40,2-12,0.0833333333333036,54,0,na,"(49,)"
40_24,mp-1184502,In9,40,102,0.0552968653652892,36,0,na,"(49,)"
40_25,mp-1184502,In9,40,102,0.1666666666667214,36,0,na,"(49,)"
40_26,mp-1184502,In9,40,10-2,0.2219635320319533,36,0,na,"(49,)"
40_27,mp-1184502,In9,40,10-2,0.4999999999999964,36,0,na,"(49,)"
40_28,mp-1184502,In9,40,001,0.055684900650693,9,0,na,"(49,)"
40_29,mp-1184502,In9,40,001,0.1666666666666607,9,0,na,"(49,)"
41_0,mp-122,Ba4,41,111,0.9980149972292408,12,0,na,"(56,)"
41_0_1,mp-122,Ba4,41,111,0.9980149972292408,16,1,na,"(56,)"
41_0_2,mp-122,Ba4,41,111,0.9980149972292408,20,1,na,"(56,)"
41_1,mp-122,Ba4,41,221,0.0,24,0,na,"(56,)"
41_2,mp-122,Ba4,41,110,0.0,12,0,na,"(56,)"
41_2_1,mp-122,Ba4,41,110,0.0,16,1,na,"(56,)"
41_2_2,mp-122,Ba4,41,110,0.0,20,1,na,"(56,)"
41_3,mp-122,Ba4,41,211,0.0,48,0,na,"(56,)"
41_4,mp-122,Ba4,41,210,0.1269850027707591,24,0,na,"(56,)"
41_5,mp-122,Ba4,41,100,0.0,8,0,na,"(56,)"
41_5_1,mp-122,Ba4,41,100,0.0,12,1,na,"(56,)"
41_5_2,mp-122,Ba4,41,100,0.0,16,1,na,"(56,)"
41_6,mp-122,Ba4,41,122,2.220446049250313e-16,24,0,na,"(56,)"
41_7,mp-122,Ba4,41,121,0.1240074986146206,16,0,na,"(56,)"
41_8,mp-122,Ba4,41,120,0.0,16,0,na,"(56,)"
41_9,mp-122,Ba4,41,011,0.0,8,0,na,"(56,)"
41_9_1,mp-122,Ba4,41,011,0.0,12,1,na,"(56,)"
41_9_2,mp-122,Ba4,41,011,0.0,16,1,na,"(56,)"
41_10,mp-122,Ba4,41,021,0.0,16,0,na,"(56,)"
41_11,mp-122,Ba4,41,010,0.25,8,0,na,"(56,)"
41_11_1,mp-122,Ba4,41,010,0.25,12,1,na,"(56,)"
41_11_2,mp-122,Ba4,41,010,0.25,16,1,na,"(56,)"
42_0,mp-79,Zn2,42,111,0.4999999999999999,16,0,na,"(30,)"
42_0_1,mp-79,Zn2,42,111,0.4999999999999999,18,1,na,"(30,)"
42_0_2,mp-79,Zn2,42,111,0.4999999999999999,20,1,na,"(30,)"
42_1,mp-79,Zn2,42,221,0.2499999999999999,32,0,na,"(30,)"
42_1_1,mp-79,Zn2,42,221,0.2499999999999999,36,1,na,"(30,)"
42_1_2,mp-79,Zn2,42,221,0.2499999999999999,40,1,na,"(30,)"
42_2,mp-79,Zn2,42,110,0.5,16,0,na,"(30,)"
42_2_1,mp-79,Zn2,42,110,0.5,18,1,na,"(30,)"
42_2_2,mp-79,Zn2,42,110,0.5,20,1,na,"(30,)"
42_3,mp-79,Zn2,42,212,0.0,28,0,na,"(30,)"
42_3_1,mp-79,Zn2,42,212,0.0,32,1,na,"(30,)"
42_3_2,mp-79,Zn2,42,212,0.0,36,1,na,"(30,)"
42_4,mp-79,Zn2,42,212,0.25,28,0,na,"(30,)"
42_4_1,mp-79,Zn2,42,212,0.25,32,1,na,"(30,)"
42_4_2,mp-79,Zn2,42,212,0.25,36,1,na,"(30,)"
42_5,mp-79,Zn2,42,211,0.0,48,0,na,"(30,)"
42_6,mp-79,Zn2,42,211,0.25,48,0,na,"(30,)"
42_7,mp-79,Zn2,42,210,0.0,24,0,na,"(30,)"
42_7_1,mp-79,Zn2,42,210,0.0,28,1,na,"(30,)"
42_7_2,mp-79,Zn2,42,210,0.0,32,1,na,"(30,)"
42_8,mp-79,Zn2,42,210,0.2499999999999999,24,0,na,"(30,)"
42_8_1,mp-79,Zn2,42,210,0.2499999999999999,28,1,na,"(30,)"
42_8_2,mp-79,Zn2,42,210,0.2499999999999999,32,1,na,"(30,)"
42_9,mp-79,Zn2,42,101,0.4999999999999999,10,0,na,"(30,)"
42_9_1,mp-79,Zn2,42,101,0.4999999999999999,12,1,na,"(30,)"
42_9_2,mp-79,Zn2,42,101,0.4999999999999999,14,1,na,"(30,)"
42_10,mp-79,Zn2,42,101,1.0,10,0,na,"(30,)"
42_10_1,mp-79,Zn2,42,101,1.0,12,1,na,"(30,)"
42_10_2,mp-79,Zn2,42,101,1.0,14,1,na,"(30,)"
42_11,mp-79,Zn2,42,201,0.2499999999999999,20,0,na,"(30,)"
42_11_1,mp-79,Zn2,42,201,0.2499999999999999,24,1,na,"(30,)"
42_11_2,mp-79,Zn2,42,201,0.2499999999999999,28,1,na,"(30,)"
42_12,mp-79,Zn2,42,201,0.4999999999999999,20,0,na,"(30,)"
42_12_1,mp-79,Zn2,42,201,0.4999999999999999,24,1,na,"(30,)"
42_12_2,mp-79,Zn2,42,201,0.4999999999999999,28,1,na,"(30,)"
42_13,mp-79,Zn2,42,100,0.0,10,0,na,"(30,)"
42_13_1,mp-79,Zn2,42,100,0.0,12,1,na,"(30,)"
42_13_2,mp-79,Zn2,42,100,0.0,14,1,na,"(30,)"
42_14,mp-79,Zn2,42,100,0.4999999999999999,10,0,na,"(30,)"
42_14_1,mp-79,Zn2,42,100,0.4999999999999999,12,1,na,"(30,)"
42_14_2,mp-79,Zn2,42,100,0.4999999999999999,14,1,na,"(30,)"
42_15,mp-79,Zn2,42,2-12,3.552713678800501e-15,20,0,na,"(30,)"
42_15_1,mp-79,Zn2,42,2-12,3.552713678800501e-15,24,1,na,"(30,)"
42_15_2,mp-79,Zn2,42,2-12,3.552713678800501e-15,28,1,na,"(30,)"
42_16,mp-79,Zn2,42,102,0.2499999999999999,12,0,na,"(30,)"
42_16_1,mp-79,Zn2,42,102,0.2499999999999999,16,1,na,"(30,)"
42_16_2,mp-79,Zn2,42,102,0.2499999999999999,20,1,na,"(30,)"
42_17,mp-79,Zn2,42,102,0.5,12,0,na,"(30,)"
42_17_1,mp-79,Zn2,42,102,0.5,16,1,na,"(30,)"
42_17_2,mp-79,Zn2,42,102,0.5,20,1,na,"(30,)"
42_18,mp-79,Zn2,42,001,0.0,6,0,na,"(30,)"
42_18_1,mp-79,Zn2,42,001,0.0,8,1,na,"(30,)"
42_18_2,mp-79,Zn2,42,001,0.0,10,1,na,"(30,)"
43_0,mp-134,Al4,43,111,0.5,20,0,na,"(13,)"
43_0_1,mp-134,Al4,43,111,0.5,24,1,na,"(13,)"
43_0_2,mp-134,Al4,43,111,0.5,28,1,na,"(13,)"
43_1,mp-134,Al4,43,221,0.125,32,0,na,"(13,)"
43_2,mp-134,Al4,43,110,0.25,16,0,na,"(13,)"
43_2_1,mp-134,Al4,43,110,0.25,20,1,na,"(13,)"
43_2_2,mp-134,Al4,43,110,0.25,24,1,na,"(13,)"
43_3,mp-134,Al4,43,211,0.1250000000000002,64,0,na,"(13,)"
43_4,mp-134,Al4,43,210,0.1249999999999999,24,0,na,"(13,)"
43_5,mp-134,Al4,43,100,0.25,12,0,na,"(13,)"
43_5_1,mp-134,Al4,43,100,0.25,16,1,na,"(13,)"
43_5_2,mp-134,Al4,43,100,0.25,20,1,na,"(13,)"
44_0,mp-126,Pt4,44,111,0.5,20,0,na,"(78,)"
44_0_1,mp-126,Pt4,44,111,0.5,24,1,na,"(78,)"
44_0_2,mp-126,Pt4,44,111,0.5,28,1,na,"(78,)"
44_1,mp-126,Pt4,44,221,0.125,32,0,na,"(78,)"
44_2,mp-126,Pt4,44,110,0.25,16,0,na,"(78,)"
44_2_1,mp-126,Pt4,44,110,0.25,20,1,na,"(78,)"
44_2_2,mp-126,Pt4,44,110,0.25,24,1,na,"(78,)"
44_3,mp-126,Pt4,44,211,0.125,64,0,na,"(78,)"
44_4,mp-126,Pt4,44,210,0.125,24,0,na,"(78,)"
44_5,mp-126,Pt4,44,100,0.25,12,0,na,"(78,)"
44_5_1,mp-126,Pt4,44,100,0.25,16,1,na,"(78,)"
44_5_2,mp-126,Pt4,44,100,0.25,20,1,na,"(78,)"
