slab_id,formula,miller_index,shift,num_atom
104_0,Ti1 Al1,111,0.25,12
104_1,Ti1 Al1,110,0.5,12
104_2,Ti1 Al1,101,0.5,10
104_3,Ti1 Al1,100,0.25,8
104_4,Ti1 Al1,001,0.24999999999999997,6
104_5,Ti1 Al1,221,0.125,24
104_6,Ti1 Al1,212,0.125,20
104_7,Ti1 Al1,211,0.24999999999999997,40
104_8,Ti1 Al1,210,0.125,16
104_9,Ti1 Al1,201,0.125,16
104_10,Ti1 Al1,112,0.25,16
104_11,Ti1 Al1,102,0.125,16
105_0,Ti4 Zn2,111,0.08221668583094544,30
105_1,Ti4 Zn2,111,0.25,30
105_2,Ti4 Zn2,110,0.5,30
105_3,Ti4 Zn2,101,0.16778331416905456,24
105_4,Ti4 Zn2,101,0.5,24
105_5,Ti4 Zn2,100,0.24999999999999997,24
105_6,Ti4 Zn2,001,0.08221668583094545,6
105_7,Ti4 Zn2,001,0.25,6
105_8,Ti4 Zn2,221,0.04110834291547272,60
105_9,Ti4 Zn2,221,0.125,60
105_10,Ti4 Zn2,212,0.042783314169054565,48
105_11,Ti4 Zn2,212,0.125,48
105_12,Ti4 Zn2,211,0.08389165708452728,96
105_13,Ti4 Zn2,211,0.25,96
105_14,Ti4 Zn2,210,0.12500000000000006,48
105_15,Ti4 Zn2,201,0.04110834291547283,48
105_16,Ti4 Zn2,201,0.1250000000000001,48
105_17,Ti4 Zn2,112,0.16443337166189098,36
105_18,Ti4 Zn2,112,0.5000000000000001,36
105_19,Ti4 Zn2,102,0.08556662833810913,24
105_20,Ti4 Zn2,102,0.2500000000000001,24
101_0,V1 Ru1,111,0.25,12
101_1,V1 Ru1,110,0.5,10
101_2,V1 Ru1,100,0.25,8
101_3,V1 Ru1,221,0.125,20
101_4,V1 Ru1,211,0.25,40
101_5,V1 Ru1,210,0.125,16
102_0,Zr6 Pb2,111,0.125,32
102_1,Zr6 Pb2,110,0.25,32
102_2,Zr6 Pb2,101,0.125,24
102_3,Zr6 Pb2,101,0.375,24
102_4,Zr6 Pb2,100,0.25,24
102_5,Zr6 Pb2,001,0.12499999999999999,16
102_6,Zr6 Pb2,221,0.0625,64
102_7,Zr6 Pb2,212,0.125,48
102_8,Zr6 Pb2,211,0.0625,96
102_9,Zr6 Pb2,211,0.1875,96
102_10,Zr6 Pb2,210,0.125,48
102_11,Zr6 Pb2,201,0.0625,48
102_12,Zr6 Pb2,112,0.5,32
102_13,Zr6 Pb2,102,0.25,32
103_0,In8 Au4,111,0.125,36
103_1,In8 Au4,111,0.5,36
103_2,In8 Au4,110,0.25000000000000006,36
103_3,In8 Au4,100,0.12499999999999999,24
103_4,In8 Au4,221,0.0625,72
103_5,In8 Au4,211,0.125,96
103_6,In8 Au4,210,0.0625,48
