,0,1,2,3,4,5,6,7,8,9,10,11
0,2618,slab,-57.03610381,73.508,True,"[4.89196554, 0.0, 0.0, 0.0, 4.89196554, 0.0, 0.0, 0.0, 4.89196554]",8,0.0,local,mp-1025397,GeRu,2
1,2619,slab,-55.3699088,47.566,True,"[1.61652392, -2.79990156, 0.0, 1.61652392, 2.79990156, 0.0, 0.0, 0.0, 23.32954048]",9,5.02e-05,local,mp-1061732,MgZr2,2
2,2620,slab,-54.77227449,318.133,True,"[4.1180607, 0.0, 0.0, 0.0, 12.71922293, 0.0, 0.0, 0.0, 4.15026596]",12,8.33e-09,local,mp-11413,ScGa2,2
3,2621,slab,-57.15554146,320.49,True,"[0.0, 4.60974612, 0.00717886, 4.59540179, 0.0, 0.0, 0.0, -2.37670239, -5.08869661]",8,0.0,local,mp-2287,SiRh,2
4,2622,slab,-19.47774221,50.105,True,"[2.07023999, -3.58576084, 0.0, 2.07023999, 3.58576084, -0.0, -0.0, -0.0, 5.06043214]",5,0.0,local,mp-10886,Al3Cu2,2
5,2623,slab,-17.98476567,67.327,True,"[2.0161938, -3.4921501, 0.0, 2.0161938, 3.4921501, 0.0, 0.0, -0.0, 5.28100855]",4,0.0,local,mp-203,NiTe,2
6,2624,slab,-19.79007291,30.905,True,"[3.17002359, 0.0, 0.0, 0.0, 3.17002359, 0.0, -0.0, -0.0, 3.17002359]",2,1.41e-05,local,mp-11516,NbRu,2
7,2625,slab,-14.21837248,13.986,True,"[4.08869929, 0.0, 0.0, 0.0, 4.08869929, 0.0, 0.0, 0.0, 4.08869929]",4,0.0,local,mp-12065,Ag3Pt,2
8,2626,slab,-24.44988778,17.715,True,"[1.77928836, -3.08181784, -0.0, 1.77928836, 3.08181784, 0.0, 0.0, -0.0, 5.02419812]",4,6.15e-06,local,mp-15679,CoAs,2
9,2627,slab,-52.83286692,79.462,True,"[3.38818214, 0.0, 0.0, 0.0, 10.91439821, 0.0, 0.0, -0.0, 4.2769746]",8,3.75e-08,local,mp-11233,ZrAl,2
10,2628,slab,-103.0227052,267.474,True,"[6.25136134, 0.0, 0.0, 0.0, 6.25136134, 0.0, 0.0, 0.0, 5.7327607]",12,7.08e-07,local,mp-1159,Zr2Fe,2
11,2629,slab,-22.70750592,23.346,True,"[2.33574954, -4.04563688, 0.0, 2.33574954, 4.04563688, -0.0, 0.0, -0.0, 8.36661696]",8,6.25e-08,local,mp-1079229,Mg3Pd,2
12,2630,slab,-24.68218161,17.565,True,"[2.01235369, -3.48549884, 0.0, 2.01235369, 3.48549884, 0.0, -0.0, -0.0, 5.01072737]",4,0.673652075,local,mp-2619,FeSb,2
13,2631,slab,-46.79971022,35.658,True,"[2.07022337, -3.58573206, -0.0, 2.07022337, 3.58573206, -0.0, -0.0, 0.0, 13.75918279]",8,4.78e-06,local,mp-1079832,ScTe,2
14,2632,slab,-3.91942399,11.308,True,"[3.18418755, 0.0, 0.0, 0.0, 3.18418755, 0.0, 0.0, -0.0, 3.18418755]",2,2.5e-07,local,mp-1912,ZnAg,2
15,2633,slab,-57.86985192,85.51,True,"[3.25121556, 0.0, 0.0, 0.0, 10.88555612, 0.0, 0.0, 0.0, 4.29583244]",8,1.25e-08,local,mp-249,HfAl,2
16,2634,slab,-38.89525165,59.502,True,"[1.78004574, -3.08312966, -0.0, 1.78004574, 3.08312966, 0.0, 0.0, -0.0, 14.9849347]",6,0.0,local,mp-1019322,Te2W,2
17,2635,slab,-36.55759657,141.26,True,"[2.84002317, 0.0, 0.0, 0.0, 4.56705229, 0.0, 0.0, 0.0, 4.91663814]",4,1.25e-07,local,mp-11515,NbRh,2
18,2636,slab,-12.47804554,20.46,True,"[3.27491803, 0.0, 0.0, 0.0, 3.27491803, 0.0, 0.0, 0.0, 3.27491803]",2,0.224175,local,mp-2210,ZrCu,2
19,2637,slab,-42.87701518,280.003,True,"[7.02856098, 0.0, 0.0, 0.0, 7.02856098, 0.0, -0.0, -0.0, 5.66548641]",12,0.0,local,mp-571160,Tl2Pt,2
20,2638,slab,-55.22348248,110.741,True,"[3.92901955, 0.0, 0.0, 0.0, 3.92901955, 0.0, 0.0, 0.0, 8.06828745]",8,0.0,local,mp-1135,NbPd3,2
21,2639,slab,-57.51969641,213.991,True,"[3.34242355, -0.0, 0.0, 0.0, 5.75436462, 0.0, 0.0, 0.0, 6.43487555]",8,0.068767125,local,mp-15650,AsRu,2
22,2640,slab,-28.28177151,149.514,True,"[3.56696874, 0.0, 0.0, 0.0, 3.56696874, 0.0, 0.0, 0.0, 9.06133995]",6,8.4e-06,local,mp-1008601,ZrAg2,2
23,2641,slab,-18.82158374,62.968,True,"[2.08446576, -3.6104006, -0.0, 2.08446576, 3.6104006, 0.0, -0.0, -0.0, 5.28252972]",4,3.48e-06,local,mp-999318,NiBi,2
24,2642,slab,-210.9895867,280.626,True,"[7.35067813, 0.0, 0.0, 0.0, 7.35067813, 0.0, 0.0, 0.0, 7.35067813]",24,7.29e-06,local,mp-258,ZrV2,2
25,2643,slab,-61.76650868,319.975,True,"[4.83725339, -0.0, 0.0, 0.0, 8.64376051, 0.0, 0.0, -0.0, 4.79921438]",12,0.610150192,local,mp-30423,VAu2,2
26,2644,slab,-31.12552946,20.685,True,"[3.73354849, -0.0, 0.0, 0.0, 3.73354849, 0.0, -0.0, 0.0, 3.73354849]",4,2.106890625,local,mp-1649,Fe3Pt,2
27,2645,slab,-27.25234559,750.023,True,"[3.42610995, 0.0, 0.0, 0.0, 3.42610995, 0.0, 0.0, -0.0, 13.02554531]",6,0.0,local,mp-570197,Bi2Pd,2
28,2646,slab,-62.34318208,126.83,True,"[5.85745196, 0.0, 0.0, 0.0, 5.85745196, 0.0, 0.0, 0.0, 5.85745196]",16,1.88e-08,local,mp-12777,AlCu3,2
29,2647,slab,-42.24276504,51.763,True,"[2.458237, -4.25779138, -0.0, 2.458237, 4.25779138, 0.0, 0.0, 0.0, 3.94335017]",6,1.200635583,local,mp-2827,YCo5,2
30,2648,slab,-49.56128227,151.835,True,"[5.53977003, -0.0, 0.0, 0.0, 5.53977003, 0.0, 0.0, 0.0, 3.91841069]",8,0.0,local,mp-1079182,AlPt3,2
31,2649,slab,-27.70480283,584.081,True,"[3.92309517, -0.0, 0.0, 0.0, 5.33535344, 0.0, 0.0, -0.0, 6.28330801]",6,0.0,local,mp-9945,CoTe2,2
32,2650,slab,-38.31596828,133.291,True,"[3.92143081, 0.0, 0.0, 0.0, 3.92143081, 0.0, 0.0, 0.0, 9.18201777]",8,3.75e-08,local,mp-30685,ZrGa3,2
33,2651,slab,-22.14118607,13.534,True,"[4.13164898, 0.0, 0.0, 0.0, 4.13164898, 0.0, 0.0, 0.0, 4.13164898]",4,6.33e-06,local,mp-20828,Pt3Pb,2
34,2652,slab,-46.74505567,113.597,True,"[6.06770639, 0.0, 0.0, 0.0, 6.06770639, 0.0, 0.0, 0.0, 4.8719962]",12,2.5e-08,local,mp-998,Al2Cu,2
35,2653,slab,-75.02820089,478.436,True,"[7.81531887, 0.0, 0.0, 0.0, 7.81531887, 0.0, 0.0, 0.0, 7.81531887]",32,3.13e-09,local,mp-644500,Zn7Mo,2
36,2654,slab,-36.06913012,193.621,True,"[1.77738135, -3.0785148, 0.0, 1.77738135, 3.0785148, 0.0, -0.0, -0.0, 14.83728943]",6,0.0,local,mp-602,Te2Mo,2
37,2655,slab,-128.7249037,13989.767,True,"[3.67185266, -0.0, 0.0, 0.0, 15.50945249, 0.0, -0.0, -0.0, 3.62640095]",16,0.674776694,local,mp-2668,Mn3As,2
38,2656,slab,-151.4418771,488.034,True,"[6.70276327, 0.0, 0.0, 0.0, 6.70276327, 0.0, 0.0, 0.0, 6.70276327]",24,0.072790204,local,mp-2439,ZrNi5,2
39,2657,slab,-24.5730204,62.007,True,"[2.11138074, -3.65701872, -0.0, 2.11138074, 3.65701872, 0.0, 0.0, 0.0, 5.91273644]",4,2.0348428,local,mp-404,MnTe,2
40,2658,slab,-22.92108461,18.888,True,"[3.94161326, 0.0, 0.0, 0.0, 3.94161326, 0.0, 0.0, 0.0, 3.94161326]",4,7.03e-06,local,mp-11407,GaPt3,2
41,2659,slab,-14.52957316,78.445,True,"[2.93630841, -0.0, 0.0, 0.0, 2.93630841, 0.0, 0.0, 0.0, 2.89520369]",2,2.2044394,local,mp-1797,MnNi,2
42,2660,slab,-43.60214997,437.518,True,"[3.93152393, -0.0, 0.0, 0.0, 3.93152393, 0.0, -0.0, -0.0, 6.46138657]",6,1.86164695,local,mp-20664,Mn2Sb,2
43,2661,slab,-66.53537218,136.652,True,"[6.64277387, 0.0, 0.0, 0.0, 6.64277387, 0.0, 0.0, 0.0, 5.42124734]",12,0.763024883,local,mp-20086,MnSn2,2
44,2662,slab,-45.4011791,31.899,True,"[3.94904214, 0.0, 0.0, 0.0, 3.94904214, 0.0, 0.0, 0.0, 8.91072918]",8,5e-08,local,mp-2614,HfAl3,2
45,2663,slab,-68.60096778,48.728,True,"[5.23157329, -0.0, 0.0, 0.0, 5.23157329, 0.0, -0.0, -0.0, 5.23157329]",8,3.63e-07,local,mp-2752,Nb3Au,2
46,2664,slab,-139.1932288,1316.478,True,"[3.39125499, 0.0, 0.0, 0.0, 19.75718167, 0.0, 0.0, 0.0, 4.37101674]",16,0.0,local,mp-567181,ZrRh,2
47,2665,slab,-46.10016513,81.803,True,"[1.96276789, -3.3996137, -0.0, 1.96276789, 3.3996137, 0.0, -0.0, 0.0, 4.83846937]",6,0.681086717,local,mp-22787,Fe2Si,2
48,2666,slab,-89.87824819,282.064,True,"[3.68374644, 0.0, 0.0, 0.0, 14.62502846, 0.0, -0.0, 0.0, 3.65062882]",12,4.17e-08,local,mp-1069,HfSi2,2
49,2667,slab,-72.33451501,63.243,True,"[3.13011269, 0.0, 0.0, 0.0, 3.13011269, 0.0, 0.0, 0.0, 14.25071064]",10,0.0,local,mp-16521,Al3Os2,2
50,2668,slab,-28.65775908,79.858,True,"[1.83320026, -3.17519598, 0.0, 1.83320026, 3.17519598, 0.0, -0.0, -0.0, 6.11575254]",4,0.0,local,mp-10052,TiAs,2
51,2669,slab,-60.72019473,1214.121,True,"[2.58849225, -4.4834001, 0.0, 2.58849225, 4.4834001, -0.0, -0.0, -0.0, 14.63674698]",18,0.0,local,mp-30418,SnAu5,2
52,2670,slab,-22.47151134,10.927,True,"[4.53040882, 0.0, 0.0, 0.0, 4.53040882, 0.0, 0.0, 0.0, 4.53040882]",4,0.38008065,local,mp-570428,Sc3In,2
53,2671,slab,-87.45358181,97.759,True,"[3.47637636, 0.0, 0.0, 0.0, 3.47637636, 0.0, 0.0, 0.0, 14.76615608]",10,1e-08,local,mp-1070103,Hf2Pt3,2
54,2672,slab,-47.54063919,109.561,True,"[3.17571863, 0.0, 0.0, 0.0, 3.17571863, 0.0, 0.0, 0.0, 7.89394837]",6,3.33e-08,local,mp-1157,TaNi2,2
55,2673,slab,-7.96080906,11.999,True,"[2.98732857, 0.0, 0.0, 0.0, 2.98732857, 0.0, 0.0, 0.0, 2.98732857]",2,2.5e-07,local,mp-2743,LiPd,2
56,2674,slab,-21.60397389,7.923,True,"[4.10463281, 0.0, 0.0, 0.0, 4.10463281, 0.0, -0.0, -0.0, 4.10463281]",4,1e-07,local,mp-569775,ZrAl3,2
57,2675,slab,-14.69922261,101.401,True,"[1.98591432, -3.4397045, 0.0, 1.98591432, 3.4397045, -0.0, -0.0, -0.0, 5.47720546]",3,0.0,local,mp-228,Te2Rh,2
58,2676,slab,-63.33383552,76.518,True,"[3.80453958, 0.0, 0.0, 0.0, 5.32314909, 0.0, 0.0, 0.0, 7.01528578]",8,8.75e-08,local,mp-893,ZrSi,2
59,2677,slab,-29.62279249,31.852,True,"[3.63856173, -0.0, 0.0, 0.0, 3.63856173, 0.0, -0.0, -0.0, 3.63856173]",4,1.602925525,local,mp-20344,Fe3Ge,2
60,2678,slab,-222.5011896,387.909,True,"[7.31093248, 0.0, 0.0, 0.0, 7.31093248, 0.0, 0.0, 0.0, 7.31093248]",24,2.29e-05,local,mp-1043,HfV2,2
61,2679,slab,-56.2071765,57.657,True,"[2.5865667, -4.48006495, 0.0, 2.5865667, 4.48006495, -0.0, -0.0, -0.0, 4.18996345]",8,1.661063725,local,mp-1078766,GaFe3,2
62,2680,slab,-59.25110026,102.059,True,"[2.56887674, -4.44942504, -0.0, 2.56887674, 4.44942504, 0.0, -0.0, -0.0, 4.2145979]",8,1.607029075,local,mp-21078,Fe3Ge,2
63,2681,slab,-43.79650668,231.551,True,"[6.48873778, 0.0, 0.0, -0.0, 6.48873778, 0.0, -0.0, -0.0, 4.07357524]",10,0.40563614,local,mp-1069697,VAu4,2
64,2682,slab,-69.53684445,27.293,True,"[4.79347915, 0.0, 0.0, 0.0, 4.79347915, 0.0, 0.0, 0.0, 4.79347915]",8,2.5e-08,local,mp-2488,SiOs,2
65,2683,slab,-122.889626,126.853,True,"[6.19155352, 0.0, 0.0, 0.0, 6.19155352, 0.0, 0.0, 0.0, 5.08919851]",12,5.92e-07,local,mp-2783,Ta2Si,2
66,2684,slab,-11.88237539,7.265,True,"[2.92926249, 0.0, 0.0, 0.0, 2.92926249, 0.0, 0.0, 0.0, 2.92926249]",2,3.15e-05,local,mp-11279,TiBe,2
67,2685,slab,-39.26824482,17.464,True,"[3.92223987, -0.0, 0.0, 0.0, 3.92223987, 0.0, -0.0, -0.0, 3.92223987]",4,1.25e-07,local,mp-1339,NbIr3,2
68,2686,slab,-24.16551638,51.479,True,"[3.81836234, 0.0, 0.0, 0.0, 3.81836234, 0.0, 0.0, 0.0, 5.9474045]",6,3.33e-08,local,mp-7474,Cu2As,2
69,2687,slab,-157.4328544,379.623,True,"[6.67306492, 0.0, 0.0, 0.0, 6.67306492, 0.0, 0.0, 0.0, 6.67306492]",24,4.16e-05,local,mp-569516,HfNi5,2
70,2688,slab,-19.90874193,19.19,True,"[4.03924241, 0.0, 0.0, 0.0, 4.03924241, 0.0, 0.0, 0.0, 4.03924241]",4,2.5e-08,local,mp-31337,InPd3,2
71,2689,slab,-53.69886874,799.196,True,"[3.79566308, -0.0, 0.0, 0.0, 7.01657277, 0.0, -0.0, -0.0, 7.43106296]",8,6.25e-08,local,mp-568865,ZrTe,2
72,2690,slab,-92.72997457,369.736,True,"[3.98724038, 0.0, 0.0, 0.0, 3.98724038, 0.0, 0.0, 0.0, 17.29055486]",16,0.0,local,mp-1078755,SbPt3,2
73,2691,slab,-20.71437988,19.732,True,"[3.0212967, 0.0, 0.0, 0.0, 3.0212967, 0.0, -0.0, -0.0, 3.0212967]",2,0.13529055,local,mp-12778,VOs,2
74,2692,slab,-42.50577995,66.623,True,"[3.46586656, 0.0, 0.0, 0.0, 3.46586656, 0.0, 0.0, 0.0, 8.73288784]",6,6.67e-08,local,mp-1018102,ZrPd2,2
75,2693,slab,-47.25888698,56.593,True,"[6.93576833, 0.0, 0.0, 0.0, 6.93576833, 0.0, 0.0, 0.0, 6.93576833]",12,1.25e-07,local,mp-1063314,Ca2Rh,2
76,2694,slab,-22.20400599,45.639,True,"[2.30687231, -3.99562004, 0.0, 2.30687231, 3.99562004, 0.0, -0.0, 0.0, 5.63152592]",5,8e-08,local,mp-1069815,In3Pt2,2
77,2695,slab,-23.71207052,447.167,True,"[2.98956928, 0.0, 0.0, 0.0, 4.61764362, 0.0, 0.0, -0.0, 4.93769518]",4,0.436244025,local,mp-998985,TiAu,2
78,2696,slab,-18.33080978,16.548,True,"[4.89152217, 0.0, 0.0, 0.0, 4.89152217, 0.0, -0.0, 0.0, 4.89152217]",4,0.0,local,mp-20291,YPb3,2
79,2697,slab,-66.21166832,45.22,True,"[5.32324569, -0.0, 0.0, 0.0, 5.32324569, 0.0, -0.0, -0.0, 5.32324569]",8,2.75e-07,local,mp-22060,Nb3In,2
80,2698,slab,-182.6357392,570.732,True,"[6.63571304, -0.0, 0.0, 0.0, 6.63571304, 0.0, -0.0, -0.0, 6.63571304]",24,0.004090004,local,mp-695,TiCo2,2
81,2699,slab,-51.49949192,169.769,True,"[3.6422851, 0.0, 0.0, 0.0, 5.69843297, 0.0, 0.0, 0.0, 6.14870219]",8,0.0,local,mp-22079,AsRh,2
82,2700,slab,-4.7135554,21.805,True,"[4.57611792, 0.0, 0.0, 0.0, 4.57611792, 0.0, 0.0, 0.0, 4.57611792]",4,1.33e-06,local,mp-12661,Cd3In,2
83,2701,slab,-49.47920243,76.103,True,"[7.27703427, 0.0, 0.0, 0.0, 7.27703427, 0.0, 0.0, 0.0, 7.27703427]",12,2.33e-07,local,mp-1062620,Sr2Ir,2
84,2702,slab,-198.1645518,302.977,True,"[6.71673803, -0.0, 0.0, 0.0, 6.71673803, 0.0, -0.0, -0.0, 6.71673803]",24,0.084348171,local,mp-670,NbCo2,2
85,2703,slab,-14.52997128,18.111,True,"[2.9227266, 0.0, 0.0, 0.0, 2.9227266, 0.0, -0.0, 0.0, 2.9227266]",2,2.20474055,local,mp-11500,MnNi,2
86,2704,slab,-42.31809505,217.013,True,"[4.29362556, 0.0, 0.0, 0.0, 4.54596606, 0.0, 0.0, 0.0, 5.32651991]",8,0.0,local,mp-672371,Ni3Sb,2
87,2705,slab,-178.4276405,284.365,True,"[6.92166784, 0.0, 0.0, 0.0, 6.92166784, 0.0, 0.0, 0.0, 6.92166784]",24,0.0,local,mp-30708,HfNi2,2
88,2706,slab,-43.40626055,80.649,True,"[7.35844387, 0.0, 0.0, 0.0, 7.35844387, 0.0, 0.0, 0.0, 7.35844387]",12,2.5e-07,local,mp-1063245,Sr2Rh,2
89,2707,slab,-4.95924374,62.154,True,"[3.19562818, 0.0, 0.0, 0.0, 5.09182224, 0.0, 0.0, 0.0, 5.3231143]",4,5e-08,local,mp-11307,MgCd,2
90,2708,slab,-112.0312386,146.727,True,"[5.76385823, -0.0, 0.0, 0.0, 5.76385823, 0.0, -0.0, -0.0, 5.76385823]",16,1.551958444,local,mp-672661,GaFe3,2
91,2709,slab,-21.42418778,59.08,True,"[1.8237997, -3.15891375, -0.0, 1.8237997, 3.15891375, 0.0, -0.0, 0.0, 5.04293722]",4,5e-07,local,mp-590,NiAs,2
92,2710,slab,-14.57230131,80.566,True,"[2.98776204, 0.0, 0.0, 0.0, 2.98776204, 0.0, 0.0, 0.0, 3.39299989]",2,2.21307415,local,mp-238,MnPd,2
93,2711,slab,-54.54550945,513.534,True,"[7.08895233, 0.0, 0.0, 0.0, 7.08895233, 0.0, 0.0, 0.0, 5.8658903]",12,0.0,local,mp-21318,PtPb2,2
94,2712,slab,-51.29840679,87.317,True,"[3.87262352, 0.0, 0.0, 0.0, 3.87262352, 0.0, 0.0, 0.0, 7.83622437]",8,0.1646867,local,mp-873,VPd3,2
95,2713,slab,-37.42509331,44.582,True,"[3.14913022, -0.0, 0.0, 0.0, 3.14913022, 0.0, 0.0, 0.0, 8.46745025]",6,0.0,local,mp-1009834,Al2Ru,2
96,2714,slab,-28.26143242,100.884,True,"[2.79393116, 0.0, 0.0, 0.0, 4.59153415, 0.0, 0.0, -0.0, 4.89933869]",4,2.5e-08,local,mp-980094,TiPd,2
97,2715,slab,-61.80029892,71.978,True,"[2.82234762, -4.88844948, -0.0, 2.82234762, 4.88844948, -0.0, -0.0, -0.0, 4.5213231]",8,1.38e-07,local,mp-22211,V3Sn,2
98,2716,slab,-32.29642979,165.035,True,"[3.00462411, 0.0, 0.0, 0.0, 5.82318419, 0.0, 0.0, 0.0, 6.26817425]",6,0.0,local,mp-1543,Ge2Pt,2
99,2717,slab,-19.02075508,126.388,True,"[3.14172642, 0.0, 0.0, 0.0, 3.14172642, 0.0, 0.0, 0.0, 8.99916624]",4,5e-08,local,mp-1017540,ZrCd,2
100,2718,slab,-81.18279032,189.55,True,"[6.29864455, 0.0, 0.0, 0.0, 6.29864455, 0.0, 0.0, 0.0, 5.63968612]",12,8e-07,local,mp-30562,Sc2Co,2
101,2719,slab,-55.70774167,138.967,True,"[3.6389823, 0.0, 0.0, 0.0, 3.6389823, 0.0, 0.0, 0.0, 7.48826048]",8,2.5e-08,local,mp-11513,NbNi3,2
102,2720,slab,-4.30659794,10.282,True,"[3.39115415, 0.0, 0.0, 0.0, 3.39115415, 0.0, 0.0, -0.0, 3.39115415]",2,1.02e-05,local,mp-2757,CdAu,2
103,2721,slab,-10.31447787,12.871,True,"[4.15581447, 0.0, 0.0, 0.0, 4.15581447, 0.0, 0.0, 0.0, 4.15581447]",4,1.2e-06,local,mp-30351,MgAg3,2
104,2722,slab,-25.02871988,687.158,True,"[0.0, 3.24471364, 0.0125626, 4.13764913, 0.0, 0.0, 0.0, -1.53201885, -5.26251827]",4,0.0,local,mp-1067210,ZrCu,2
105,2723,slab,-54.46918308,207.253,True,"[3.13172351, -0.0, 0.0, 0.0, 3.13172351, 0.0, 0.0, 0.0, 14.27670021]",10,0.19574758,local,mp-30599,Ti2Cu3,2
106,2724,slab,-63.27834607,63.707,True,"[4.59411417, 0.0, 0.0, 0.0, 4.59411417, 0.0, 0.0, 0.0, 4.59411417]",8,1.75e-07,local,mp-1231,Cr3Ga,2
107,2725,slab,-40.27234161,75.456,True,"[3.26995501, -0.0, 0.0, 0.0, 3.26995501, 0.0, -0.0, -0.0, 8.7453852]",6,8.33e-08,local,mp-1018121,TiPd2,2
108,2726,slab,-25.80861044,26.243,True,"[2.31161721, -4.00383845, 0.0, 2.31161721, 4.00383845, -0.0, -0.0, -0.0, 8.33912841]",8,0.0,local,mp-569265,Mg3Pt,2
109,2727,slab,-11.41213231,15.862,True,"[3.60111772, 0.0, 0.0, 0.0, 3.60111772, 0.0, -0.0, -0.0, 3.60111772]",2,5e-08,local,mp-11261,YAu,2
110,2728,slab,-24.78096511,12.887,True,"[3.9166456, 0.0, 0.0, 0.0, 3.9166456, 0.0, -0.0, -0.0, 3.9166456]",4,2.5e-08,local,mp-188,AlPt3,2
111,2729,slab,-57.06994426,104.583,True,"[2.95451698, -5.11737353, 0.0, 2.95451698, 5.11737353, -0.0, -0.0, 0.0, 4.75838409]",8,5e-08,local,mp-21030,Ti3Sn,2
112,2730,slab,-23.60129906,406.675,True,"[3.01034137, 0.0, 0.0, 0.0, 3.28617552, 0.0, 0.0, 0.0, 4.72781632]",4,0.0,local,mp-999192,SiNi,2
113,2731,slab,-10.69386046,6.634,True,"[3.07890459, -0.0, 0.0, 0.0, 3.07890459, 0.0, 0.0, 0.0, 3.07890459]",2,3.7e-06,local,mp-829,AlPd,2
114,2732,slab,-29.62275837,1024.703,True,"[4.17691502, -0.0, 0.0, 0.0, 13.17625439, 0.0, 0.0, -0.0, 9.99029851]",16,1.25e-08,local,mp-30485,Ca3Zn,2
115,2733,slab,-19.06187386,10.558,True,"[3.96702993, 0.0, 0.0, 0.0, 3.96702993, 0.0, -0.0, -0.0, 3.96702993]",4,9.78e-06,local,mp-7753,MgPd3,2
116,2734,slab,-37.50474335,15.702,True,"[3.83596371, 0.0, 0.0, 0.0, 3.83596371, 0.0, -0.0, 0.0, 3.83596371]",4,2.75e-07,local,mp-1082,VIr3,2
117,2735,slab,-16.52647917,25.234,True,"[3.10684816, -0.0, 0.0, 0.0, 3.10684816, 0.0, 0.0, -0.0, 3.10684816]",2,2.95e-06,local,mp-11563,TiRh,2
118,2737,slab,-28.20697331,7693.786,True,"[0.0, 2.93959567, 0.10623213, 4.03708517, 0.0, 0.0, 0.0, -0.64623345, -4.67103143]",4,2.25e-07,local,mp-1179013,TiNi,2
119,2738,slab,-32.58726474,89.665,True,"[2.01570019, -3.49129514, -0.0, 2.01570019, 3.49129514, 0.0, -0.0, 0.0, 5.09737001]",6,0.0,local,mp-1594,Ni2Ge,2
120,2739,slab,-58.09479193,30.379,True,"[5.94673828, 0.0, 0.0, 0.0, 5.94673828, 0.0, 0.0, 0.0, 5.94673828]",12,9e-07,local,mp-16522,Al2Pd,2
121,2740,slab,-103.7002846,4303.828,True,"[0.0, 11.88031432, -0.0424939, 3.92414273, 0.0, 0.0, 0.0, -1.20174748, -4.73702067]",16,0.718445363,local,mp-22510,FeGe,2
122,2741,slab,-212.3734184,182.93,True,"[6.71651622, 0.0, 0.0, 0.0, 6.71651622, 0.0, 0.0, 0.0, 6.71651622]",24,0.213437146,local,mp-1799,TaCo2,2
123,2742,slab,-59.53423279,199.705,True,"[6.37411325, 0.0, 0.0, 0.0, 6.37411325, 0.0, 0.0, 0.0, 5.48873211]",12,2.92e-07,local,mp-20155,CoSn2,2
124,2743,slab,-34.90269729,13.788,True,"[3.82697035, -0.0, 0.0, 0.0, 3.82697035, 0.0, 0.0, 0.0, 3.82697035]",4,0.796586775,local,mp-10596,FeIr3,2
125,2744,slab,-32.30510543,19.282,True,"[3.80466001, -0.0, 0.0, 0.0, 3.80466001, 0.0, -0.0, 0.0, 3.80466001]",4,3.75e-07,local,mp-1185,VRh3,2
126,2745,slab,-17.95557648,13.346,True,"[1.89136687, -3.27594351, -0.0, 1.89136687, 3.27594351, 0.0, 0.0, -0.0, 3.17707611]",3,1.77e-06,local,mp-2553,HfBe2,2
127,2746,slab,-39.21301912,116.888,True,"[7.2107644, 0.0, 0.0, 0.0, 7.2107644, 0.0, 0.0, 0.0, 7.2107644]",16,1.25e-08,local,mp-571059,YCd3,2
128,2747,slab,-43.73118471,40.248,True,"[2.45235677, -4.24760653, -0.0, 2.45235677, 4.24760653, 0.0, -0.0, -0.0, 5.93684046]",6,0.0,local,mp-2557,Zr2Al,2
129,2748,slab,-99.29482019,865.938,True,"[5.51213942, 0.0, 0.0, 0.0, 5.51213942, 0.0, -0.0, 0.0, 7.93438825]",16,0.0,local,mp-1080448,AlPt3,2
130,2749,slab,-30.95950626,14.041,True,"[4.04451788, -0.0, 0.0, 0.0, 4.04451788, 0.0, 0.0, -0.0, 4.04451788]",4,7.5e-08,local,mp-30858,ZrPt3,2
131,2750,slab,-48.56530189,21.408,True,"[6.13021835, 0.0, 0.0, 0.0, 6.13021835, 0.0, 0.0, 0.0, 6.13021835]",16,3.04e-06,local,mp-11489,Li3Pd,2
132,2751,slab,-16.54144355,16.426,True,"[1.90711758, -3.30322454, -0.0, 1.90711758, 3.30322454, -0.0, 0.0, 0.0, 3.24025132]",3,1.67e-07,local,mp-1252,ZrBe2,2
133,2752,slab,-44.07879458,128.59,True,"[3.98867681, -0.0, 0.0, 0.0, 11.46634538, 0.0, 0.0, -0.0, 4.35759496]",8,0.048966388,local,mp-11228,YAl,2
134,2753,slab,-165.7373604,151.564,True,"[6.96890826, 0.0, 0.0, 0.0, 6.96890826, 0.0, 0.0, 0.0, 6.96890826]",24,6.58e-07,local,mp-2250,ZrNi2,2
135,2754,slab,-16.98735724,59.971,True,"[2.72951569, 0.0, 0.0, 0.0, 2.72951569, 0.0, 0.0, 0.0, 3.66624124]",2,5e-08,local,mp-1251,VRh,2
136,2755,slab,-7.68982928,12.034,True,"[2.6960964, -0.0, 0.0, 0.0, 2.6960964, 0.0, 0.0, 0.0, 2.6960964]",2,5e-08,local,mp-2323,BeCu,2
137,2756,slab,-97.54713365,58.235,True,"[6.84298012, 0.0, 0.0, 0.0, 6.84298012, 0.0, 0.0, -0.0, 5.23086892]",12,1.67e-08,local,mp-12772,Hf2Al,2
138,2757,slab,-8.47801243,62.625,True,"[2.79911274, -4.84820549, 0.0, 2.79911274, 4.84820549, -0.0, -0.0, -0.0, 4.21379292]",6,3.33e-08,local,mp-638,SrZn5,2
139,2758,slab,-19.174109,19.712,True,"[3.74312882, 0.0, 0.0, 0.0, 3.74312882, 0.0, 0.0, 0.0, 3.74312882]",4,0.18342925,local,mp-22784,InNi3,2
140,2759,slab,-55.47586782,504.042,True,"[4.04471867, -0.0, 0.0, 0.0, 10.25890586, 0.0, -0.0, -0.0, 3.89288098]",8,0.094211675,local,mp-8053,YCo,2
141,2760,slab,-149.2955108,314.77,True,"[7.18261769, 0.0, 0.0, 0.0, 7.18261769, 0.0, 0.0, 0.0, 7.18261769]",24,7.92e-08,local,mp-1019,YNi2,2
142,2761,slab,-51.0545861,359.822,True,"[4.94193897, -0.0, 0.0, 0.0, 4.94193897, 0.0, 0.0, -0.0, 4.94193897]",8,0.0,local,mp-20866,GeRh,2
143,2762,slab,-18.70099847,38.601,True,"[2.3524526, -4.07456742, -0.0, 2.3524526, 4.07456742, -0.0, 0.0, -0.0, 8.53263007]",8,3.38e-07,local,mp-1078964,Mg3Au,2
144,2763,slab,-69.85485706,266.673,True,"[5.91052191, 0.0, 0.0, 0.0, 5.91052191, 0.0, -0.0, -0.0, 4.94985126]",12,0.414269058,local,mp-21117,FeGe2,2
145,2764,slab,-111.8294269,188.828,True,"[6.52716091, 0.0, 0.0, 0.0, 6.52716091, 0.0, 0.0, 0.0, 5.76237737]",12,1.67e-08,local,mp-1077297,Zr2Ir,2
146,2765,slab,-209.5310016,173.872,True,"[7.40628988, 0.0, 0.0, 0.0, 7.40628988, 0.0, 0.0, 0.0, 7.40628988]",24,2.08e-08,local,mp-2263,ScIr2,2
147,2766,slab,-9.10111369,21.39,True,"[2.92365255, 0.0, 0.0, 0.0, 2.92365255, 0.0, -0.0, 0.0, 2.92365255]",2,0.0,local,mp-1941,GaNi,2
148,2767,slab,-15.45209544,65.032,True,"[2.91344686, -5.04623798, 0.0, 2.91344686, 5.04623798, -0.0, 0.0, 0.0, 8.27042038]",6,0.06032775,local,mp-13548,Cs2Pt,2
149,2768,slab,-35.3231682,71.249,True,"[2.37252703, -4.10933736, 0.0, 2.37252703, 4.10933736, 0.0, 0.0, 0.0, 3.9691155]",6,0.230240283,local,mp-570673,ScNi5,2
150,2769,slab,-51.80101218,141.41,True,"[4.66542839, -0.0, 0.0, 0.0, 4.66542839, 0.0, -0.0, -0.0, 4.66542839]",8,0.5269415,local,mp-21255,FeGe,2
151,2770,slab,-63.51382914,227.924,True,"[6.57731669, -0.0, 0.0, 0.0, 6.57731669, 0.0, -0.0, -0.0, 5.33089099]",12,0.549431417,local,mp-22752,FeSn2,2
152,2771,slab,-53.99771687,300.795,True,"[1.94405092, -3.36719497, -0.0, 1.94405092, 3.36719497, 0.0, 0.0, -0.0, 20.20090125]",12,8.33e-09,local,mp-10264,NiTe,2
153,2772,slab,-162.7966653,329.263,True,"[4.79937868, 0.0, 0.0, 0.0, 8.25173859, 0.0, 0.0, 0.0, 8.57509718]",24,8.33e-09,local,mp-2582,TiSi2,2
154,2773,slab,-31.14183062,104.079,True,"[3.5893736, 0.0, 0.0, 0.0, 4.78860267, 0.0, 0.0, 0.0, 5.83586821]",6,3.33e-08,local,mp-19814,NiAs2,2
155,2774,slab,-23.8404484,80.807,True,"[2.14665053, -3.71810778, 0.0, 2.14665053, 3.71810778, -0.0, -0.0, 0.0, 5.33032128]",5,2e-08,local,mp-21400,Ga3Pt2,2
156,2775,slab,-83.96719333,149.993,True,"[5.93388726, 0.0, 0.0, 0.0, 5.93388726, 0.0, 0.0, 0.0, 5.93388726]",16,6.25e-09,local,mp-10260,Ni3Sb,2
157,2776,slab,-22.27858718,63.931,True,"[3.37443914, 0.0, 0.0, 0.0, 3.37443914, 0.0, 0.0, 0.0, 8.8689552]",6,8.33e-08,local,mp-1018179,AlAu2,2
158,2777,slab,-19.90998638,56.97,True,"[4.03993045, -0.0, 0.0, 0.0, 4.03993045, 0.0, -0.0, -0.0, 4.0320552]",4,2.5e-08,local,mp-510436,InPd3,2
159,2778,slab,-62.40610698,1747.706,True,"[4.58072942, 0.0, 0.0, 0.0, 8.01086451, 0.0, 0.0, 0.0, 4.4209937]",12,0.123170733,local,mp-1077023,TiCu2,2
160,2779,slab,-14.01690288,29.452,True,"[3.01082132, 0.0, 0.0, 0.0, 3.01082132, 0.0, 0.0, 0.0, 3.01082132]",2,2.85e-06,local,mp-571,TiNi,2
161,2780,slab,-31.84293499,277.123,True,"[7.0170688, 0.0, 0.0, 0.0, 7.0170688, 0.0, 0.0, 0.0, 5.68913895]",12,5.83e-08,local,mp-19974,In2Ag,2
162,2781,slab,-103.1100904,834.895,True,"[0.0, 7.75561976, 0.01546499, 7.8939427, 0.0, 0.0, 0.0, -3.71128142, -3.96763675]",16,0.0,local,mp-13363,SiPt3,2
163,2782,slab,-10.0027011,9.041,True,"[3.76305856, -0.0, 0.0, 0.0, 3.76305856, 0.0, 0.0, -0.0, 3.76305856]",2,6.5e-07,local,mp-22704,YIn,2
164,2783,slab,-39.98907062,60.755,True,"[4.16921533, 0.0, 0.0, 0.0, 4.16921533, 0.0, 0.0, 0.0, 7.58552999]",8,5e-08,local,mp-1007664,InPd3,2
165,2784,slab,-43.68964066,648.958,True,"[0.0, 5.95136333, -0.00113984, 3.90711821, 0.0, 0.0, 0.0, -1.418339, -10.45822606]",8,0.0,local,mp-1025459,HfTe3,2
166,2785,slab,-19.36556957,8.568,True,"[4.26254315, 0.0, 0.0, 0.0, 4.26254315, 0.0, 0.0, 0.0, 4.26254315]",4,3.25e-07,local,mp-11231,YAl3,2
167,2786,slab,-35.76266061,81.804,True,"[1.9575206, -3.39052513, 0.0, 1.9575206, 3.39052513, -0.0, -0.0, 0.0, 4.98919121]",6,0.0,local,mp-507,SiNi2,2
168,2787,slab,-68.43370277,676.44,True,"[4.3557868, 0.0, 0.0, 0.0, 4.3557868, 0.0, 0.0, 0.0, 19.23537301]",16,0.0,local,mp-1078602,ZrIn3,2
169,2788,slab,-68.95454623,34.787,True,"[5.28468576, -0.0, 0.0, 0.0, 5.28468576, 0.0, -0.0, -0.0, 5.28468576]",8,2e-07,local,mp-570751,Nb3Te,2
170,2789,slab,-146.4031537,100.039,True,"[6.52508734, -0.0, 0.0, 0.0, 6.52508734, 0.0, -0.0, -0.0, 6.52508734]",24,4.5e-07,local,mp-2028,Be2Nb,2
171,2790,slab,-54.32591639,404.948,True,"[3.86387482, 0.0, 0.0, 0.0, 5.89031245, 0.0, -0.0, -0.0, 6.60741319]",8,0.0,local,mp-7565,SbRu,2
172,2791,slab,-159.2666414,56.747,True,"[6.52395095, 0.0, 0.0, 0.0, 6.52395095, 0.0, 0.0, 0.0, 6.52395095]",24,8.33e-09,local,mp-2676,TaBe2,2
173,2792,slab,-17.77697035,51.249,True,"[1.84240231, -3.19113441, 0.0, 1.84240231, 3.19113441, 0.0, 0.0, 0.0, 7.20654386]",3,0.0,local,mp-1018150,NbTe2,2
174,2793,slab,-21.00250055,23.815,True,"[3.73590154, 0.0, 0.0, 0.0, 3.73590154, 0.0, 0.0, 0.0, 3.73590154]",4,2.5e-07,local,mp-11522,Ni3Sn,2
175,2794,slab,-93.3394557,187.408,True,"[0.0, 8.70744579, -0.01510249, 3.00971707, 0.0, 0.0, 0.0, -3.63757373, -6.56450406]",12,0.0,local,mp-1072645,Si2Os,2
176,2795,slab,-19.46565164,86.266,True,"[2.21677162, -3.83956108, 0.0, 2.21677162, 3.83956108, -0.0, 0.0, -0.0, 5.37113903]",5,1.8e-07,local,mp-21385,In3Ni2,2
177,2796,slab,-81.45412225,57.35,True,"[6.40346895, 0.0, 0.0, 0.0, 6.40346895, 0.0, 0.0, 0.0, 6.40346895]",24,0.0,local,mp-603,Be2Ag,2
178,2797,slab,-29.93825191,87.162,True,"[2.46850424, -4.27557477, -0.0, 2.46850424, 4.27557477, -0.0, -0.0, 0.0, 3.93460479]",6,0.367977117,local,mp-774,CaNi5,2
179,2798,slab,-25.58218224,14.364,True,"[3.89657143, 0.0, 0.0, 0.0, 3.89657143, 0.0, -0.0, -0.0, 3.89657143]",4,0.318964025,local,mp-568711,VPd3,2
180,2799,slab,-19.47040343,223.746,True,"[0.0, 7.29539743, -0.01224815, 4.24114674, 0.0, 0.0, 0.0, -0.00205214, -5.18445054]",6,1e-07,local,mp-567525,Te2Au,2
181,2800,slab,-32.81946151,4973.084,True,"[4.97757204, 0.0, 0.0, 0.0, 8.32699339, 0.0, 0.0, -0.0, 8.564139]",12,9.17e-08,local,mp-1077322,BaAg2,2
182,2801,slab,-41.95901503,163.1,True,"[4.27679955, 0.0, 0.0, 0.0, 4.55217463, 0.0, 0.0, 0.0, 5.34465753]",8,3.63e-07,local,mp-1080147,Ni3Sn,2
183,2802,slab,-18.85433147,39.792,True,"[2.75619297, 0.0, 0.0, 0.0, 2.75619297, 0.0, -0.0, -0.0, 3.66143862]",2,1e-06,local,mp-1281,VIr,2
184,2803,slab,-105.3636038,590.448,True,"[6.40085696, 0.0, 0.0, 0.0, 6.40085696, 0.0, 0.0, 0.0, 5.25412529]",12,0.0,local,mp-861,Hf2Ni,2
185,2804,slab,-17.49735937,31.156,True,"[2.88313444, -0.0, 0.0, 0.0, 2.88313444, 0.0, -0.0, -0.0, 2.88313444]",2,0.3940024,local,mp-1335,VFe,2
186,2805,slab,-9.611317,21.184,True,"[2.3386812, -4.05071467, 0.0, 2.3386812, 4.05071467, 0.0, 0.0, 0.0, 7.67748996]",4,2.5e-08,local,mp-12779,CdTe,2
187,2806,slab,-64.40314057,94.394,True,"[6.49184737, 0.0, 0.0, 0.0, 6.49184737, 0.0, 0.0, 0.0, 5.76831901]",12,1.25e-07,local,mp-565,Sn2Rh,2
188,2807,slab,-15.90563334,9.771,True,"[2.93500078, 0.0, 0.0, 0.0, 2.93500078, 0.0, 0.0, 0.0, 2.93500078]",2,1e-07,local,mp-381,SiRu,2
189,2808,slab,-7.06247372,14.173,True,"[2.89371247, -0.0, 0.0, 0.0, 2.89371247, 0.0, 0.0, -0.0, 2.89371247]",2,2.35e-06,local,mp-1486,ZnNi,2
190,2809,slab,-17.73710886,14.368,True,"[3.14648054, -0.0, 0.0, 0.0, 3.14648054, 0.0, -0.0, -0.0, 3.14648054]",2,0.0008077,local,mp-2027,HfCo,2
191,2810,slab,-79.4468866,129.25,True,"[4.64378056, 0.0, 0.0, 0.0, 4.64378056, 0.0, 0.0, 0.0, 4.64378056]",8,1.13e-07,local,mp-416,Cr3Os,2
192,2811,slab,-110.3322122,64.699,True,"[5.83016232, -0.0, 0.0, 0.0, 5.83016232, 0.0, -0.0, -0.0, 5.83016232]",24,0.25540205,local,mp-1025010,Be5Fe,2
193,2812,slab,-28.259429,30.239,True,"[1.82897048, -3.16786979, 0.0, 1.82897048, 3.16786979, 0.0, -0.0, -0.0, 5.48777651]",4,1.417785275,local,mp-610,MnAs,2
194,2813,slab,-34.54983485,72.679,True,"[3.11506331, 0.0, 0.0, 0.0, 5.12052251, 0.0, 0.0, 0.0, 5.89901285]",6,1.67e-08,local,mp-1018672,CoAs2,2
195,2814,slab,-54.87880456,272.14,True,"[0.0, 4.88368205, 0.0046165, 2.85622135, 0.0, 0.0, 0.0, -1.71651807, -6.83985564]",6,1.67e-08,local,mp-567345,NbRh,2
196,2815,slab,-75.72099458,185.495,True,"[3.96530903, -0.0, 0.0, 0.0, 3.96530903, 0.0, -0.0, -0.0, 14.69819307]",12,3.33e-08,local,mp-12769,YSi2,2
197,2816,slab,-66.43086363,108.223,True,"[3.93105491, 0.0, 0.0, 0.0, 12.14660235, 0.0, 0.0, 0.0, 4.00861085]",12,0.0,local,mp-11809,TiAl2,2
198,2817,slab,-85.70077266,1404.132,True,"[0.0, 9.15076761, 0.00210887, 3.2178369, 0.0, 0.0, 0.0, -3.5507661, -6.69083485]",12,5.83e-08,local,mp-1025067,ReGe2,2
199,2818,slab,-73.66583676,33.962,True,"[4.80233129, 0.0, 0.0, 0.0, 4.80233129, 0.0, 0.0, 0.0, 4.80233129]",8,2.75e-07,local,mp-7948,ReSi,2
200,2819,slab,-15.78004698,11.368,True,"[3.01989094, 0.0, 0.0, 0.0, 3.01989094, 0.0, 0.0, 0.0, 3.01989094]",2,0.0,local,mp-875,AlOs,2
201,2820,slab,-38.75972405,296.309,True,"[4.32835075, 0.0, 0.0, 0.0, 4.44162363, 0.0, 0.0, 0.0, 5.45186847]",8,0.0,local,mp-12546,TiCu3,2
202,2821,slab,-29.32461742,20.295,True,"[2.29154158, -3.96906645, 0.0, 2.29154158, 3.96906645, 0.0, -0.0, 0.0, 8.25720728]",8,2.5e-08,local,mp-30739,Mg3Ir,2
203,2822,slab,-15.90784089,44.736,True,"[1.99444958, -3.454488, -0.0, 1.99444958, 3.454488, 0.0, -0.0, -0.0, 5.50791668]",3,0.0,local,mp-2285,Te2Ir,2
204,2823,slab,-61.69442697,42.176,True,"[5.64344335, 0.0, 0.0, 0.0, 5.64344335, 0.0, 0.0, -0.0, 5.64344335]",8,1.16e-05,local,mp-30876,Zr3Sn,2
205,2824,slab,-3.35730689,9.757,True,"[4.11099981, 0.0, 0.0, 0.0, 4.11099981, 0.0, -0.0, -0.0, 4.11099981]",2,4.6e-06,local,mp-902,BaZn,2
206,2825,slab,-48.81709895,32.435,True,"[6.17045182, 0.0, 0.0, 0.0, 6.17045182, 0.0, 0.0, 0.0, 6.17045182]",8,5e-08,local,mp-1708,YTe,2
207,2826,slab,-37.33034078,63.544,True,"[4.21428762, 0.0, 0.0, 0.0, 4.21428762, 0.0, 0.0, 0.0, 7.65434183]",8,2.5e-08,local,mp-571030,TlPd3,2
208,2827,slab,-29.64397558,72.576,True,"[2.02625906, -3.50958364, -0.0, 2.02625906, 3.50958364, 0.0, -0.0, 0.0, 5.03388863]",6,1.67e-08,local,mp-570904,GaNi2,2
209,2828,slab,-28.39558741,17.577,True,"[4.16859144, 0.0, 0.0, 0.0, 4.16859144, 0.0, 0.0, 0.0, 4.16859144]",4,3.75e-07,local,mp-570691,Ti3Sn,2
210,2829,slab,-17.29338672,15.454,True,"[3.29545202, 0.0, 0.0, 0.0, 3.29545202, 0.0, -0.0, 0.0, 3.29545202]",2,5.5e-07,local,mp-2808,ZrRh,2
211,2830,slab,-3.57233675,10.075,True,"[3.39000914, 0.0, 0.0, 0.0, 3.39000914, 0.0, -0.0, -0.0, 3.39000914]",2,4.85e-06,local,mp-2642,CdAg,2
212,2831,slab,-26.90488469,20.071,True,"[2.00681884, -3.47591219, -0.0, 2.00681884, 3.47591219, -0.0, 0.0, 0.0, 5.87836101]",4,1.4027651,local,mp-1641,CrSb,2
213,2832,slab,-100.1922293,1781.141,True,"[0.0, 6.5555448, 0.03666727, 8.2972155, 0.0, 0.0, 0.0, -1.1984233, -5.19115703]",16,6.25e-09,local,mp-1080022,ZrCu,2
214,2833,slab,-56.86763846,84.871,True,"[2.72966517, -4.72791876, 0.0, 2.72966517, 4.72791876, -0.0, -0.0, 0.0, 4.31306796]",8,1.727399075,local,mp-20883,Fe3Sn,2
215,2834,slab,-47.83359783,96.685,True,"[4.63415529, 0.0, 0.0, 0.0, 4.63415529, 0.0, 0.0, 0.0, 4.63415529]",8,3.13e-07,local,mp-10692,CoGe,2
216,2835,slab,-83.40734242,965.589,True,"[0.0, 13.99064147, -0.03832901, 3.96147128, 0.0, 0.0, 0.0, -3.2037364, -6.08522327]",14,0.988324964,local,mp-1028,V3Te4,2
217,2836,slab,-37.35908912,91.981,True,"[3.29335889, 0.0, 0.0, 0.0, 3.29335889, 0.0, 0.0, 0.0, 11.36218291]",6,1.67e-08,local,mp-1018105,Zr2Zn,2
218,2837,slab,-10.66387721,19.719,True,"[3.48457222, 0.0, 0.0, 0.0, 3.48457222, 0.0, 0.0, 0.0, 3.48457222]",2,2e-07,local,mp-712,YCu,2
219,2838,slab,-13.51133528,32.889,True,"[4.0500736, 0.0, 0.0, 0.0, 4.0500736, 0.0, 0.0, 0.0, 4.0500736]",4,0.0,local,mp-2103,CuAu3,2
220,2839,slab,-65.94144351,92.574,True,"[4.61339205, 0.0, 0.0, 0.0, 4.92336436, 0.0, 0.0, 0.0, 5.6003345]",8,1.25e-08,local,mp-30850,TaPt3,2
221,2840,slab,-32.57553386,56.307,True,"[7.68688062, 0.0, 0.0, 0.0, 7.68688062, 0.0, 0.0, 0.0, 7.68688062]",12,0.078629025,local,mp-1062676,K2Pt,2
222,2841,slab,-29.55882753,16.254,True,"[3.94701719, -0.0, 0.0, 0.0, 3.94701719, 0.0, 0.0, 0.0, 3.94701719]",4,1.5e-07,local,mp-12107,TiPt3,2
223,2842,slab,-111.6368068,149.633,True,"[6.90731762, 0.0, 0.0, 0.0, 6.90731762, 0.0, 0.0, 0.0, 6.90731762]",24,2.5e-08,local,mp-30603,ZrCu5,2
224,2843,slab,-17.41608638,83.143,True,"[2.90872354, 0.0, 0.0, 0.0, 2.90872354, 0.0, 0.0, 0.0, 9.08181625]",4,0.0,local,mp-30500,TiCd,2
225,2844,slab,-87.39576881,4232.031,True,"[4.05509929, -0.0, 0.0, 0.0, 21.02322558, 0.0, -0.0, -0.0, 3.9300174]",16,0.0,local,mp-29772,YGe3,2
226,2845,slab,-61.29109515,104.237,True,"[2.49143479, -4.31529164, -0.0, 2.49143479, 4.31529164, 0.0, 0.0, -0.0, 3.97246942]",8,0.235291725,local,mp-1087479,CrCo3,2
227,2846,slab,-32.41738196,108.313,True,"[2.70042586, 0.0, 0.0, 0.0, 4.41046307, 0.0, 0.0, 0.0, 4.79986177]",4,1e-07,local,mp-1017531,VPt,2
228,2847,slab,-77.67947875,47.679,True,"[5.23623839, 0.0, 0.0, 0.0, 5.23623839, 0.0, 0.0, 0.0, 5.23623839]",8,1.4e-06,local,mp-569249,Ta3Au,2
229,2848,slab,-20.10264152,48.9,True,"[4.69146421, 0.0, 0.0, 0.0, 4.69146421, 0.0, 0.0, 0.0, 6.10910604]",8,2.13e-07,local,mp-1018026,LiAg,2
230,2849,slab,-40.75883755,141.655,True,"[3.33817743, 0.0, 0.0, 0.0, 3.33817743, 0.0, -0.0, 0.0, 8.2892433]",6,0.0,local,mp-10201,Ge2Mo,2
231,2850,slab,-13.17365354,8.383,True,"[2.94683046, -0.0, 0.0, 0.0, 2.94683046, 0.0, -0.0, -0.0, 2.94683046]",2,0.94019375,local,mp-12067,MnAl,2
232,2851,slab,-68.9020687,50.671,True,"[5.3699746, -0.0, 0.0, 0.0, 5.3699746, 0.0, 0.0, -0.0, 5.3699746]",8,1e-07,local,mp-568014,Nb3Bi,2
233,2852,slab,-14.56163331,19.471,True,"[3.12264296, -0.0, 0.0, 0.0, 3.12264296, 0.0, -0.0, 0.0, 3.12264296]",2,2.19644765,local,mp-1902,MnPd,2
234,2853,slab,-44.59209914,140.338,True,"[6.50484112, 0.0, 0.0, -0.0, 6.50484112, 0.0, -0.0, -0.0, 4.09930407]",10,0.7679155,local,mp-1070789,CrAu4,2
235,2854,slab,-29.06958235,19.335,True,"[3.916995, 0.0, 0.0, 0.0, 3.916995, 0.0, 0.0, -0.0, 3.916995]",4,0.3089444,local,mp-372,VPt3,2
236,2855,slab,-38.53190855,81.899,True,"[2.67783266, -4.63814222, 0.0, 2.67783266, 4.63814222, -0.0, -0.0, 0.0, 4.22986105]",8,0.13348765,local,mp-22469,InNi3,2
237,2856,slab,-102.2122248,239.193,True,"[7.35154451, 0.0, 0.0, 0.0, 7.35154451, 0.0, 0.0, 0.0, 7.35154451]",24,0.243738621,local,mp-514,HfZn2,2
238,2857,slab,-123.2584601,141.191,True,"[7.42965367, 0.0, 0.0, 0.0, 7.42965367, 0.0, 0.0, 0.0, 7.42965367]",24,3.75e-08,local,mp-30764,LiPt2,2
239,2858,slab,-31.58584796,51.01,True,"[3.41245784, 0.0, 0.0, 0.0, 5.59494259, 0.0, 0.0, 0.0, 6.420861]",6,3.33e-07,local,mp-9835,CoSb2,2
240,2859,slab,-13.57797766,48.646,True,"[2.70723984, -0.0, 0.0, 0.0, 2.70723984, 0.0, 0.0, -0.0, 3.76893309]",2,1.6342488,local,mp-2831,FePd,2
241,2860,slab,-78.74894364,32.437,True,"[5.00834498, 0.0, 0.0, 0.0, 5.00834498, 0.0, 0.0, 0.0, 5.00834498]",8,8.75e-08,local,mp-1232,Mo3Pt,2
242,2861,slab,-89.85236079,588.844,True,"[0.0, 9.17030371, -0.03569458, 3.35523768, 0.0, 0.0, 0.0, -3.80355954, -6.74673466]",12,0.0,local,mp-1077179,As2W,2
243,2862,slab,-26.0513349,23.534,True,"[3.92263571, -0.0, 0.0, 0.0, 3.92263571, 0.0, 0.0, 0.0, 3.92263571]",4,2.5e-08,local,mp-636328,TiPd3,2
244,2863,slab,-59.32003334,703.11,True,"[4.25129147, 0.0, 0.0, 0.0, 4.55443399, 0.0, 0.0, 0.0, 5.11463015]",8,0.0,local,mp-891,TaNi3,2
245,2864,slab,-21.58784442,28.046,True,"[3.17175033, -0.0, 0.0, 0.0, 3.17175033, 0.0, 0.0, -0.0, 3.17175033]",2,0.0001447,local,mp-12110,TaRu,2
246,2865,slab,-83.23596728,221.333,True,"[5.93575235, 0.0, 0.0, 0.0, 5.93575235, 0.0, 0.0, 0.0, 5.93575235]",16,5e-08,local,mp-11523,Ni3Sn,2
247,2866,slab,-64.2351513,149.4,True,"[3.38628264, 0.0, 0.0, 0.0, 6.05178802, 0.0, 0.0, 0.0, 6.4294961]",8,2.5e-08,local,mp-9998,MoAs,2
248,2867,slab,-54.79259201,757.189,True,"[4.31825654, 0.0, 0.0, 0.0, 6.64317672, 0.0, 0.0, -0.0, 7.53859211]",12,8.33e-09,local,mp-11412,ScGa2,2
249,2868,slab,-84.73888753,4549.731,True,"[0.0, 14.09778898, 0.07737145, 4.00343245, 0.0, 0.0, 0.0, -3.28371922, -6.16631389]",14,1.430839336,local,mp-1078012,Cr3Te4,2
250,2869,slab,-33.84557949,21.891,True,"[3.63552475, 0.0, 0.0, 0.0, 3.63552475, 0.0, 0.0, -0.0, 3.63552475]",4,1.87e-05,local,mp-11358,TaCo3,2
251,2870,slab,-19.7338385,16.027,True,"[4.72674044, 0.0, 0.0, 0.0, 4.72674044, 0.0, 0.0, 0.0, 4.72674044]",4,4.25e-07,local,mp-11571,YSn3,2
252,2871,slab,-69.41162129,1040.348,True,"[0.0, 9.27066764, -0.02830314, 3.92103856, 0.0, 0.0, 0.0, -0.79611066, -6.56583506]",14,1.216128693,local,mp-30410,Mn2Au5,2
253,2872,slab,-34.131826,19.847,True,"[3.89122183, 0.0, 0.0, 0.0, 3.89122183, 0.0, -0.0, -0.0, 3.89122183]",4,2.75e-07,local,mp-2449,NbRh3,2
254,2873,slab,-18.18641455,42.871,True,"[6.9416543, 0.0, 0.0, 0.0, 6.9416543, 0.0, 0.0, 0.0, 3.20530881]",6,4.33e-07,local,mp-1077536,ZnSb2,2
255,2874,slab,-13.73013596,79.801,True,"[2.66085383, -4.60873402, 0.0, 2.66085383, 4.60873402, 0.0, -0.0, -0.0, 4.20904616]",6,6.67e-08,local,mp-30885,YZn5,2
256,2875,slab,-87.12640284,492.789,True,"[7.57060807, 0.0, 0.0, 0.0, 8.07602943, 0.0, 0.0, 0.0, 4.00284587]",16,0.0,local,mp-30663,Ga3Pt5,2
257,2876,slab,-70.25019944,41.779,True,"[5.19382054, 0.0, 0.0, 0.0, 5.19382054, 0.0, 0.0, -0.0, 5.19382054]",8,1.74e-06,local,mp-796,Nb3Al,2
258,2877,slab,-45.82819667,806.755,True,"[5.5725743, -0.0, 0.0, 0.0, 5.5725743, 0.0, 0.0, -0.0, 3.95036281]",8,1.25e-08,local,mp-1078666,GaPt3,2
259,2878,slab,-190.5766347,411.578,True,"[8.04107251, 0.0, 0.0, 0.0, 8.04107251, 0.0, 0.0, 0.0, 8.04107251]",32,3.13e-09,local,mp-1030,SbPt7,2
260,2879,slab,-30.04321212,114.742,True,"[2.78550068, -4.8246287, 0.0, 2.78550068, 4.8246287, -0.0, 0.0, -0.0, 4.3618019]",8,1.25e-08,local,mp-13138,Cu3Sn,2
261,2880,slab,-116.9930654,92.476,True,"[5.74158454, -0.0, 0.0, 0.0, 5.74158454, 0.0, -0.0, -0.0, 5.74158454]",16,1.494617913,local,mp-2018,AlFe3,2
262,2881,slab,-30.01534863,1507.299,True,"[4.35105889, 0.0, 0.0, 0.0, 4.88944217, 0.0, 0.0, 0.0, 5.49600164]",8,0.0,local,mp-581786,Cu3Sn,2
263,2882,slab,-11.02175098,7.92,True,"[3.60073705, 0.0, 0.0, 0.0, 3.60073705, 0.0, 0.0, -0.0, 3.60073705]",2,2.05e-06,local,mp-11229,YAl,2
264,2883,slab,-12.6691588,28.799,True,"[3.0284294, -0.0, 0.0, 0.0, 3.0284294, 0.0, -0.0, -0.0, 3.0284294]",2,1.5e-07,local,mp-22320,GaRu,2
265,2884,slab,-57.04150262,41.131,True,"[4.71907101, 0.0, 0.0, 0.0, 4.71907101, 0.0, -0.0, 0.0, 4.71907101]",8,0.0,local,mp-1483,SiRh,2
266,2885,slab,-75.37275762,96.853,True,"[4.64599006, 0.0, 0.0, 0.0, 4.64599006, 0.0, 0.0, 0.0, 4.64599006]",8,0.0,local,mp-1609,Cr3Ir,2
267,2886,slab,-46.24242353,81.921,True,"[3.60952138, -0.0, 0.0, 0.0, 3.60952138, 0.0, 0.0, -0.0, 6.32308614]",6,1.676189617,local,mp-610522,Mn2As,2
268,2887,slab,-88.13595385,36.632,True,"[4.9915417, 0.0, 0.0, 0.0, 4.9915417, 0.0, 0.0, 0.0, 4.9915417]",8,6.25e-08,local,mp-801,Mo3Os,2
