crystal_id,slab_id,miller,shift,surface_energy_true,surface_energy_pred,area_true,area_pred
2688,2688_0,"(1, 1, 1)",0.50000,0.06509,0.06787,0.77111,0.31708
2688,2688_1,"(2, 2, 1)",0.12500,0.07507,0.07470,0.00501,0.08689
2688,2688_2,"(1, 1, 0)",0.25000,0.07991,0.08207,0.00000,0.00000
2688,2688_3,"(2, 1, 1)",0.12500,0.07687,0.07243,0.03541,0.46973
2688,2688_4,"(2, 1, 0)",0.12500,0.08450,0.08748,0.00000,0.00000
2688,2688_5,"(1, 0, 0)",0.25000,0.07683,0.07488,0.18846,0.12630
2816,2816_0,"(1, 1, 1)",0.00000,0.11066,0.11100,0.00000,0.00000
2816,2816_1,"(1, 1, 1)",0.33633,0.11215,0.11245,0.00000,0.00000
2816,2816_10,"(2, 1, 1)",0.04317,0.12118,0.11919,0.00000,0.00000
2816,2816_11,"(2, 1, 1)",0.12500,0.12043,0.11691,0.00000,0.00000
2816,2816_12,"(2, 1, 0)",0.04317,0.11395,0.10881,0.00000,0.00000
2816,2816_13,"(2, 1, 0)",0.12500,0.11846,0.11087,0.00000,0.00000
2816,2816_14,"(1, 0, 1)",0.25000,0.11746,0.11702,0.00000,0.00000
2816,2816_15,"(2, 0, 1)",0.12500,0.12476,0.12109,0.00000,0.00000
2816,2816_16,"(1, 0, 0)",0.25000,0.10862,0.10148,0.09814,0.13387
2816,2816_17,"(1, 2, 2)",0.03867,0.11922,0.11880,0.00633,0.00000
2816,2816_18,"(1, 2, 2)",0.12500,0.11804,0.11740,0.00000,0.00000
2816,2816_19,"(1, 2, 1)",0.07733,0.10346,0.10160,0.78465,0.69824
2816,2816_2,"(2, 2, 1)",0.03867,0.11622,0.11427,0.00000,0.00000
2816,2816_20,"(1, 2, 1)",0.25000,0.10282,0.10082,0.00000,0.00000
2816,2816_21,"(1, 2, 0)",0.07733,0.12324,0.11941,0.03881,0.03626
2816,2816_22,"(1, 2, 0)",0.17117,0.11846,0.11799,0.00000,0.00000
2816,2816_23,"(1, 2, 0)",0.25000,0.11638,0.11732,0.00000,0.00000
2816,2816_24,"(1, 1, 2)",0.03904,0.12075,0.12092,0.00000,0.00000
2816,2816_25,"(1, 1, 2)",0.12087,0.12419,0.12301,0.00000,0.00000
2816,2816_26,"(1, 1, 2)",0.20683,0.12728,0.12525,0.00000,0.00000
2816,2816_27,"(1, 0, 2)",0.12500,0.12649,0.12565,0.00000,0.00000
2816,2816_28,"(0, 1, 1)",0.08633,0.12776,0.12228,0.00000,0.00000
2816,2816_29,"(0, 1, 1)",0.25000,0.12554,0.12041,0.00000,0.00000
2816,2816_3,"(2, 2, 1)",0.11675,0.11638,0.11309,0.00000,0.00000
2816,2816_30,"(0, 2, 1)",0.07733,0.12138,0.12051,0.00000,0.00000
2816,2816_31,"(0, 2, 1)",0.23349,0.12348,0.12242,0.00000,0.00000
2816,2816_32,"(0, 2, 1)",0.40616,0.12800,0.12256,0.00000,0.00000
2816,2816_33,"(0, 1, 0)",0.07808,0.10531,0.09792,0.00000,0.00000
2816,2816_34,"(0, 1, 0)",0.16442,0.16942,0.16794,0.00000,0.00000
2816,2816_35,"(0, 1, 0)",0.25000,0.09705,0.10337,0.00000,0.00000
2816,2816_36,"(0, 1, 2)",0.04317,0.12419,0.11542,0.00000,0.00000
2816,2816_37,"(0, 1, 2)",0.12500,0.12275,0.11462,0.00000,0.00000
2816,2816_38,"(0, 0, 1)",0.25000,0.11779,0.10512,0.07207,0.13164
2816,2816_4,"(2, 2, 1)",0.20308,0.11670,0.11268,0.00000,0.00000
2816,2816_5,"(1, 1, 0)",0.07808,0.12010,0.11556,0.00000,0.00000
2816,2816_6,"(1, 1, 0)",0.24175,0.12502,0.11793,0.00000,0.00000
2816,2816_7,"(1, 1, 0)",0.41367,0.11371,0.11434,0.00000,0.00000
2816,2816_8,"(2, 1, 2)",0.04317,0.11520,0.11465,0.00000,0.00000
2816,2816_9,"(2, 1, 2)",0.12500,0.11560,0.11465,0.00000,0.00000
2950,2950_0,"(1, 1, 1)",0.06065,0.06493,0.06911,0.00000,0.00000
2950,2950_1,"(1, 1, 1)",0.18026,0.05852,0.08312,0.00000,0.00000
2950,2950_10,"(0, 0, 1)",0.13039,0.06189,0.06139,0.43104,0.23894
2950,2950_12,"(0, 0, 1)",0.50000,0.04671,0.05360,0.00000,0.00000
2950,2950_13,"(2, 2, 1)",0.06520,0.05927,0.06573,0.00000,0.00000
2950,2950_14,"(2, 2, 1)",0.15987,0.07061,0.07328,0.00000,0.00000
2950,2950_15,"(2, 2, 1)",0.25000,0.06380,0.06987,0.00000,0.00000
2950,2950_16,"(2, 1, 2)",0.12500,0.07240,0.07486,0.09691,0.17524
2950,2950_17,"(2, 1, 2)",0.31065,0.07067,0.07395,0.00000,0.00000
2950,2950_18,"(2, 1, 2)",0.43565,0.06539,0.07319,0.00000,0.00000
2950,2950_19,"(2, 1, 1)",0.03033,0.06743,0.07635,0.00000,0.00000
2950,2950_2,"(1, 1, 1)",0.50000,0.05805,0.06230,0.00000,0.00000
2950,2950_20,"(2, 1, 1)",0.12500,0.06941,0.06994,0.00000,0.00000
2950,2950_21,"(2, 1, 1)",0.21967,0.07379,0.07726,0.00000,0.00000
2950,2950_22,"(2, 1, 1)",0.31520,0.07086,0.07519,0.00000,0.00000
2950,2950_23,"(2, 1, 1)",0.44020,0.07121,0.07559,0.00000,0.00000
2950,2950_24,"(2, 1, 0)",0.12500,0.06984,0.07528,0.00000,0.00347
2950,2950_25,"(2, 0, 1)",0.06520,0.07963,0.08324,0.00000,0.00000
2950,2950_26,"(2, 0, 1)",0.15987,0.07762,0.08055,0.00000,0.00000
2950,2950_27,"(2, 0, 1)",0.25000,0.08115,0.07999,0.00000,0.00000
2950,2950_28,"(2, 0, 1)",0.34013,0.07687,0.07921,0.00000,0.00000
2950,2950_29,"(2, 0, 1)",0.43480,0.07655,0.07730,0.00000,0.00000
2950,2950_3,"(1, 1, 0)",0.25000,0.05845,0.06400,0.18075,0.19040
2950,2950_30,"(1, 1, 2)",0.12869,0.06980,0.06945,0.26725,0.33033
2950,2950_31,"(1, 1, 2)",0.50000,0.05977,0.06328,0.00000,0.00000
2950,2950_32,"(1, 0, 2)",0.12131,0.08482,0.09276,0.00066,0.00000
2950,2950_33,"(1, 0, 2)",0.37131,0.08042,0.08794,0.00000,0.00000
2950,2950_34,"(1, 0, 2)",0.75000,0.06564,0.07298,0.00000,0.00000
2950,2950_4,"(1, 0, 1)",0.13039,0.08964,0.09627,0.00000,0.00000
2950,2950_5,"(1, 0, 1)",0.38039,0.08960,0.08942,0.00000,0.00000
2950,2950_6,"(1, 0, 1)",0.56065,0.07979,0.08325,0.00000,0.00000
2950,2950_7,"(1, 0, 1)",0.75000,0.06676,0.07693,0.00000,0.00000
2950,2950_8,"(1, 0, 1)",0.93935,0.07588,0.07620,0.00000,0.00000
2950,2950_9,"(1, 0, 0)",0.25000,0.07359,0.07830,0.02338,0.06161
3081,3081_1,"(1, 1, 1)",0.21927,0.09347,0.08281,0.00000,0.31633
3081,3081_10,"(0, 1, 1)",0.13043,0.08927,0.08988,0.00000,0.00000
3081,3081_12,"(0, 1, 1)",0.48528,0.11300,0.09300,0.00000,0.00000
3081,3081_13,"(0, 1, 0)",0.12500,0.08643,0.08035,0.08995,0.13841
3081,3081_14,"(0, 0, 1)",0.04442,0.13896,0.10843,0.00000,0.00000
3081,3081_15,"(0, 0, 1)",0.18414,0.10171,0.08992,0.00000,0.00000
3081,3081_16,"(0, 0, 1)",0.31457,0.08068,0.10824,0.00000,0.00000
3081,3081_17,"(0, 0, 1)",0.50000,0.06286,0.07846,0.00000,0.00000
3081,3081_18,"(2, 2, 1)",0.03758,0.09174,0.08519,0.00000,0.06833
3081,3081_2,"(1, 1, 1)",0.41942,0.09118,0.08110,0.00000,0.00000
3081,3081_23,"(2, 1, 2)",0.06586,0.07598,0.08404,0.00000,0.00000
3081,3081_24,"(2, 1, 2)",0.17278,0.08283,0.08680,0.00000,0.00000
3081,3081_28,"(2, 1, 0)",0.06250,0.09008,0.08730,0.00000,0.01874
3081,3081_29,"(2, 0, 1)",0.02221,0.10700,0.09055,0.00000,0.00000
3081,3081_3,"(1, 1, 0)",0.12500,0.09588,0.08718,0.00000,0.00000
3081,3081_30,"(2, 0, 1)",0.09207,0.10328,0.08967,0.00000,0.00000
3081,3081_31,"(2, 0, 1)",0.15728,0.09936,0.08614,0.00000,0.00000
3081,3081_32,"(2, 0, 1)",0.25000,0.09882,0.08463,0.00000,0.00000
3081,3081_33,"(1, 2, 2)",0.04442,0.08016,0.08531,0.00000,0.00000
3081,3081_35,"(1, 2, 2)",0.25000,0.08276,0.08585,0.00000,0.00000
3081,3081_37,"(1, 2, 1)",0.05978,0.09321,0.08481,0.00000,0.00000
3081,3081_38,"(1, 2, 1)",0.10743,0.09074,0.08603,0.00000,0.00000
3081,3081_39,"(1, 2, 1)",0.25000,0.08976,0.08155,0.00000,0.00000
3081,3081_4,"(1, 0, 1)",0.11028,0.09165,0.08439,0.00000,0.00000
3081,3081_40,"(1, 2, 0)",0.12500,0.07732,0.08328,0.91005,0.12099
3081,3081_44,"(1, 0, 2)",0.01472,0.10064,0.09453,0.00000,0.10280
3081,3081_45,"(1, 0, 2)",0.09530,0.07771,0.08969,0.00000,0.00000
3081,3081_46,"(1, 0, 2)",0.25000,0.07785,0.08450,0.00000,0.00000
3081,3081_47,"(0, 2, 1)",0.03758,0.09321,0.08508,0.00000,0.10101
3081,3081_49,"(0, 2, 1)",0.15793,0.09301,0.08450,0.00000,0.00000
3081,3081_50,"(0, 2, 1)",0.25000,0.09820,0.08045,0.00000,0.00000
3081,3081_52,"(0, 1, 2)",0.06586,0.06776,0.08705,0.00000,0.00000
3081,3081_53,"(0, 1, 2)",0.16013,0.08850,0.09552,0.00000,0.00000
3081,3081_54,"(0, 1, 2)",0.23735,0.07992,0.09964,0.00000,0.00000
3081,3081_7,"(1, 0, 1)",0.50000,0.10425,0.09245,0.00000,0.00000
3081,3081_8,"(1, 0, 0)",0.25000,0.10592,0.08130,0.00000,0.13339
3081,3081_9,"(0, 1, 1)",0.04985,0.09963,0.09797,0.00000,0.00000
2958,2958_2,"(1, 1, 0)",0.25000,0.05555,0.05805,0.64421,0.00000
2958,2958_25,"(1, 0, 2)",0.05046,0.05225,0.05362,0.00000,0.76876
2958,2958_26,"(1, 0, 2)",0.13380,0.05912,0.05188,0.00000,0.00000
2958,2958_27,"(1, 0, -2)",0.21713,0.03917,0.04016,0.00000,0.00000
2958,2958_3,"(1, 0, 1)",0.14144,0.06538,0.04578,0.00000,0.00000
2958,2958_4,"(1, 0, 1)",0.39144,0.04791,0.05075,0.00000,0.00000
2958,2958_5,"(1, 0, 0)",0.08333,0.05605,0.05381,0.35579,0.00000
2958,2958_7,"(1, 0, -1)",0.10856,0.04208,0.05288,0.00000,0.00000
2958,2958_8,"(0, 0, 1)",0.02523,0.02105,0.06829,0.00000,0.23124
2958,2958_9,"(0, 0, 1)",0.10856,0.06702,0.04964,0.00000,0.00000
2706,2706_0,"(1, 1, 1)",0.12500,0.05587,0.05669,0.00000,0.00000
2706,2706_1,"(1, 1, 1)",0.50000,0.02731,0.04523,0.00000,0.00000
2706,2706_2,"(2, 2, 1)",0.06250,0.03659,0.04588,0.00000,0.00000
2706,2706_3,"(1, 1, 0)",0.25000,0.03350,0.03563,0.42692,0.89074
2706,2706_4,"(2, 1, 1)",0.12500,0.03495,0.04197,0.57308,0.00000
2706,2706_5,"(2, 1, 0)",0.06250,0.03956,0.04094,0.00000,0.10926
2706,2706_6,"(1, 0, 0)",0.12500,0.04892,0.04696,0.00000,0.00000
3091,3091_0,"(1, 1, 1)",0.12500,0.07647,0.07788,0.00000,0.00000
3091,3091_1,"(1, 1, 1)",0.37500,0.08062,0.08844,0.00000,0.00000
3091,3091_2,"(1, 1, 0)",0.25000,0.05958,0.05815,1.00000,1.00000
3091,3091_3,"(1, 0, 0)",0.12500,0.09396,0.09144,0.00000,0.00000
3091,3091_4,"(2, 2, 1)",0.06250,0.07235,0.07105,0.00000,0.00000
3091,3091_6,"(2, 1, 0)",0.06250,0.07821,0.07751,0.00000,0.00000
2840,2840_0,"(1, 1, 1)",0.12500,0.04817,0.05191,0.00000,0.00000
2840,2840_3,"(1, 1, 0)",0.25000,0.01395,0.02653,1.00000,1.00000
3096,3096_0,"(1, 1, 1)",0.12500,0.11991,0.12134,0.00000,0.00000
3096,3096_1,"(1, 1, 1)",0.37500,0.11412,0.10967,0.00000,0.00000
3096,3096_2,"(1, 1, 0)",0.25000,0.09558,0.09033,0.96186,0.98534
3096,3096_3,"(1, 0, 0)",0.12500,0.11960,0.11858,0.03814,0.01466
3096,3096_6,"(2, 1, 0)",0.06250,0.11543,0.11380,0.00000,0.00000
3098,3098_0,"(1, 1, 1)",0.12500,0.07931,0.08313,0.00000,0.00000
3098,3098_1,"(1, 1, 1)",0.37500,0.08484,0.09204,0.00000,0.00000
3098,3098_2,"(1, 1, 0)",0.25000,0.07143,0.06840,0.71639,1.00000
3098,3098_3,"(1, 0, 0)",0.12500,0.10216,0.09990,0.00000,0.00000
3098,3098_5,"(2, 1, 1)",0.12500,0.07852,0.08538,0.28361,0.00000
3098,3098_6,"(2, 1, 0)",0.06250,0.08847,0.08667,0.00000,0.00000
2723,2723_0,"(1, 1, 1)",0.05234,0.10954,0.10903,0.00000,0.00000
2723,2723_1,"(1, 1, 1)",0.15504,0.11214,0.11068,0.00000,0.00000
2723,2723_12,"(2, 1, 0)",0.12500,0.11782,0.11933,0.01736,0.00000
2723,2723_13,"(1, 0, 1)",0.10270,0.12254,0.12127,0.00000,0.00000
2723,2723_14,"(1, 0, 1)",0.30035,0.12413,0.12289,0.00000,0.00000
2723,2723_15,"(1, 0, 1)",0.50000,0.13063,0.12604,0.00000,0.00000
2723,2723_16,"(2, 0, 1)",0.02617,0.12415,0.12054,0.00000,0.00000
2723,2723_17,"(2, 0, 1)",0.07752,0.12269,0.12046,0.00000,0.00000
2723,2723_18,"(2, 0, 1)",0.12500,0.12323,0.12132,0.00000,0.00000
2723,2723_19,"(1, 0, 0)",0.25000,0.12051,0.11803,0.05888,0.12520
2723,2723_2,"(1, 1, 1)",0.25000,0.10965,0.10818,0.00000,0.00000
2723,2723_20,"(1, 1, 2)",0.10469,0.11363,0.11435,0.00000,0.00000
2723,2723_21,"(1, 1, 2)",0.31008,0.11830,0.11559,0.00000,0.00000
2723,2723_22,"(1, 1, 2)",0.50000,0.11376,0.11276,0.00000,0.00000
2723,2723_23,"(1, 0, 2)",0.04461,0.12641,0.12545,0.25086,0.31287
2723,2723_24,"(1, 0, 2)",0.14930,0.12497,0.12241,0.00000,0.00000
2723,2723_25,"(1, 0, 2)",0.25000,0.12284,0.12025,0.00000,0.00000
2723,2723_26,"(0, 0, 1)",0.05234,0.12442,0.11560,0.32316,0.00000
2723,2723_27,"(0, 0, 1)",0.15504,0.12158,0.12297,0.00000,0.00000
2723,2723_28,"(0, 0, 1)",0.25000,0.10695,0.10794,0.00000,0.00000
2723,2723_5,"(1, 1, 0)",0.50000,0.10301,0.10403,0.34974,0.38151
2723,2723_6,"(2, 1, 2)",0.02230,0.12034,0.11855,0.00000,0.18042
2723,2723_7,"(2, 1, 2)",0.07465,0.12011,0.11801,0.00000,0.00000
2723,2723_8,"(2, 1, 2)",0.12500,0.12037,0.11709,0.00000,0.00000
2980,2980_0,"(1, 1, 1)",0.12500,0.10963,0.10194,0.00000,0.00000
2980,2980_1,"(1, 1, 1)",0.37500,0.05591,0.05708,0.00000,0.00000
2980,2980_2,"(1, 1, 0)",0.25000,0.06191,0.05863,1.00000,0.99467
2980,2980_3,"(1, 0, 0)",0.12500,0.09333,0.08813,0.00000,0.00000
2980,2980_4,"(2, 2, 1)",0.06250,0.07596,0.07342,0.00000,0.00000
2980,2980_6,"(2, 1, 0)",0.06250,0.07867,0.07264,0.00000,0.00533
2986,2986_0,"(1, 1, 1)",0.09058,0.05449,0.05225,0.00000,0.00000
2986,2986_1,"(1, 1, 1)",0.21326,0.07329,0.05992,0.00000,0.00000
2986,2986_10,"(0, 0, 1)",0.50000,0.03468,0.04160,0.00000,0.00000
2986,2986_11,"(2, 2, 1)",0.06366,0.04020,0.04286,0.00000,0.00000
2986,2986_12,"(2, 2, 1)",0.25000,0.04868,0.05084,0.00000,0.00000
2986,2986_13,"(2, 1, 2)",0.03210,0.05030,0.04817,0.00000,0.00000
2986,2986_14,"(2, 1, 2)",0.12500,0.05091,0.05072,0.00000,0.00000
2986,2986_15,"(2, 1, 2)",0.37500,0.05240,0.04913,0.00000,0.00000
2986,2986_16,"(2, 1, 1)",0.06366,0.05943,0.05577,0.00000,0.00000
2986,2986_17,"(2, 1, 1)",0.29529,0.05577,0.05417,0.00000,0.00000
2986,2986_18,"(2, 1, 1)",0.37500,0.04447,0.04953,0.00000,0.00000
2986,2986_19,"(2, 1, 0)",0.12500,0.04785,0.05246,0.00000,0.00000
2986,2986_2,"(1, 1, 1)",0.50000,0.03576,0.04083,0.00000,0.00000
2986,2986_20,"(2, 0, 1)",0.06366,0.05962,0.05747,0.00000,0.00000
2986,2986_21,"(2, 0, 1)",0.14337,0.05534,0.05391,0.00000,0.00000
2986,2986_22,"(2, 0, 1)",0.25000,0.05797,0.05409,0.00000,0.00000
2986,2986_23,"(1, 1, 2)",0.03674,0.05830,0.04791,0.00000,0.49702
2986,2986_24,"(1, 1, 2)",0.25000,0.04017,0.04710,0.00000,0.00000
2986,2986_25,"(1, 0, 2)",0.12500,0.05015,0.04871,0.00000,0.00000
2986,2986_26,"(1, 0, 2)",0.28210,0.06430,0.05536,0.00000,0.00000
2986,2986_27,"(1, 0, 2)",0.37500,0.07014,0.06218,0.00000,0.00000
2986,2986_3,"(1, 1, 0)",0.25000,0.04318,0.04633,0.00000,0.00000
2986,2986_4,"(1, 0, 1)",0.09058,0.06468,0.05469,0.00000,0.00000
2986,2986_5,"(1, 0, 1)",0.25000,0.04652,0.05261,0.00000,0.00000
2986,2986_6,"(1, 0, 1)",0.62732,0.08321,0.06469,0.00000,0.00000
2986,2986_7,"(1, 0, 0)",0.25000,0.04814,0.04885,1.00000,0.50298
2986,2986_8,"(0, 0, 1)",0.12732,0.07377,0.06110,0.00000,0.00000
2986,2986_9,"(0, 0, 1)",0.28674,0.09692,0.08702,0.00000,0.00000
2862,2862_0,"(1, 1, 1)",0.50000,0.09697,0.09703,0.66079,0.33730
2862,2862_1,"(2, 2, 1)",0.12500,0.10952,0.10569,0.07626,0.11604
2862,2862_2,"(1, 1, 0)",0.25000,0.11742,0.11067,0.00000,0.03704
2862,2862_3,"(2, 1, 1)",0.12500,0.11375,0.10468,0.04331,0.27041
2862,2862_4,"(2, 1, 0)",0.12500,0.11960,0.11597,0.06050,0.00000
2862,2862_5,"(1, 0, 0)",0.25000,0.11461,0.10123,0.15914,0.23922
2622,2622_0,"(1, 1, 1)",0.08020,0.07363,0.07442,0.00000,0.00000
2622,2622_1,"(1, 1, 1)",0.25548,0.07367,0.07541,0.00000,0.00000
2622,2622_10,"(2, 1, 1)",0.25000,0.06654,0.06909,0.00000,0.00000
2622,2622_11,"(2, 1, 0)",0.08333,0.06603,0.06775,0.00000,0.00000
2622,2622_12,"(2, 1, 0)",0.25000,0.07112,0.07110,0.00000,0.00000
2622,2622_13,"(1, 0, 1)",0.08647,0.08368,0.08123,0.00000,0.00000
2622,2622_14,"(1, 0, 1)",0.24452,0.07848,0.08169,0.00000,0.00000
2622,2622_15,"(1, 0, 1)",0.50000,0.06280,0.06518,0.00000,0.00000
2622,2622_16,"(2, 0, 1)",0.11913,0.08069,0.08404,0.00000,0.00000
2622,2622_17,"(1, 0, 0)",0.16667,0.07343,0.07951,0.00000,0.00000
2622,2622_18,"(1, 0, 0)",0.50000,0.08633,0.08455,0.00000,0.00000
2622,2622_19,"(2, -1, 2)",0.08020,0.07139,0.07497,0.00000,0.00000
2622,2622_2,"(1, 1, 1)",0.50000,0.07282,0.07626,0.00000,0.00000
2622,2622_20,"(2, -1, 2)",0.25000,0.07358,0.07747,0.00000,0.00000
2622,2622_21,"(1, 0, 2)",0.24373,0.05800,0.06879,0.57121,0.55978
2622,2622_22,"(0, 0, 1)",0.08020,0.08421,0.07525,0.00000,0.00000
2622,2622_23,"(0, 0, 1)",0.25548,0.09178,0.10833,0.00000,0.00000
2622,2622_24,"(0, 0, 1)",0.50000,0.07572,0.09432,0.00000,0.00000
2622,2622_3,"(2, 2, 1)",0.04010,0.06823,0.06976,0.00000,0.00000
2622,2622_4,"(2, 2, 1)",0.12774,0.06842,0.07002,0.00000,0.00000
2622,2622_5,"(2, 2, 1)",0.25000,0.06760,0.07102,0.00000,0.00000
2622,2622_6,"(1, 1, 0)",0.50000,0.05930,0.06324,0.42879,0.37966
2622,2622_7,"(2, 1, 2)",0.24373,0.07093,0.07267,0.00000,0.06056
2622,2622_8,"(2, 1, 1)",0.04323,0.07587,0.07753,0.00000,0.00000
2622,2622_9,"(2, 1, 1)",0.12226,0.07435,0.07664,0.00000,0.00000
2884,2884_0,"(1, 1, 1)",0.00282,0.13706,0.13793,,
2884,2884_1,"(1, 1, 1)",0.30803,0.11812,0.11991,,
2884,2884_10,"(2, 2, 1)",0.45553,0.11705,0.11472,,
2884,2884_11,"(1, 1, 0)",0.09176,0.11711,0.11274,,
2884,2884_12,"(1, 1, 0)",0.25000,0.09270,0.10505,,
2884,2884_13,"(1, 1, 0)",0.59740,0.13120,0.11938,,
2884,2884_14,"(1, 1, 0)",0.75000,0.11903,0.12099,,
2884,2884_15,"(2, 1, 1)",0.00282,0.11470,0.11064,,
2884,2884_16,"(2, 1, 1)",0.14046,0.12338,0.11830,,
2884,2884_17,"(2, 1, 1)",0.21676,0.11961,0.11894,,
2884,2884_18,"(2, 1, 1)",0.27760,0.11612,0.11579,,
2884,2884_19,"(2, 1, 1)",0.32630,0.10772,0.11329,,
2884,2884_2,"(1, 1, 1)",0.49155,0.11485,0.10968,,
2884,2884_20,"(2, 1, 1)",0.37782,0.11554,0.11486,,
2884,2884_21,"(2, 1, 0)",0.00000,0.09890,0.10064,,
2884,2884_22,"(2, 1, 0)",0.20130,0.13133,0.12543,,
2884,2884_23,"(2, 1, 0)",0.25000,0.15370,0.14504,,
2884,2884_24,"(1, 0, 0)",0.00000,0.08610,0.09735,,
2884,2884_25,"(1, 0, 0)",0.25000,0.12615,0.12086,,
2884,2884_3,"(1, 1, 1)",0.68634,0.11103,0.11596,,
2884,2884_4,"(2, 2, 1)",0.00423,0.11542,0.11361,,
2884,2884_5,"(2, 2, 1)",0.06275,0.12116,0.11782,,
2884,2884_6,"(2, 2, 1)",0.13905,0.11970,0.11869,,
2884,2884_7,"(2, 2, 1)",0.25141,0.12204,0.11688,,
2884,2884_8,"(2, 2, 1)",0.35532,0.11552,0.11349,,
2884,2884_9,"(2, 2, 1)",0.40260,0.11201,0.10928,,
2629,2629_0,"(1, 1, 1)",0.00000,0.05739,0.05774,0.08761,0.00000
2629,2629_1,"(1, 1, 1)",0.16310,0.05717,0.05847,0.00000,0.00000
2629,2629_10,"(2, 1, 1)",0.25000,0.05952,0.05749,0.00000,0.00000
2629,2629_11,"(2, 1, 0)",0.08333,0.05765,0.05817,0.00000,0.02400
2629,2629_12,"(2, 1, 0)",0.25000,0.05987,0.05749,0.00000,0.00000
2629,2629_13,"(1, 0, 1)",0.00000,0.05536,0.06042,0.00000,0.00000
2629,2629_14,"(1, 0, 1)",0.17380,0.05731,0.06046,0.00000,0.00000
2629,2629_15,"(1, 0, 1)",0.33690,0.06831,0.06325,0.00000,0.00000
2629,2629_16,"(1, 0, 1)",0.50000,0.06577,0.06289,0.00000,0.00000
2629,2629_17,"(2, 0, 1)",0.00000,0.06429,0.06334,0.00000,0.00000
2629,2629_18,"(2, 0, 1)",0.08155,0.06268,0.06246,0.00000,0.00000
2629,2629_19,"(2, 0, 1)",0.16310,0.06461,0.06339,0.00000,0.00000
2629,2629_2,"(2, 2, 1)",0.00000,0.05622,0.05612,0.00000,0.00000
2629,2629_20,"(2, 0, 1)",0.25000,0.06195,0.06475,0.00000,0.00000
2629,2629_21,"(1, 0, 0)",0.16667,0.05975,0.06541,0.00000,0.00000
2629,2629_22,"(1, 0, 0)",0.50000,0.06827,0.06007,0.00000,0.00000
2629,2629_23,"(2, -1, 2)",0.00000,0.05836,0.05849,0.00000,0.00000
2629,2629_24,"(2, -1, 2)",0.16310,0.05895,0.05890,0.00000,0.00000
2629,2629_25,"(1, 0, 2)",0.00000,0.05314,0.05223,0.00000,0.00000
2629,2629_26,"(1, 0, 2)",0.16310,0.06062,0.05891,0.00000,0.00000
2629,2629_27,"(0, 0, 1)",0.00000,0.05411,0.06748,0.00000,0.00000
2629,2629_28,"(0, 0, 1)",0.16310,0.06282,0.07818,0.00000,0.00000
2629,2629_3,"(2, 2, 1)",0.08155,0.05595,0.05715,0.00000,0.00000
2629,2629_4,"(1, 1, 0)",0.50000,0.05362,0.05433,0.91239,0.97600
2629,2629_5,"(2, 1, 2)",0.16310,0.05975,0.05929,0.00000,0.00000
2629,2629_6,"(2, 1, 2)",0.50000,0.05834,0.05772,0.00000,0.00000
2629,2629_7,"(2, 1, 1)",0.00000,0.05680,0.05812,0.00000,0.00000
2629,2629_8,"(2, 1, 1)",0.08690,0.05707,0.05812,0.00000,0.00000
2629,2629_9,"(2, 1, 1)",0.16845,0.06094,0.05908,0.00000,0.00000
2630,2630_0,"(1, 1, 1)",0.12500,0.08109,0.07892,0.01204,0.05207
2630,2630_10,"(1, 0, 1)",0.29167,0.07588,0.07513,0.00000,0.00000
2630,2630_11,"(2, 0, 1)",0.10417,0.08707,0.08471,0.00000,0.00000
2630,2630_12,"(2, 0, 1)",0.22917,0.07544,0.07249,0.00000,0.00000
2630,2630_13,"(1, 0, 0)",0.16667,0.09877,0.09879,0.00000,0.00000
2630,2630_14,"(1, 0, 0)",0.50000,0.06752,0.06562,0.00000,0.00000
2630,2630_15,"(2, -1, 2)",0.12500,0.07894,0.07939,0.30718,0.15628
2630,2630_16,"(1, 0, 2)",0.04167,0.08820,0.08428,0.02176,0.13598
2630,2630_17,"(1, 0, 2)",0.25000,0.06763,0.07060,0.00000,0.00000
2630,2630_18,"(0, 0, 1)",0.12500,0.08699,0.08528,0.12701,0.09899
2630,2630_2,"(1, 1, 0)",0.50000,0.07566,0.07398,0.46563,0.47666
2630,2630_3,"(2, 1, 2)",0.04167,0.08034,0.07905,0.06638,0.08003
2630,2630_4,"(2, 1, 2)",0.25000,0.07861,0.07854,0.00000,0.00000
2630,2630_5,"(2, 1, 1)",0.02083,0.08987,0.08872,0.00000,0.00000
2630,2630_6,"(2, 1, 1)",0.14583,0.07902,0.07866,0.00000,0.00000
2630,2630_7,"(2, 1, 0)",0.08333,0.08485,0.08324,0.00000,0.00000
2630,2630_8,"(2, 1, 0)",0.25000,0.07501,0.07167,0.00000,0.00000
2630,2630_9,"(1, 0, 1)",0.04167,0.09916,0.09883,0.00000,0.00000
2887,2887_0,"(1, 1, 1)",0.12500,0.18795,0.18936,0.25036,0.12137
2887,2887_1,"(2, 2, 1)",0.06250,0.19049,0.18740,0.39761,0.65359
2887,2887_2,"(1, 1, 0)",0.12500,0.19951,0.19445,0.00000,0.00000
2887,2887_3,"(1, 1, 0)",0.37500,0.18790,0.18536,0.00000,0.00000
2887,2887_4,"(2, 1, 1)",0.06250,0.19076,0.18984,0.35203,0.22504
2887,2887_5,"(2, 1, 1)",0.25000,0.18557,0.18280,0.00000,0.00000
2887,2887_6,"(2, 1, 0)",0.06250,0.18332,0.17823,0.00000,0.00000
2887,2887_7,"(2, 1, 0)",0.18750,0.19233,0.18440,0.00000,0.00000
2764,2764_0,"(1, 1, 1)",0.07761,0.12015,0.12060,0.00106,0.00000
2764,2764_1,"(1, 1, 1)",0.20261,0.12008,0.12060,0.00000,0.00000
2764,2764_10,"(2, 1, 1)",0.25000,0.11055,0.11220,0.00000,0.00000
2764,2764_11,"(2, 1, 0)",0.04310,0.11612,0.12485,0.00000,0.15137
2764,2764_12,"(2, 1, 0)",0.12500,0.11697,0.12466,0.00000,0.00000
2764,2764_13,"(1, 0, 1)",0.00000,0.10975,0.11561,0.00000,0.00000
2764,2764_14,"(1, 0, 1)",0.21119,0.13850,0.12730,0.00000,0.00000
2764,2764_15,"(2, 0, 1)",0.00000,0.11680,0.12082,0.00000,0.00000
2764,2764_16,"(2, 0, 1)",0.10131,0.12088,0.12941,0.00000,0.00000
2764,2764_17,"(1, 0, 0)",0.08619,0.11836,0.12722,0.00000,0.00000
2764,2764_18,"(1, 0, 0)",0.25000,0.12273,0.13179,0.00000,0.00000
2764,2764_19,"(1, 1, 2)",0.00000,0.11904,0.11612,0.00000,0.00000
2764,2764_2,"(2, 2, 1)",0.04739,0.11602,0.11733,0.34111,0.64821
2764,2764_20,"(1, 1, 2)",0.16381,0.12102,0.11799,0.00000,0.00000
2764,2764_21,"(1, 0, 2)",0.04310,0.12233,0.12724,0.00000,0.00000
2764,2764_22,"(1, 0, 2)",0.12500,0.12611,0.12490,0.00000,0.00000
2764,2764_23,"(0, 0, 1)",0.12500,0.11996,0.12635,0.65783,0.20042
2764,2764_4,"(1, 1, 0)",0.07761,0.14656,0.13109,0.00000,0.00000
2764,2764_5,"(1, 1, 0)",0.32761,0.11295,0.11588,0.00000,0.00000
2764,2764_6,"(2, 1, 2)",0.04310,0.12043,0.12131,0.00000,0.00000
2764,2764_7,"(2, 1, 2)",0.12500,0.11904,0.11850,0.00000,0.00000
2764,2764_8,"(2, 1, 1)",0.03881,0.12996,0.13714,0.00000,0.00000
2764,2764_9,"(2, 1, 1)",0.10560,0.12252,0.12513,0.00000,0.00000
2892,2892_0,"(1, 1, 1)",0.09306,0.02909,0.03226,0.00000,0.00000
2892,2892_1,"(1, 1, 1)",0.21806,0.03806,0.03430,0.00000,0.00000
2892,2892_19,"(2, 1, 0)",0.12500,0.03259,0.03781,0.00000,0.20906
2892,2892_2,"(1, 1, 0)",0.09306,0.02461,0.03937,0.00000,0.00000
2892,2892_20,"(2, 0, 1)",0.00000,0.01435,0.03602,1.00000,0.24157
2892,2892_23,"(1, 1, 2)",0.17153,0.03666,0.03732,0.00000,0.00000
2892,2892_3,"(1, 1, 0)",0.34306,0.05868,0.04345,0.00000,0.00000
2892,2892_4,"(1, 0, 1)",0.00000,0.02175,0.04690,0.00000,0.00000
2892,2892_5,"(1, 0, 1)",0.20347,0.04192,0.03637,0.00000,0.00000
2892,2892_6,"(1, 0, 0)",0.07847,0.08880,0.03517,0.00000,0.34621
2892,2892_7,"(1, 0, 0)",0.25000,0.00780,0.03331,0.00000,0.00000
2892,2892_8,"(0, 0, 1)",0.12500,0.05749,0.03262,0.00000,0.20315
2766,2766_0,"(1, 1, 1)",0.25000,0.08410,0.08436,0.00000,0.00000
2766,2766_1,"(2, 2, 1)",0.12500,0.07676,0.07537,0.00000,0.03011
2766,2766_2,"(1, 1, 0)",0.50000,0.06334,0.06830,1.00000,0.62214
2766,2766_3,"(2, 1, 1)",0.25000,0.07826,0.07425,0.00000,0.34775
2766,2766_4,"(2, 1, 0)",0.12500,0.08497,0.08344,0.00000,0.00000
2766,2766_5,"(1, 0, 0)",0.25000,0.10846,0.09677,0.00000,0.00000
3024,3024_0,"(1, 1, 1)",0.05950,0.04329,0.04349,0.12559,0.00000
3024,3024_1,"(1, 1, 1)",0.14284,0.04262,0.04485,0.00000,0.00000
3024,3024_17,"(2, 0, 1)",0.02975,0.04580,0.04212,0.00000,0.00000
3024,3024_18,"(2, 0, 1)",0.07142,0.04329,0.04354,0.00000,0.00000
3024,3024_19,"(2, 0, -1)",0.05358,0.04999,0.04436,0.00000,0.00000
3024,3024_2,"(1, 1, 0)",0.25000,0.04309,0.04336,0.87441,0.02012
3024,3024_20,"(2, 0, -1)",0.17858,0.03722,0.04059,0.00000,0.00000
3024,3024_21,"(2, -1, 2)",0.02383,0.04208,0.04292,0.00000,0.03564
3024,3024_22,"(2, -1, 2)",0.06550,0.04288,0.04212,0.00000,0.00000
3024,3024_23,"(1, 0, 2)",0.04766,0.04296,0.04521,0.00000,0.29000
3024,3024_24,"(1, 0, 2)",0.13100,0.04595,0.04421,0.00000,0.00000
3024,3024_25,"(1, 0, -2)",0.21433,0.04005,0.03951,0.00000,0.00000
3024,3024_26,"(1, 0, -2)",0.46433,0.06042,0.04122,0.00000,0.00000
3024,3024_3,"(1, 0, 1)",0.10716,0.04148,0.03841,0.00000,0.65425
3024,3024_4,"(1, 0, 1)",0.35716,0.05008,0.03668,0.00000,0.00000
3024,3024_5,"(1, 0, 0)",0.08333,0.04410,0.04335,0.00000,0.00000
3024,3024_6,"(1, 0, -1)",0.05950,0.03800,0.03784,0.00000,0.00000
3024,3024_7,"(1, 0, -1)",0.14284,0.04623,0.03983,0.00000,0.00000
2906,2906_0,"(1, 1, 1)",0.03365,0.02286,0.02832,0.00000,0.00000
2906,2906_10,"(1, 0, -1)",0.16667,0.02864,0.02384,0.00000,0.00000
2906,2906_11,"(0, 0, 1)",0.03365,0.05558,0.06640,0.09513,0.00000
2906,2906_13,"(0, 0, 1)",0.16667,0.00088,0.07337,0.00000,0.00000
2906,2906_2,"(1, 1, 1)",0.16667,0.02429,0.02850,0.00000,0.00000
2906,2906_25,"(2, 1, -2)",0.25000,0.01865,0.02713,0.90487,0.00000
2906,2906_3,"(1, 1, 0)",0.50000,0.02376,0.02546,0.00000,1.00000
2906,2906_31,"(2, -1, 2)",0.02577,0.02250,0.02774,0.00000,0.00000
2906,2906_33,"(1, 0, 2)",0.05154,0.03862,0.02753,0.00000,0.00000
2906,2906_35,"(1, 0, 2)",0.16667,0.04231,0.03062,0.00000,0.00000
2906,2906_36,"(1, 0, -2)",0.09937,0.02342,0.02152,0.00000,0.00000
2906,2906_37,"(1, 0, -2)",0.31757,0.03130,0.02380,0.00000,0.00000
2906,2906_38,"(1, 0, -2)",0.50000,0.01992,0.02701,0.00000,0.00000
2906,2906_4,"(1, 0, 1)",0.10910,0.02316,0.02463,0.00000,0.00000
2906,2906_5,"(1, 0, 1)",0.30942,0.04954,0.02694,0.00000,0.00000
2906,2906_6,"(1, 0, 1)",0.50000,0.02351,0.02503,0.00000,0.00000
2906,2906_7,"(1, 0, 0)",0.16667,0.02877,0.02561,0.00000,0.00000
2906,2906_8,"(1, 0, -1)",0.03365,0.03136,0.02636,0.00000,0.00000
2906,2906_9,"(1, 0, -1)",0.09121,0.02751,0.02785,0.00000,0.00000
2652,2652_0,"(1, 1, 1)",0.09186,0.07573,0.07552,0.00000,0.00000
2652,2652_1,"(1, 1, 1)",0.21686,0.08175,0.07811,0.00000,0.00000
2652,2652_10,"(2, 1, 1)",0.10204,0.07730,0.07599,0.21723,0.93037
2652,2652_11,"(2, 1, 1)",0.25000,0.06911,0.07181,0.00000,0.00000
2652,2652_12,"(2, 1, 0)",0.03954,0.07601,0.07322,0.77027,0.00000
2652,2652_13,"(2, 1, 0)",0.12500,0.07285,0.07469,0.00000,0.00000
2652,2652_14,"(1, 0, 1)",0.00000,0.06993,0.07996,0.00000,0.00000
2652,2652_15,"(1, 0, 1)",0.20407,0.08265,0.08219,0.00000,0.00000
2652,2652_16,"(2, 0, 1)",0.00000,0.07456,0.07442,0.00000,0.00000
2652,2652_17,"(2, 0, 1)",0.10843,0.08011,0.08581,0.00000,0.00000
2652,2652_18,"(1, 0, 0)",0.07907,0.08391,0.07466,0.01134,0.00000
2652,2652_19,"(1, 0, 0)",0.25000,0.08206,0.08008,0.00000,0.00000
2652,2652_2,"(2, 2, 1)",0.03314,0.07449,0.07350,0.00000,0.00000
2652,2652_20,"(1, 1, 2)",0.00000,0.07065,0.07169,0.00000,0.00000
2652,2652_21,"(1, 1, 2)",0.17093,0.07642,0.07750,0.00000,0.00000
2652,2652_22,"(1, 0, 2)",0.03954,0.08090,0.07709,0.00000,0.00000
2652,2652_23,"(1, 0, 2)",0.12500,0.07468,0.07399,0.00000,0.00000
2652,2652_24,"(0, 0, 1)",0.12500,0.08029,0.07782,0.00117,0.06963
2652,2652_3,"(2, 2, 1)",0.09564,0.08121,0.07568,0.00000,0.00000
2652,2652_4,"(1, 1, 0)",0.09186,0.09475,0.07914,0.00000,0.00000
2652,2652_5,"(1, 1, 0)",0.34186,0.06594,0.07307,0.00000,0.00000
2652,2652_6,"(2, 1, 2)",0.03954,0.07638,0.07820,0.00000,0.00000
2652,2652_7,"(2, 1, 2)",0.12500,0.07557,0.07631,0.00000,0.00000
2657,2657_0,"(1, 1, 1)",0.12500,0.03286,0.03292,0.00000,0.32324
2657,2657_1,"(2, 2, 1)",0.06250,0.03150,0.03481,0.00000,0.00000
2657,2657_10,"(1, 0, 1)",0.29167,0.03302,0.03489,0.00000,0.00000
2657,2657_11,"(2, 0, 1)",0.10417,0.04530,0.05183,0.00000,0.00000
2657,2657_12,"(2, 0, 1)",0.22917,0.03047,0.03598,0.00000,0.00000
2657,2657_13,"(1, 0, 0)",0.16667,0.05900,0.05808,0.00000,0.00000
2657,2657_14,"(1, 0, 0)",0.50000,0.02499,0.02683,0.00000,0.00000
2657,2657_15,"(2, -1, 2)",0.12500,0.02987,0.03929,0.14138,0.00000
2657,2657_16,"(1, 0, 2)",0.04167,0.02860,0.03388,0.46572,0.42349
2657,2657_17,"(1, 0, 2)",0.25000,0.02396,0.02808,0.00000,0.00000
2657,2657_18,"(0, 0, 1)",0.12500,0.04545,0.06899,0.00000,0.00000
2657,2657_2,"(1, 1, 0)",0.50000,0.02778,0.03329,0.39291,0.07589
2657,2657_3,"(2, 1, 2)",0.04167,0.03532,0.03793,0.00000,0.00000
2657,2657_4,"(2, 1, 2)",0.25000,0.03449,0.04138,0.00000,0.00000
2657,2657_6,"(2, 1, 1)",0.14583,0.03243,0.03417,0.00000,0.17738
2657,2657_7,"(2, 1, 0)",0.08333,0.04035,0.03761,0.00000,0.00000
2657,2657_8,"(2, 1, 0)",0.25000,0.02949,0.03143,0.00000,0.00000
2657,2657_9,"(1, 0, 1)",0.04167,0.03215,0.04557,0.00000,0.00000
3042,3042_0,"(1, 1, 1)",0.06677,0.08269,0.08285,0.00000,0.00000
3042,3042_1,"(1, 1, 1)",0.19177,0.07513,0.06860,0.00000,0.00000
3042,3042_11,"(2, 1, 2)",0.05823,0.08157,0.07571,0.00000,0.02630
3042,3042_15,"(2, 1, 0)",0.12500,0.08424,0.07702,0.00000,0.00554
3042,3042_16,"(2, 0, 1)",0.03339,0.07614,0.06789,0.00000,0.00000
3042,3042_17,"(2, 0, 1)",0.09589,0.08737,0.07444,0.00000,0.00000
3042,3042_18,"(1, 1, 2)",0.13355,0.08076,0.07676,0.01141,0.01424
3042,3042_19,"(1, 1, 2)",0.50000,0.07000,0.06209,0.00000,0.00000
3042,3042_2,"(1, 1, 0)",0.25000,0.07797,0.07652,0.09873,0.04772
3042,3042_21,"(1, 0, 2)",0.25000,0.06330,0.05964,0.88712,0.78431
3042,3042_3,"(1, 0, 1)",0.12500,0.07531,0.07073,0.00000,0.00000
3042,3042_4,"(1, 0, 1)",0.30823,0.11000,0.09264,0.00000,0.00000
3042,3042_5,"(1, 0, 1)",0.50000,0.07080,0.06434,0.00000,0.00000
3042,3042_6,"(1, 0, 0)",0.25000,0.07722,0.06537,0.00275,0.10678
3042,3042_8,"(0, 0, 1)",0.19177,0.12225,0.08748,0.00000,0.01510
2791,2791_0,"(1, 1, 1)",0.06250,0.15933,0.15981,0.00000,0.00000
2791,2791_1,"(1, 1, 1)",0.31250,0.21760,0.20453,0.00000,0.00000
2791,2791_2,"(2, 2, 1)",0.03125,0.17203,0.17242,0.00000,0.00000
2791,2791_3,"(2, 2, 1)",0.15625,0.17857,0.18001,0.00000,0.00000
2791,2791_4,"(1, 1, 0)",0.12500,0.17210,0.17263,0.15437,0.15769
2791,2791_5,"(2, 1, 1)",0.06250,0.16584,0.16996,0.56564,0.34284
2791,2791_6,"(2, 1, 0)",0.03125,0.17470,0.17321,0.14992,0.39134
2791,2791_7,"(1, 0, 0)",0.06250,0.17307,0.17631,0.13008,0.10813
2921,2921_0,"(1, 1, 1)",0.34509,0.03249,0.03938,0.00000,0.00000
2921,2921_1,"(1, 1, 1)",0.72740,0.03969,0.03957,0.00000,0.00000
2921,2921_10,"(0, 0, 1)",0.36769,0.09280,0.04812,0.00000,0.00000
2921,2921_11,"(2, 2, 1)",0.03624,0.02805,0.04094,0.00000,0.00000
2921,2921_12,"(2, 2, 1)",0.11769,0.04248,0.04148,0.00000,0.00000
2921,2921_13,"(2, 2, 1)",0.20645,0.03560,0.04192,0.00000,0.00000
2921,2921_14,"(2, 2, 1)",0.31615,0.03756,0.04494,0.00000,0.00000
2921,2921_15,"(2, 2, 1)",0.44115,0.03492,0.05238,0.00000,0.00000
2921,2921_16,"(2, 1, 2)",0.07214,0.03167,0.03888,1.00000,0.00000
2921,2921_17,"(2, 1, 2)",0.19714,0.02800,0.04751,0.00000,0.00000
2921,2921_18,"(2, 1, 2)",0.28824,0.02859,0.04497,0.00000,0.00000
2921,2921_2,"(1, 1, 1)",0.88231,0.06007,0.04458,0.00000,0.00000
2921,2921_24,"(2, 1, 0)",0.04555,0.03321,0.04429,0.00000,1.00000
2921,2921_25,"(2, 1, 0)",0.11370,0.04279,0.04179,0.00000,0.00000
2921,2921_26,"(2, 1, 0)",0.19315,0.03321,0.04101,0.00000,0.00000
2921,2921_27,"(2, 0, 1)",0.05485,0.03642,0.04667,0.00000,0.00000
2921,2921_28,"(2, 0, 1)",0.13231,0.03810,0.04687,0.00000,0.00000
2921,2921_29,"(2, 0, 1)",0.20246,0.03436,0.04912,0.00000,0.00000
2921,2921_3,"(1, 1, 0)",0.22740,0.03085,0.04972,0.00000,0.00000
2921,2921_30,"(1, 1, 2)",0.13630,0.04885,0.04384,0.00000,0.00000
2921,2921_31,"(1, 1, 2)",0.36370,0.02767,0.04697,0.00000,0.00000
2921,2921_32,"(1, 1, 2)",0.48538,0.04101,0.04384,0.00000,0.00000
2921,2921_33,"(1, 0, 2)",0.04954,0.04032,0.05197,0.00000,0.00000
2921,2921_34,"(1, 0, 2)",0.11370,0.04074,0.04624,0.00000,0.00000
2921,2921_35,"(1, 0, 2)",0.18916,0.03191,0.04632,0.00000,0.00000
2921,2921_4,"(1, 1, 0)",0.47740,0.05854,0.04719,0.00000,0.00000
2921,2921_5,"(1, 0, 1)",0.01861,0.04316,0.05239,0.00000,0.00000
2921,2921_6,"(1, 0, 1)",0.27260,0.02469,0.04654,0.00000,0.00000
2921,2921_7,"(1, 0, 0)",0.13630,0.04975,0.04398,0.00000,0.00000
2921,2921_8,"(1, 0, 0)",0.38630,0.03594,0.05215,0.00000,0.00000
2921,2921_9,"(0, 0, 1)",0.11769,0.03635,0.05129,0.00000,0.00000
2922,2922_0,"(1, 1, 1)",0.03363,0.02807,0.04594,0.00000,0.00000
2922,2922_1,"(1, 1, 1)",0.11702,0.04263,0.04231,0.00000,0.00000
2922,2922_10,"(1, 0, 1)",0.42107,0.05063,0.05164,0.00000,0.00000
2922,2922_11,"(1, 0, 0)",0.11256,0.03537,0.04571,0.00000,0.00000
2922,2922_12,"(1, 0, 0)",0.25000,0.06649,0.04760,0.00000,0.00000
2922,2922_13,"(0, 0, 1)",0.05851,0.03628,0.04438,0.00000,0.00000
2922,2922_14,"(0, 0, 1)",0.18351,0.09306,0.04725,0.00000,0.00000
2922,2922_16,"(2, 2, 1)",0.14988,0.03010,0.04711,0.00000,0.00000
2922,2922_17,"(2, 2, 1)",0.22512,0.03121,0.04608,0.00000,0.00000
2922,2922_3,"(1, 1, 1)",0.31649,0.03773,0.04627,0.00000,0.00000
2922,2922_33,"(1, 1, 2)",0.34214,0.03849,0.03833,0.00000,0.00000
2922,2922_34,"(1, 1, 2)",0.72512,0.04001,0.03779,0.00000,0.00000
2922,2922_35,"(1, 1, 2)",0.88298,0.04701,0.04866,0.00000,0.00000
2922,2922_36,"(1, 0, 2)",0.01596,0.03101,0.04633,1.00000,1.00000
2922,2922_37,"(1, 0, 2)",0.25000,0.02321,0.04410,0.00000,0.00000
2922,2922_4,"(1, 1, 1)",0.44149,0.03318,0.04909,0.00000,0.00000
2922,2922_5,"(1, 1, 0)",0.22512,0.03069,0.04223,0.00000,0.00000
2922,2922_6,"(1, 1, 0)",0.47512,0.04862,0.04665,0.00000,0.00000
2922,2922_7,"(1, 0, 1)",0.00000,0.02427,0.04064,0.00000,0.00000
2922,2922_8,"(1, 0, 1)",0.17905,0.03136,0.04098,0.00000,0.00000
2922,2922_9,"(1, 0, 1)",0.29607,0.03701,0.04219,0.00000,0.00000
2923,2923_0,"(1, 1, 1)",0.12500,0.04069,0.03347,0.00000,0.00000
2923,2923_1,"(1, 1, 1)",0.37500,0.03779,0.02901,0.00000,0.00000
2923,2923_2,"(1, 1, 1)",0.75000,0.02994,0.02815,0.00000,0.00000
2923,2923_3,"(1, 1, 0)",0.25000,0.02684,0.03110,0.41706,0.00000
2923,2923_4,"(1, 0, 0)",0.12500,0.03463,0.03910,0.00000,0.00000
2923,2923_5,"(2, 2, 1)",0.06250,0.03095,0.02899,0.00000,0.23171
2923,2923_6,"(2, 2, 1)",0.18750,0.02980,0.02832,0.00000,0.00000
2923,2923_7,"(2, 1, 1)",0.12500,0.02848,0.02892,0.31949,0.22031
2923,2923_8,"(2, 1, 0)",0.06250,0.02862,0.02852,0.26346,0.54798
2796,2796_0,"(1, 1, 1)",0.18750,0.10908,0.10984,0.00000,0.00000
2796,2796_1,"(1, 1, 1)",0.81250,0.12649,0.12584,0.00000,0.00000
2796,2796_2,"(2, 2, 1)",0.03125,0.11511,0.11857,0.01562,0.00000
2796,2796_3,"(2, 2, 1)",0.15625,0.11389,0.11648,0.00000,0.00000
2796,2796_4,"(1, 1, 0)",0.12500,0.11168,0.11687,0.29568,0.00000
2796,2796_5,"(2, 1, 1)",0.06250,0.11290,0.10827,0.39547,0.50272
2796,2796_6,"(2, 1, 0)",0.03125,0.11651,0.10983,0.16512,0.48902
2796,2796_7,"(1, 0, 0)",0.06250,0.11594,0.11918,0.12810,0.00826
2669,2669_0,"(1, 1, 1)",0.08457,0.03811,0.03807,0.53078,0.33201
2669,2669_19,"(1, 0, 1)",0.08607,0.04048,0.04069,0.00000,0.00000
2669,2669_20,"(1, 0, 1)",0.25123,0.04430,0.04261,0.00000,0.00000
2669,2669_21,"(1, 0, 1)",0.41517,0.04416,0.04269,0.00000,0.00000
2669,2669_23,"(1, 0, 0)",0.16393,0.04181,0.03768,0.00996,0.16694
2669,2669_27,"(1, 0, -1)",0.08210,0.04407,0.04168,0.00000,0.00000
2669,2669_29,"(1, 0, 2)",0.16640,0.04347,0.04103,0.18749,0.25466
2669,2669_30,"(1, 0, -2)",0.16966,0.04123,0.04194,0.00000,0.00000
2669,2669_31,"(1, 0, -2)",0.50573,0.04250,0.04187,0.00000,0.00000
2669,2669_32,"(0, 0, 1)",0.08183,0.03837,0.03381,0.27177,0.24639
2669,2669_4,"(1, 1, 0)",0.16393,0.05536,0.05372,0.00000,0.00000
2669,2669_5,"(1, 1, 0)",0.66393,0.03495,0.03825,0.00000,0.00000
2926,2926_0,"(1, 1, 1)",0.20714,0.03865,0.06868,0.00000,0.00000
2926,2926_11,"(1, 0, 1)",0.25000,0.04231,0.06781,0.00000,0.00000
2926,2926_12,"(1, 0, 0)",0.06408,0.03780,0.08018,0.00000,0.00000
2926,2926_13,"(1, 0, 0)",0.18454,0.06902,0.08784,0.00000,0.00000
2926,2926_14,"(1, 0, 0)",0.25000,0.06037,0.07184,0.00000,0.00000
2926,2926_15,"(1, 0, -1)",0.00769,0.05946,0.08697,0.00000,0.08497
2926,2926_16,"(1, 0, -1)",0.09299,0.07649,0.08149,0.00000,0.00000
2926,2926_17,"(1, 0, -1)",0.25000,0.03729,0.07190,0.00000,0.00000
2926,2926_18,"(0, 1, 1)",0.13399,0.05524,0.07074,0.00000,0.00000
2926,2926_19,"(0, 1, 1)",0.25000,0.05624,0.07214,0.00000,0.00000
2926,2926_2,"(1, 1, 1)",0.50000,0.06470,0.08540,0.00000,0.00000
2926,2926_20,"(0, 1, 0)",0.25000,0.04277,0.07678,1.00000,0.00000
2926,2926_21,"(0, 0, 1)",0.01514,0.08423,0.08137,0.00000,0.00000
2926,2926_22,"(0, 0, 1)",0.15237,0.02872,0.08464,0.00000,0.00000
2926,2926_23,"(0, 0, 1)",0.36601,0.06145,0.07446,0.00000,0.00000
2926,2926_24,"(0, 0, 1)",0.50000,0.06268,0.08505,0.00000,0.00000
2926,2926_3,"(1, 1, 0)",0.06408,0.05514,0.07938,0.00000,0.00000
2926,2926_33,"(2, 1, 0)",0.11277,0.05424,0.07161,0.00000,0.17735
2926,2926_37,"(2, 0, 1)",0.13006,0.05309,0.06712,0.00000,0.52123
2926,2926_38,"(2, 0, 1)",0.25000,0.03043,0.06360,0.00000,0.00000
2926,2926_4,"(1, 1, 0)",0.19362,0.05461,0.06922,0.00000,0.00000
2926,2926_41,"(1, 2, 1)",0.12500,0.04767,0.07223,0.00000,0.10139
2926,2926_44,"(1, 2, -1)",0.03677,0.05206,0.07207,0.00000,0.11506
2926,2926_48,"(1, 1, 2)",0.05882,0.05084,0.06836,0.00000,0.00000
2926,2926_5,"(1, 1, 0)",0.31344,0.05633,0.07443,0.00000,0.00000
2926,2926_50,"(1, 1, 2)",0.25000,0.04245,0.07446,0.00000,0.00000
2926,2926_6,"(1, 1, 0)",0.50000,0.04073,0.07085,0.00000,0.00000
2926,2926_7,"(1, 1, -1)",0.17240,0.05675,0.07514,0.00000,0.00000
2926,2926_8,"(1, 1, -1)",0.50000,0.03939,0.07402,0.00000,0.00000
2926,2926_9,"(1, 0, 1)",0.01677,0.05117,0.07952,0.00000,0.00000
2676,2676_0,"(1, 1, 1)",0.00000,0.11203,0.11313,0.00000,0.00000
2676,2676_1,"(1, 1, 1)",0.18513,0.12020,0.11928,0.00000,0.00000
2676,2676_10,"(1, 1, 0)",1.00000,0.12016,0.12467,0.00000,0.00000
2676,2676_11,"(2, 1, 2)",0.06179,0.12155,0.11887,0.00000,0.00000
2676,2676_12,"(2, 1, 2)",0.16775,0.12352,0.12264,0.00000,0.00000
2676,2676_13,"(2, 1, 2)",0.25000,0.11758,0.11834,0.00000,0.00000
2676,2676_14,"(2, 1, 1)",0.00000,0.13228,0.13381,0.00000,0.00000
2676,2676_15,"(2, 1, 1)",0.06884,0.13825,0.13963,0.00000,0.00000
2676,2676_16,"(2, 1, 1)",0.15743,0.12771,0.13276,0.00000,0.00000
2676,2676_17,"(2, 1, 1)",0.25000,0.12127,0.12703,0.00000,0.00000
2676,2676_18,"(2, 1, 0)",0.12500,0.12663,0.13071,0.00000,0.00000
2676,2676_19,"(2, 1, 0)",0.25000,0.13861,0.14037,0.00000,0.00000
2676,2676_2,"(1, 1, 1)",0.32282,0.13286,0.12870,0.00000,0.00000
2676,2676_20,"(1, 0, 1)",0.00000,0.11071,0.11356,0.00000,0.00000
2676,2676_21,"(1, 0, 1)",0.14084,0.12872,0.13094,0.00000,0.00000
2676,2676_22,"(1, 0, 1)",0.25000,0.11232,0.11568,0.00000,0.00000
2676,2676_23,"(2, 0, 1)",0.00000,0.11646,0.11953,0.00000,0.00000
2676,2676_24,"(2, 0, 1)",0.05458,0.12426,0.12680,0.00000,0.00000
2676,2676_25,"(2, 0, 1)",0.12500,0.11598,0.11984,0.00000,0.00000
2676,2676_26,"(1, 0, 0)",0.00000,0.11219,0.12008,0.96131,0.59609
2676,2676_27,"(1, 2, 2)",0.00000,0.13961,0.13117,0.00000,0.00000
2676,2676_28,"(1, 2, 2)",0.05231,0.13207,0.12343,0.00000,0.00000
2676,2676_29,"(1, 2, 2)",0.13456,0.12456,0.12333,0.00000,0.00000
2676,2676_3,"(1, 1, 1)",0.39725,0.14272,0.14139,0.00000,0.00000
2676,2676_30,"(1, 2, 2)",0.25000,0.12692,0.12618,0.00000,0.00000
2676,2676_31,"(1, 2, 1)",0.18902,0.14419,0.13250,0.00000,0.00000
2676,2676_32,"(1, 2, 1)",0.23732,0.15574,0.14349,0.00000,0.00000
2676,2676_33,"(1, 2, 1)",0.50000,0.12135,0.11979,0.00000,0.00000
2676,2676_34,"(1, 2, 0)",0.13768,0.12971,0.12820,0.03869,0.40391
2676,2676_35,"(1, 1, 2)",0.00000,0.15582,0.14906,0.00000,0.00000
2676,2676_36,"(1, 1, 2)",0.05616,0.13095,0.12494,0.00000,0.00000
2676,2676_37,"(1, 1, 2)",0.11795,0.12442,0.11639,0.00000,0.00000
2676,2676_38,"(1, 1, 2)",0.25000,0.10795,0.10771,0.00000,0.00000
2676,2676_39,"(1, 0, 2)",0.00000,0.09434,0.09707,0.00000,0.00000
2676,2676_4,"(1, 1, 1)",0.50000,0.13685,0.13524,0.00000,0.00000
2676,2676_40,"(1, 0, 2)",0.18359,0.15313,0.14011,0.00000,0.00000
2676,2676_41,"(1, 0, 2)",0.25000,0.15140,0.15032,0.00000,0.00000
2676,2676_42,"(0, 1, 1)",0.00000,0.14000,0.13583,0.00000,0.00000
2676,2676_43,"(0, 1, 1)",0.18513,0.13483,0.13326,0.00000,0.00000
2676,2676_44,"(0, 1, 1)",0.36232,0.14132,0.12825,0.00000,0.00000
2676,2676_45,"(0, 1, 1)",0.50000,0.13964,0.13350,0.00000,0.00000
2676,2676_46,"(0, 2, 1)",0.00000,0.12185,0.11590,0.00000,0.00000
2676,2676_47,"(0, 2, 1)",0.14637,0.13080,0.12528,0.00000,0.00000
2676,2676_48,"(0, 2, 1)",0.18598,0.14908,0.13964,0.00000,0.00000
2676,2676_49,"(0, 2, 1)",0.25000,0.17860,0.16325,0.00000,0.00000
2676,2676_5,"(2, 2, 1)",0.00000,0.13536,0.13205,0.00000,0.00000
2676,2676_50,"(0, 1, 0)",0.00000,0.11335,0.11884,0.00000,0.00000
2676,2676_51,"(0, 1, 0)",0.25000,0.14096,0.13955,0.00000,0.00000
2676,2676_52,"(0, 1, 2)",0.00000,0.13824,0.13714,0.00000,0.00000
2676,2676_53,"(0, 1, 2)",0.08225,0.14151,0.14044,0.00000,0.00000
2676,2676_54,"(0, 1, 2)",0.18821,0.15381,0.14648,0.00000,0.00000
2676,2676_55,"(0, 1, 2)",0.25000,0.14369,0.14109,0.00000,0.00000
2676,2676_56,"(0, 0, 1)",0.00000,0.15521,0.14292,0.00000,0.00000
2676,2676_57,"(0, 0, 1)",0.10916,0.15553,0.14553,0.00000,0.00000
2676,2676_58,"(0, 0, 1)",0.25000,0.14521,0.13994,0.00000,0.00000
2676,2676_6,"(2, 2, 1)",0.07670,0.13092,0.12748,0.00000,0.00000
2676,2676_7,"(2, 2, 1)",0.25000,0.13258,0.13105,0.00000,0.00000
2676,2676_8,"(1, 1, 0)",0.24360,0.14687,0.14025,0.00000,0.00000
2676,2676_9,"(1, 1, 0)",0.50000,0.13146,0.12578,0.00000,0.00000
2805,2805_0,"(1, 1, 1)",0.18750,0.02096,0.02103,0.00000,0.00000
2805,2805_1,"(1, 1, 1)",0.43750,0.02673,0.02110,0.00000,0.00000
2805,2805_10,"(2, 1, 1)",0.21875,0.02524,0.02079,0.00000,0.00000
2805,2805_11,"(2, 1, 1)",0.31231,0.01918,0.01938,0.00000,0.00000
2805,2805_13,"(2, 1, 0)",0.25000,0.02003,0.02130,0.00000,0.00000
2805,2805_14,"(2, 1, 0)",0.50000,0.01144,0.01906,0.00000,0.00000
2805,2805_15,"(1, 0, 1)",0.25039,0.01984,0.01948,0.00000,0.00000
2805,2805_16,"(1, 0, 1)",0.43750,0.04922,0.01951,0.00000,0.00000
2805,2805_17,"(1, 0, 1)",0.62461,0.02700,0.02109,0.00000,0.00000
2805,2805_18,"(1, 0, 1)",0.93750,0.04301,0.02364,0.00000,0.00000
2805,2805_19,"(2, 0, 1)",0.06231,0.03682,0.02727,0.00000,0.00000
2805,2805_2,"(2, 2, 1)",0.09375,0.01620,0.02019,0.00000,0.00000
2805,2805_20,"(2, 0, 1)",0.21875,0.02868,0.02403,0.00000,0.00000
2805,2805_21,"(2, 0, 1)",0.37519,0.03595,0.02135,0.00000,0.00000
2805,2805_22,"(2, 0, 1)",0.46875,0.03290,0.02764,0.00000,0.00000
2805,2805_23,"(1, 0, 0)",0.00000,0.01125,0.01814,0.00000,0.00000
2805,2805_24,"(1, 0, 0)",0.50000,0.03529,0.02418,0.00000,0.00000
2805,2805_25,"(2, -1, 2)",0.06250,0.04187,0.02239,0.00000,0.00000
2805,2805_26,"(2, -1, 2)",0.31250,0.02820,0.02333,0.00000,0.00000
2805,2805_27,"(1, 0, 2)",0.10417,0.03120,0.02308,0.00000,0.00000
2805,2805_28,"(1, 0, 2)",0.18750,0.04836,0.02613,0.00000,0.00000
2805,2805_29,"(1, 0, 2)",0.27083,0.03036,0.02535,0.00000,0.00000
2805,2805_30,"(1, 0, 2)",0.43750,0.03181,0.02456,0.00000,0.00000
2805,2805_32,"(0, 0, 1)",0.43750,0.08677,0.07365,0.00000,0.00000
2805,2805_4,"(1, 1, 0)",0.50000,0.01060,0.01793,1.00000,1.00000
2805,2805_5,"(2, 1, 2)",0.10417,0.02261,0.02244,0.00000,0.00000
2805,2805_6,"(2, 1, 2)",0.18750,0.02609,0.02316,0.00000,0.00000
2805,2805_7,"(2, 1, 2)",0.27083,0.02413,0.02360,0.00000,0.00000
2805,2805_8,"(2, 1, 2)",0.43750,0.02582,0.02265,0.00000,0.00000
2805,2805_9,"(2, 1, 1)",0.12519,0.01916,0.02070,0.00000,0.00000
2934,2934_1,"(1, 1, 0)",0.25000,0.03308,0.04129,0.00000,0.00000
2934,2934_2,"(1, 0, 0)",0.25000,0.00979,0.02830,1.00000,0.50462
2934,2934_4,"(2, 1, 1)",0.12500,0.02766,0.03738,0.00000,0.08859
2934,2934_5,"(2, 1, 0)",0.12500,0.01411,0.03336,0.00000,0.40679
3067,3067_0,"(1, 1, 1)",0.09079,0.02113,0.02670,0.00000,0.00000
3067,3067_1,"(1, 1, 1)",0.21579,0.02771,0.03188,0.00000,0.00000
3067,3067_18,"(2, 1, 0)",0.12500,0.02779,0.03265,0.00000,0.10767
3067,3067_2,"(1, 1, 0)",0.09079,0.02352,0.04351,0.00000,0.00000
3067,3067_20,"(2, 0, 1)",0.25000,0.01141,0.02660,1.00000,0.76303
3067,3067_3,"(1, 1, 0)",0.34079,0.04942,0.03861,0.00000,0.00000
3067,3067_4,"(1, 0, 1)",0.00000,0.01703,0.03345,0.00000,0.00000
3067,3067_5,"(1, 0, 1)",0.20461,0.03503,0.03099,0.00000,0.00000
3067,3067_6,"(1, 0, 0)",0.07961,0.05675,0.03585,0.00000,0.00000
3067,3067_7,"(1, 0, 0)",0.25000,0.00782,0.03571,0.00000,0.00000
3067,3067_8,"(0, 0, 1)",0.12500,0.05156,0.02843,0.00000,0.12931
2942,2942_0,"(1, 1, 1)",0.12500,0.09167,0.09227,0.00000,0.00000
2942,2942_1,"(1, 1, 1)",0.37500,0.09814,0.09799,0.00000,0.00000
2942,2942_2,"(1, 1, 0)",0.25000,0.07551,0.06390,0.98478,1.00000
2942,2942_3,"(1, 0, 0)",0.12500,0.10277,0.09510,0.00017,0.00000
2942,2942_4,"(2, 2, 1)",0.06250,0.08837,0.08318,0.00085,0.00000
2942,2942_6,"(2, 1, 0)",0.06250,0.09229,0.08730,0.01420,0.00000
